"Source","Waypoint ID","Waypoint Date","Waypoint Time","X","Y","Comment","Last Modified","Last Modified By","Observation Category 0","Observation Category 1","Alamat","Asal","Azimuth (derajat)","Isi media informasi","Jarak ke satwa (m)","Jenis kegiatan","Jenis Kegiatan Wisata","Jenis kelamin","Jenis kelamin satwa","Jenis satwa","Jenis tumbuhan","Jumlah","Jumlah partisipan","Keaktifan","Keterangan","Klasifikasi 01","Klasifikasi 02","Klasifikasi 1","Klasifikasi 2","Klasifikasi 3","Klasifikasi 4","Kode Tanda Ternak","Kondisi","Kondisi satwa","Kondisi tumbuhan","Lokasi","Modus penggunaan kawasan","Nama kelompok","Nama Masyarakat","Nama pelaku indikatif","No. pal","Pelanggaran","Penyebab Kebakaran","Perlu tindak lanjut","Satuan","Status","Tanda aktifitas","Tindakan","Tipe temuan","Umur satwa","Usia temuan","Vegetasi Terdampak","Observation Group"
"Patrol","17","Jul 23, 2026","5:17:01 PM","118.11888624","-8.3240036","","Aug 7, 2026, 10:07:55 AM","Faldeo Adrean Falsa","Ground Check","Tipe Ekosistem","","","","","","","","","","","","","","","","","","Alami","Ekosistem Teresterial","Daratan Rendah (0-1000mdpl)","Padang Rumput","","","","","","","","","","","","","","","","","","","","","","a24a7577a40846f9841a04b84bd906a6"
"Patrol","17","Jul 23, 2026","5:17:01 PM","118.11888624","-8.3240036","","Aug 7, 2026, 10:07:55 AM","Faldeo Adrean Falsa","Ground Check","Tutupan Lahan","","","","","","","","","","","","","","","","Non Open Area","Savana/ Padang Rumput","","","","","","","","","","","","","","","","","","","","","","","","","","a24a7577a40846f9841a04b84bd906a6"
"Patrol","16","Jul 23, 2026","5:14:17 PM","118.11899485","-8.32400648","","Aug 7, 2026, 10:07:55 AM","Faldeo Adrean Falsa","Tumbuhan","","","","","","","","","","","","Mpori ngame - Alang-alang - Imperata cylindrica","","","","","","","","","","","","","","Sehat","","","","","","","","","","","","","","Tumbuhan Bawah","","","","7886d4c68c49401b9cd6107668e2de9a"
"Patrol","15","Jul 23, 2026","5:13:41 PM","118.11899324","-8.32403009","","Aug 7, 2026, 10:07:55 AM","Faldeo Adrean Falsa","Tumbuhan","","","","","","","","","","","","Ndaru - Weru - Albizia procera","","","","","","","","","","","","","","","","","","","","","","","","","","","","Tumbuhan kayu keras","","","","e2df92847f4c47a2b4ba4c5c9ee9e2df"
"Patrol","14","Jul 23, 2026","5:13:07 PM","118.11895018","-8.32398521","","Aug 7, 2026, 10:07:55 AM","Faldeo Adrean Falsa","Tumbuhan","","","","","","","","","","","","Toa - Ketimunan - Timonius timon","","","","","","","","","","","","","","Sehat","","","","","","","","","","","","","","Tumbuhan kayu keras","","","","144d66562f45496888a80300a194184c"
"Patrol","13","Jul 23, 2026","5:11:57 PM","118.11869137","-8.32383309","","Aug 7, 2026, 10:07:55 AM","Faldeo Adrean Falsa","Tumbuhan","","","","","","","","","","","","Sarume maju - Malaka - Phyllanthus emblica","","","","","","","","","","","","","","Sehat","","","","","","","","","","","","","","Tumbuhan kayu keras","","","","fef7ee8f37ab4fb09a24f800757a7fef"
"Patrol","12","Jul 23, 2026","5:11:18 PM","118.11863836","-8.32379496","","Aug 7, 2026, 10:07:55 AM","Faldeo Adrean Falsa","Tumbuhan","","","","","","","","","","","","Ndaru - Weru - Albizia procera","","","","","","","","","","","","","","Sehat","","","","","","","","","","","","","","Tumbuhan kayu keras","","","","3e751d68511b4c09ba8fe16e6c2c0a54"
"Patrol","11","Jul 23, 2026","5:10:40 PM","118.11861288","-8.32381402","","Aug 7, 2026, 10:07:55 AM","Faldeo Adrean Falsa","Tumbuhan","","","","","","","","","","","","Ndaru - Weru - Albizia procera","","","","","","","","","","","","","","Sehat","","","","","","","","","","","","","","Tumbuhan kayu keras","","","","9f8daff8d9f94eac8141553c15275bd2"
"Patrol","10","Jul 23, 2026","5:10:08 PM","118.11861496","-8.32382353","","Aug 7, 2026, 10:07:55 AM","Faldeo Adrean Falsa","Tumbuhan","","","","","","","","","","","","Safiri - Kapasan/Kemesoe - Mallotus philippensis","","","","","","","","","","","","","","Sehat","","","","","","","","","","","","","","Tumbuhan kayu keras","","","","4cd5a93274334dcf8e811ebbf0145234"
"Patrol","9","Jul 23, 2026","5:09:31 PM","118.11863087","-8.3238419","","Aug 7, 2026, 10:07:55 AM","Faldeo Adrean Falsa","Tumbuhan","","","","","","","","","","","","Belum Ada di List","","","","Handa","","","","","","","","","","Sehat","","","","","","","","","","","","","","Tumbuhan fungsi lainnya","","","","2e9042c411af440992b403623da9e561"
"Patrol","8","Jul 23, 2026","5:08:51 PM","118.11862825","-8.32383649","","Aug 7, 2026, 10:07:55 AM","Faldeo Adrean Falsa","Tumbuhan","","","","","","","","","","","","Due - Beringin - Ficus benjamina","","","","","","","","","","","","","","Sehat","","","","","","","","","","","","","","Tumbuhan kayu keras","","","","5d4cbcf7c564411aad1d3e00cb1ce52e"
"Patrol","7","Jul 23, 2026","5:08:18 PM","118.11864484","-8.32386684","","Aug 7, 2026, 10:07:55 AM","Faldeo Adrean Falsa","Tumbuhan","","","","","","","","","","","","Teride - Tembelekan - Lantana camara","","","","","","","","","","","","","","Sehat","","","","","","","","","","","","","","Tumbuhan Bawah","","","","c47974061bfe4e8caffb6c0924e07f05"
"Patrol","6","Jul 23, 2026","5:07:33 PM","118.11870336","-8.32386547","","Aug 7, 2026, 10:07:55 AM","Faldeo Adrean Falsa","Tumbuhan","","","","","","","","","","","","Golkar - Kerinyuh - Chromolaena odorata","","","","","","","","","","","","","","Sehat","","","","","","","","","","","","","","Tumbuhan Bawah","","","","2d3855f34c444bfe9ebee05256eac563"
"Patrol","5","Jul 23, 2026","5:06:47 PM","118.11880827","-8.32394561","","Aug 7, 2026, 10:07:55 AM","Faldeo Adrean Falsa","Tumbuhan","","","","","","","","","","","","Belum Ada di List","","","","rumput tamboa","","","","","","","","","","Sehat","","","","","","","","","","","","","","Tumbuhan Bawah","","","","35b2e47bd6c8433f8ed4ab820cc915cf"
"Patrol","4","Jul 23, 2026","5:05:57 PM","118.11879161","-8.32397311","","Aug 7, 2026, 10:07:55 AM","Faldeo Adrean Falsa","Tumbuhan","","","","","","","","","","","","Sarume maju - Malaka - Phyllanthus emblica","","","","","","","","","","","","","","Sehat","","","","","","","","","","","","","","Tumbuhan kayu keras","","","","944904698f634736a4cf9aa2f05bc70b"
"Patrol","3","Jul 23, 2026","5:05:11 PM","118.11878869","-8.32400579","","Aug 7, 2026, 10:07:54 AM","Faldeo Adrean Falsa","Tumbuhan","","","","","","","","","","","","Toa - Ketimunan - Timonius timon","","","","","","","","","","","","","","","","","","","","","","","","","","","","Tumbuhan kayu keras","","","","9b342d685ee14f7482b980c60b6457ae"
"Patrol","2","Jul 23, 2026","5:04:26 PM","118.11878915","-8.32402126","","Aug 7, 2026, 10:07:54 AM","Faldeo Adrean Falsa","Tumbuhan","","","","","","","","","","","","Mpori ngame - Alang-alang - Imperata cylindrica","","","","dominan","","","","","","","","","","Sehat","","","","","","","","","","","","","","Tumbuhan Bawah","","","","5ca298cba5294122b436628c7f76f7c0"
"Patrol","54","Jun 11, 2026","12:38:37 PM","118.15115876","-8.29257057","","Jun 28, 2026, 12:45:24 AM","Faldeo Adrean Falsa","Ground Check","Tutupan Lahan","","","","","","","","","","","","","","","","Non Open Area","Semak","","","","","","","","","","","","","","","","","","","","","","","","","","b6f1e098ec7643659eec000e5768d5c2"
"Patrol","53","Jun 11, 2026","12:36:55 PM","118.15173649","-8.29257624","","Jun 28, 2026, 12:45:24 AM","Faldeo Adrean Falsa","Ground Check","Tipe Ekosistem","","","","","","","","","","","","","","","","","","Alami","Ekosistem Teresterial","Daratan Rendah (0-1000mdpl)","Pamah","","","","","","","","","","","","","","","","","","","","","","51b18752499f44a8b90dda648561a154"
"Patrol","52","Jun 11, 2026","12:35:35 PM","118.15199246","-8.29269115","","Jun 28, 2026, 12:45:24 AM","Faldeo Adrean Falsa","Tumbuhan","","","","","","","","","","","","Jati doro - Simpur - Dillenia pentagyna","","","","","","","","","","","","","","Sehat","","","","","","","","","","","","","","Tumbuhan kayu keras","","","","7a81e00f11464ceea55e48d87d2738b3"
"Patrol","51","Jun 11, 2026","12:32:00 PM","118.15250934","-8.29300894","","Jun 28, 2026, 12:45:24 AM","Faldeo Adrean Falsa","Satwa Liar","Perjumpaan Satwa","","","","","16.0","","","","Tidak tahu","Tiong-lampu biasa - Eurystomus orientalis","","1.0","","","","","","","","","","","","Sehat","","","","","","","","","","","ekor","Active","","","","Tidak tahu","","","adbc3cf82b3241f896b6df70d678cd5b"
"Patrol","50","Jun 11, 2026","12:29:23 PM","118.15249097","-8.29301009","","Jun 28, 2026, 12:45:24 AM","Faldeo Adrean Falsa","Satwa Liar","Perjumpaan Satwa","","","","","25.0","","","","Tidak tahu","Kirik-kirik australia - Merops ornatus","","3.0","","","","","","","","","","","","Sehat","","","","","","","","","","","ekor","Active","","","","Tidak tahu","","","2ebae0c07ce34f6c97f5a9a9f63175d8"
"Patrol","49","Jun 11, 2026","12:28:13 PM","118.15249028","-8.29300987","","Jun 28, 2026, 12:45:24 AM","Faldeo Adrean Falsa","Satwa Liar","Perjumpaan Satwa","","","","","10.0","","","","Tidak tahu","Cekakak Tunggir Putih - Caridonax fulgidus","","1.0","","","","","","","","","","","","Sehat","","","","","","","","","","","ekor","Active","","","","Tidak tahu","","","f99c52544354447a8c5d3fd92189656c"
"Patrol","48","Jun 11, 2026","12:26:05 PM","118.15248796","-8.293013","","Jun 28, 2026, 12:45:24 AM","Faldeo Adrean Falsa","Satwa Liar","Perjumpaan Satwa","","","","","15.0","","","","Tidak tahu","Srigunting wallacea - Dicrurus densus","","1.0","","","","","","","","","","","","Sehat","","","","","","","","","","","ekor","Active","","","","Tidak tahu","","","f04acb6823d14c1489f09b3582c42b1b"
"Patrol","47","Jun 11, 2026","12:24:17 PM","118.15267018","-8.29298893","","Jun 28, 2026, 12:45:24 AM","Faldeo Adrean Falsa","Satwa Liar","Perjumpaan Satwa","","","","","20.0","","","","Tidak tahu","Ayam Hutan Hijau - Gallus varius","","1.0","","","","","","","","","","","","Sehat","","","","","","","","","","","ekor","Active","","","","Tidak tahu","","","a0bd62c540d24a49ac85c9e7beab34d3"
"Patrol","46","Jun 11, 2026","12:23:25 PM","118.15276885","-8.29296032","","Jun 28, 2026, 12:45:23 AM","Faldeo Adrean Falsa","Satwa Liar","Perjumpaan Satwa","","","","","30.0","","","","Tidak tahu","Babi Hutan - Sus scrofa","","3.0","","","","","","","","","","","","Sehat","","","","","","","","","","","ekor","Active","","","","Tidak tahu","","","2fde8bd70b784c44bfca601376c225d1"
"Patrol","45","Jun 11, 2026","12:21:35 PM","118.15251871","-8.29298956","","Jun 28, 2026, 12:45:23 AM","Faldeo Adrean Falsa","Tumbuhan","","","","","","","","","","","","Toa - Ketimunan - Timonius timon","","","","","","","","","","","","","","Sehat","","","","","","","","","","","","","","Tumbuhan kayu keras","","","","42c3832f30794650b912061dd8d3168f"
"Patrol","44","Jun 11, 2026","12:19:52 PM","118.15262528","-8.29277354","","Jun 28, 2026, 12:45:23 AM","Faldeo Adrean Falsa","Tumbuhan","","","","","","","","","","","","Rufe -  - Piliostigma malabaricum","","","","","","","","","","","","","","Sehat","","","","","","","","","","","","","","Tumbuhan kayu keras","","","","2918cdaec9af40a58b321c01d54a6d00"
"Patrol","43","Jun 11, 2026","12:19:08 PM","118.15275845","-8.29273702","","Jun 28, 2026, 12:45:23 AM","Faldeo Adrean Falsa","Tumbuhan","","","","","","","","","","","","Golkar - Kerinyuh - Chromolaena odorata","","","","","","","","","","","","","","Sehat","","","","","","","","","","","","","","Tumbuhan fungsi lainnya","","","","6acffd27a96e474fbcc6a5961a419c56"
"Patrol","42","Jun 11, 2026","12:13:30 PM","118.15280508","-8.29253928","","Jun 28, 2026, 12:45:23 AM","Faldeo Adrean Falsa","Tumbuhan","","","","","","","","","","","","Sarume maju - Malaka - Phyllanthus emblica","","","","","","","","","","","","","","Sehat","","","","","","","","","","","","","","Tumbuhan kayu keras","","","","fe3a1f396c4f4262a18fb420eeb08998"
"Patrol","41","Jun 11, 2026","12:12:18 PM","118.1528042","-8.29253819","","Jun 28, 2026, 12:45:23 AM","Faldeo Adrean Falsa","Fitur","Media Informasi","","","","","","","","","","","","","","","","","","","","","","","Baik","","","","","","","","","","","Tidak","","","","","Papan Larangan","","","","1b86d74a40f040d6bddc7a5403563565"
"Patrol","38","Jun 10, 2026","2:51:22 PM","118.16489789","-8.29262823","","Jun 28, 2026, 12:45:23 AM","Faldeo Adrean Falsa","Aktivitas Manusia","Pengembalaan Ternak","","Belum diketahui ","","","","","","Tidak tahu","","","","","","","","","","","","","","","","","","Wadu udu","","","","","","","","","","","","","","","","","cf5bb166761c49bfaf1e576fec320d3b"
"Patrol","37","Jun 10, 2026","2:30:15 PM","118.17420387","-8.28624813","","Jun 28, 2026, 12:45:23 AM","Faldeo Adrean Falsa","Fitur","Pal Batas","","","","","","","","","","","","","","","","","","","","","","","Baik","","","","","","","","308","","","Tidak","","","","","Beton","","","","232c6deb63e04f4fb9f1f0347d77854a"
"Patrol","36","Jun 10, 2026","1:24:32 PM","118.13822941","-8.22545334","","Jun 28, 2026, 12:45:23 AM","Faldeo Adrean Falsa","Satwa Liar","Perjumpaan Satwa","","","","","20.0","","","","Tidak tahu","Kirik-kirik laut - Merops philippinus","","1.0","","","","","","","","","","","","Sehat","","","","","","","","","","","ekor","Active","","","","Tidak tahu","","","84f0b84f726242c78f74034dd9fb6c1a"
"Patrol","35","Jun 10, 2026","1:11:55 PM","118.14245325","-8.22320476","","Jun 28, 2026, 12:45:23 AM","Faldeo Adrean Falsa","Satwa Liar","Perjumpaan Satwa","","","","","23.0","","","","Tidak tahu","Kirik-kirik australia - Merops ornatus","","1.0","","","","","","","","","","","","Hidup","","","","","","","","","","","ekor","Active","","","","Tidak tahu","","","e2957d0ecb3f48339a34655c98935714"
"Patrol","34","Jun 10, 2026","1:10:23 PM","118.14236523","-8.2231678","","Jun 28, 2026, 12:45:23 AM","Faldeo Adrean Falsa","Aktivitas Manusia","Pembalakan","","","","","","","","","","","Sareo - Terisi - Albizia lebbekoides","1.0","","Tidak Aktif","","","","","","","","","","","","","","","","","","Ya","","Ya","batang","","","Didokumentasi","Kayu bakar","","Cukup baru (1 - 2 minggu)","","94e90b7d29964e49b257c81de444e47a"
"Patrol","33","Jun 10, 2026","12:28:30 PM","118.14414958","-8.22164135","","Jun 28, 2026, 12:45:23 AM","Faldeo Adrean Falsa","Satwa Liar","Perjumpaan Satwa","","","","","10.0","","","","Tidak tahu","Kekep babi - Artamus leucoryn","","1.0","","","","","","","","","","","","Sehat","","","","","","","","","","","ekor","Active","","","","Tidak tahu","","","3a81bcbfd9b544d2a518e78bb4c04c90"
"Patrol","32","Jun 10, 2026","12:25:27 PM","118.14467022","-8.22098673","","Jun 28, 2026, 12:45:22 AM","Faldeo Adrean Falsa","Fitur","Media Informasi","","","","","","","","","","","","","","","","","","","","","","","Rusak","","","","","","","","","","","Ya","","","","","Papan informasi","","","","75d7b32d2d11430d9bce672659e0d14f"
"Patrol","31","Jun 10, 2026","12:22:49 PM","118.14432793","-8.22145799","","Jun 28, 2026, 12:45:22 AM","Faldeo Adrean Falsa","Fitur","Pal Batas","","","","","","","","","","","","","","","","","","","","","","","Baik","","","","","","","","203","","","Tidak","","","","","Beton","","","","9a5cbea1bb9c4cce89d196c2fe0fa4d0"
"Patrol","30","Jun 10, 2026","12:18:24 PM","118.14356335","-8.22231413","","Jun 28, 2026, 12:45:22 AM","Faldeo Adrean Falsa","Fitur","Pal Batas","","","","","","","","","","","","","","","","","","","","","","","Baik","","","","","","","","204","","","Tidak","","","","","Beton","","","","294d58b9fc8c440a9c3a8af299203703"
"Patrol","29","Jun 10, 2026","12:11:12 PM","118.14192086","-8.22187592","","Jun 28, 2026, 12:45:22 AM","Faldeo Adrean Falsa","Satwa Liar","Perjumpaan Satwa","","","","","50.0","","","","Tidak tahu","Tekukur biasa - Spilopelia chinensis","","1.0","","","","","","","","","","","","Sehat","","","","","","","","","","","ekor","Active","","","","Tidak tahu","","","eec5b08590fa474093554263809988b2"
"Patrol","28","Jun 10, 2026","12:07:27 PM","118.14199373","-8.22162924","","Jun 28, 2026, 12:45:22 AM","Faldeo Adrean Falsa","Satwa Liar","Perjumpaan Satwa","","","","","15.0","","","","Tidak tahu","Nuri Pipi Merah - Geoffroyus geoffroyi","","6.0","","","","","","","","","","","","Sehat","","","","","","","","","","","ekor","Dilindungi","","","","Tidak tahu","","","cdb318e988dd415397a54b4caa1a287d"
"Patrol","27","Jun 10, 2026","12:06:06 PM","118.14186258","-8.22184831","","Jun 28, 2026, 12:45:22 AM","Faldeo Adrean Falsa","Ground Check","Tutupan Lahan","","","","","","","","","","","","","","","","Non Open Area","Savana/ Padang Rumput","","","","","","","","","","","","","","","","","","","","","","","","","","17ff3537804740bcba443a9dd6e658ac"
"Patrol","26","Jun 10, 2026","12:04:47 PM","118.1421176","-8.22215","","Jun 28, 2026, 12:45:22 AM","Faldeo Adrean Falsa","Ground Check","Tipe Ekosistem","","","","","","","","","","","","","","","","","","Alami","Ekosistem Teresterial","Daratan Rendah (0-1000mdpl)","Savana","","","","","","","","","","","","","","","","","","","","","","aa92ab26579949dea1d8afbb4acb951d"
"Patrol","25","Jun 10, 2026","12:03:26 PM","118.14231046","-8.22237284","","Jun 28, 2026, 12:45:22 AM","Faldeo Adrean Falsa","Tumbuhan","","","","","","","","","","","","Sarume maju - Malaka - Phyllanthus emblica","","","","","","","","","","","","","","Sehat","","","","","","","","","","","","","","Tumbuhan kayu keras","","","","10151d28a6f046ad959b6ce9de147381"
"Patrol","24","Jun 10, 2026","12:01:15 PM","118.14246935","-8.22316129","","Jun 28, 2026, 12:45:22 AM","Faldeo Adrean Falsa","Tumbuhan","","","","","","","","","","","","Sarume maju - Malaka - Phyllanthus emblica","","","","","","","","","","","","","","Sehat","","","","","","","","","","","","","","Tumbuhan kayu keras","","","","430a7f2488544de1aae6f1c91c003e26"
"Patrol","23","Jun 10, 2026","11:59:55 AM","118.14254091","-8.22335873","","Jun 28, 2026, 12:45:22 AM","Faldeo Adrean Falsa","Fitur","Media Informasi","","","","","","","","","","","","","","","","","","","","","","","Baik","","","","","","","","","","","Tidak","","","","","Papan informasi","","","","f6281136b2524ccba0e7440cc6b0f31e"
"Patrol","22","Jun 10, 2026","11:58:39 AM","118.14264141","-8.22341606","","Jun 28, 2026, 12:45:22 AM","Faldeo Adrean Falsa","Tumbuhan","","","","","","","","","","","","Toa - Ketimunan - Timonius timon","","","","","","","","","","","","","","Sehat","","","","","","","","","","","","","","Tumbuhan kayu keras","","","","1d04920bc2e44487a0836b16af3b4c96"
"Patrol","19","Jun 9, 2026","1:02:54 PM","118.1270443","-8.25373106","","Jun 28, 2026, 12:45:22 AM","Faldeo Adrean Falsa","Aktivitas Manusia","Kebakaran Hutan dan Lahan","","","","","","","","","","","","8.5","","","","","","","","","","","","","","","","","","","","Ya","Tidak Tahu","Tidak","hektar","","","Dilaporkan","Bekas kebakaran","","","Toa, Kesambi, Rufe dan Ilalang","218ea655ec1642aba1225ac8ce9ecc15"
"Patrol","18","Jun 9, 2026","12:04:36 PM","118.1288458","-8.25417058","","Jun 28, 2026, 12:45:22 AM","Faldeo Adrean Falsa","Satwa Liar","Perjumpaan Satwa","","","","","50.0","","","","Tidak tahu","Kirik-kirik australia - Merops ornatus","","3.0","","","","","","","","","","","","Sehat","","","","","","","","","","","ekor","Active","","","","Tidak tahu","","","5d768a0d9a4a44cba29b497dd81bc49f"
"Patrol","17","Jun 9, 2026","12:03:17 PM","118.12877214","-8.25430049","","Jun 28, 2026, 12:45:22 AM","Faldeo Adrean Falsa","Satwa Liar","Perjumpaan Satwa","","","","","10.0","","","","Tidak tahu","Cikukua tanduk - Philemon buceroides","","1.0","","","","","","","","","","","","Sehat","","","","","","","","","","","ekor","Active","","","","Tidak tahu","","","7d823d0402994d8bb176a04bffada463"
"Patrol","16","Jun 9, 2026","12:01:22 PM","118.12889619","-8.25429099","","Jun 28, 2026, 12:45:22 AM","Faldeo Adrean Falsa","Satwa Liar","Perjumpaan Satwa","","","","","20.0","","","","Tidak tahu","Walet tenggara - Collocalia sumbawae","","6.0","","","","","","","","","","","","Sehat","","","","","","","","","","","ekor","Active","","","","Tidak tahu","","","2844e0449ae84b33bdc69a301feab690"
"Patrol","15","Jun 9, 2026","11:59:21 AM","118.12904325","-8.25447243","","Jun 28, 2026, 12:45:22 AM","Faldeo Adrean Falsa","Tumbuhan","","","","","","","","","","","","Sarume maju - Malaka - Phyllanthus emblica","","","","","","","","","","","","","","Sehat","","","","","","","","","","","","","","Tumbuhan kayu keras","","","","79ae0297b5784134b2afaa2262f20c8d"
"Patrol","14","Jun 9, 2026","11:56:27 AM","118.12944515","-8.25491514","","Jun 28, 2026, 12:45:22 AM","Faldeo Adrean Falsa","Tumbuhan","","","","","","","","","","","","Belum Ada di List","","","","Ficus sp. (Beringin bukan Benjamina)","","","","","","","","","","Sehat","","","","","","","","","","","","","","Tumbuhan kayu keras","","","","c556b9604a2240159de885471b0f2ced"
"Patrol","13","Jun 9, 2026","11:55:06 AM","118.12965657","-8.25487611","","Jun 28, 2026, 12:45:22 AM","Faldeo Adrean Falsa","Fitur","Fitur Alami","","","","","","","","","","","","","","","","","","","","","","","","","","","","","","","","","","Tidak","","","","","Alur","","","","284c4c6d03414562b5968b04b0149239"
"Patrol","12","Jun 9, 2026","11:52:16 AM","118.13034347","-8.25529738","","Jun 28, 2026, 12:45:22 AM","Faldeo Adrean Falsa","Tumbuhan","","","","","","","","","","","","Toa - Ketimunan - Timonius timon","","","","","","","","","","","","","","Sehat","","","","","","","","","","","","","","Tumbuhan kayu keras","","","","734dc8ef88a449a7956e6fe0efa5938a"
"Patrol","11","Jun 9, 2026","11:51:38 AM","118.13044573","-8.25527172","","Jun 28, 2026, 12:45:22 AM","Faldeo Adrean Falsa","Tumbuhan","","","","","","","","","","","","Rufe -  - Piliostigma malabaricum","","","","","","","","","","","","","","Sehat","","","","","","","","","","","","","","Tumbuhan kayu keras","","","","ac8a22d3563a4eeca3bf0d39596b59fc"
"Patrol","10","Jun 9, 2026","11:50:58 AM","118.13059861","-8.25524917","","Jun 28, 2026, 12:45:22 AM","Faldeo Adrean Falsa","Tumbuhan","","","","","","","","","","","","Sambi - Kesambi - Schleichera oleosa","","","","","","","","","","","","","","Sehat","","","","","","","","","","","","","","Tumbuhan kayu keras","","","","1299de3fee33452cac92375b42649d64"
"Patrol","9","Jun 9, 2026","11:49:30 AM","118.13103743","-8.25526674","","Jun 28, 2026, 12:45:22 AM","Faldeo Adrean Falsa","Ground Check","Tutupan Lahan","","","","","","","","","","","","","","","","Non Open Area","Tanaman Campuran","","","","","","","","","","","","","","","","","","","","","","","","","","b4872ebf53ad408b99292e3f7e390a12"
"Patrol","8","Jun 9, 2026","11:48:22 AM","118.13130069","-8.2551196","","Jun 28, 2026, 12:45:22 AM","Faldeo Adrean Falsa","Ground Check","Tipe Ekosistem","","","","","","","","","","","","","","","","","","Alami","Ekosistem Teresterial","Daratan Rendah (0-1000mdpl)","Savana","","","","","","","","","","","","","","","","","","","","","","30bc510b694b41be87b18085c8b05bd8"
"Patrol","7","Jun 9, 2026","11:47:35 AM","118.13147727","-8.25497779","","Jun 28, 2026, 12:45:22 AM","Faldeo Adrean Falsa","Tumbuhan","","","","","","","","","","","","Toa - Ketimunan - Timonius timon","","","","","","","","","","","","","","Sehat","","","","","","","","","","","","","","Tumbuhan kayu keras","","","","a34634b133a64200b861441401b585e7"
"Patrol","6","Jun 9, 2026","11:45:04 AM","118.13199703","-8.25487676","","Jun 28, 2026, 12:45:22 AM","Faldeo Adrean Falsa","Tumbuhan","","","","","","","","","","","","Sarume maju - Malaka - Phyllanthus emblica","","","","","","","","","","","","","","Sehat","","","","","","","","","","","","","","Tumbuhan kayu keras","","","","6e2e1ac424c246ce91651bfbe3896f47"
"Patrol","3","Jun 8, 2026","2:22:50 PM","118.12925167","-8.25483898","","Jun 28, 2026, 12:45:22 AM","Faldeo Adrean Falsa","Aktivitas Manusia","Perburuan Satwa","","","","","","","","","","Rusa Timor - Rusa timorensis","","1.0","","Aktif","","","","","","","","","","","","","","","","","","Ya","","Ya","unit","","","Dilaporkan","Jerat rotan","","Baru (dalam 1 minggu)","","ca052f770e9741cb865aba94536522da"
"Patrol","2","Jun 8, 2026","2:08:46 PM","118.13109309","-8.25518133","","Jun 28, 2026, 12:45:22 AM","Faldeo Adrean Falsa","Aktivitas Manusia","Kebakaran Hutan dan Lahan","","","","","","","","","","","","","","","","","","","","","","","","","","","","","","","","Ya","Tidak Tahu","Ya","hektar","","","Dipadamkan","Masih terbakar","","","","67e59cf90ef545c0bfb82264626df5d8"
"Patrol","4","Jun 6, 2026","4:00:00 PM","117.9410297","-8.211604318","qqqqqq","Jul 22, 2026, 3:48:27 PM","Faldeo Adrean Falsa","Tumbuhan","","","","","","","","","","","","Toa - Ketimunan - Timonius timon","","","","","","","","","","","","","","","","","","","","","","","","","","","","Tumbuhan kayu keras","","","","e836a7f7add444e990258e7666011c03"
"Patrol","3","Jun 6, 2026","10:30:00 AM","117.9416577","-8.210405376","qqqqqq","Jul 22, 2026, 3:48:03 PM","Faldeo Adrean Falsa","Satwa Liar","Perjumpaan Satwa","","","","","","","","","","Rusa Timor - Rusa timorensis","","","","","","","","","","","","","","","","","","","","","","","","","","Dilindungi","","","","","","","f4cd061f198448f4ac8312dd95af8384"
"Patrol","2","Jun 6, 2026","10:00:00 AM","117.9435988","-8.210805024","qqqqqq","Jul 22, 2026, 3:47:48 PM","Faldeo Adrean Falsa","Tumbuhan","","","","","","","","","","","","Tula - Legaran - Alstonia spectabilis","","","","","","","","","","","","","","","","","","","","","","","","","","","","Tumbuhan kayu keras","","","","7b76e15755c0476b905a1c31a9081c20"
"Patrol","1","Jun 6, 2026","8:45:00 AM","117.9429708","-8.21143304","qqqqqq","Jul 22, 2026, 3:47:33 PM","Faldeo Adrean Falsa","Tumbuhan","","","","","","","","","","","","Na'a - Loa ara - Ficus racemosa","","","","","","","","","","","","","","","","","","","","","","","","","","","","Tumbuhan kayu keras","","","","a9ee2c1d68a441c4a0aa6fad3a4515cc"
"Patrol","5","Jun 5, 2026","4:12:00 PM","117.9425711","-8.211090486","qqqqqq","Jul 22, 2026, 3:47:16 PM","Faldeo Adrean Falsa","Tumbuhan","","","","","","","","","","","","Papi - Tesek - Dodonaea viscosa","","","","","","","","","","","","","","","","","","","","","","","","","","","","Tumbuhan kayu keras","","","","2cd57da7752e4e5c9c3f99a17e11adff"
"Patrol","4","Jun 5, 2026","4:00:00 PM","117.9420573","-8.210690839","qqqqqq","Jul 22, 2026, 3:46:54 PM","Faldeo Adrean Falsa","Tumbuhan","","","","","","","","","","","","Mposu - Awar-awar - Ficus septica","","","","","","","","","","","","","","","","","","","","","","","","","","","","Tumbuhan fungsi lainnya","","","","aece2be960d548aaa37f3c0597cc53e9"
"Patrol","3","Jun 5, 2026","10:30:00 AM","117.9421715","-8.210062822","qqqqqq","Jul 22, 2026, 3:46:31 PM","Faldeo Adrean Falsa","Tumbuhan","","","","","","","","","","","","Ndaru - Weru - Albizia procera","","","","","","","","","","","","","","","","","","","","","","","","","","","","Tumbuhan kayu keras","","","","e37faa0cde9d496e867a7cfbe2a5c1e8"
"Patrol","2","Jun 5, 2026","10:00:00 AM","117.9431992","-8.211090486","qqqqqq","Jul 22, 2026, 3:46:06 PM","Faldeo Adrean Falsa","Tumbuhan","","","","","","","","","","","","Toa - Ketimunan - Timonius timon","","","","","","","","","","","","","","","","","","","","","","","","","","","","Tumbuhan kayu keras","","","","d8dff05123424e1ea07fc14fe675d3b6"
"Patrol","1","Jun 5, 2026","8:45:00 AM","117.9430279","-8.211946872","qqqqqq","Jul 22, 2026, 3:45:44 PM","Faldeo Adrean Falsa","Satwa Liar","Perjumpaan Satwa","","","","","","","","","","Srigunting wallacea - Dicrurus densus","","","","","","","","","","","","","","","","","","","","","","","","","","Tidak Dilindungi","","","","","","","5395995adc484edc8e48ad3ee8bb3099"
"Patrol","5","Jun 4, 2026","5:30:00 PM","117.942457","-8.212289427","qqqqqq","Jul 22, 2026, 3:45:25 PM","Faldeo Adrean Falsa","Satwa Liar","Perjumpaan Satwa","","","","","","","","","","Nuri Pipi Merah - Geoffroyus geoffroyi","","","","","","","","","","","","","","Sehat","","","","","","","","","","","","Dilindungi","","","","","","","48e7de79400c4af6a613e44ae39e2383"
"Patrol","4","Jun 4, 2026","4:00:00 PM","117.9418289","-8.211318855","qqqqqq","Jul 22, 2026, 3:44:47 PM","Faldeo Adrean Falsa","Tumbuhan","","","","","","","","","","","","Rida - Pulai - Alstonia scholaris","","","","","","","","","","","","","","","","","","","","","","","","","","","","Tumbuhan kayu keras","","","","0e2983ceb49f4ade807ec0df6738b95d"
"Patrol","3","Jun 4, 2026","10:30:00 AM","117.9429708","-8.210747931","qqqqqq","Jul 22, 2026, 3:44:34 PM","Faldeo Adrean Falsa","Tumbuhan","","","","","","","","","","","","Due - Beringin - Ficus benjamina","","","","","","","","","","","","","","","","","","","","","","","","","","","","Tumbuhan kayu keras","","","","442eaeade368492dbac5081962f97f82"
"Patrol","2","Jun 4, 2026","10:00:00 AM","117.9410867","-8.210747931","qqqqqq","Jul 22, 2026, 3:44:16 PM","Faldeo Adrean Falsa","Tumbuhan","","","","","","","","","","","","Maladi haju - Jelatang gajah - Dendrocnide stimulans","","","","","","","","","","","","","","","","","","","","","","","","","","","","Tumbuhan kayu keras","","","","4f4ace78228345fc98892110b7df1838"
"Patrol","1","Jun 4, 2026","9:30:00 AM","117.9427995","-8.209891545","qqqqqq","Jul 22, 2026, 3:42:51 PM","Faldeo Adrean Falsa","Tumbuhan","","","","","","","","","","","","Danta ndolo - Mahang - Macaranga tanarius","","","","","","","","","","","","","","","","","","","","","","","","","","","","Tumbuhan kayu keras","","","","571ef501749c40efb9ba2bf7c427eca6"
"Patrol","2","Jun 3, 2026","3:00:00 PM","117.9368619","-8.208292957","Pos 4","Jul 22, 2026, 3:42:32 PM","Faldeo Adrean Falsa","Aktivitas Manusia","Alat Kerja dan Transportasi","","","","","","","","","","","","","","","Pos 4 Jalur ilegal","","","","","","","","","","","","","","","","","Bukan","","Tidak","","","","","Gubuk/camp/bevak","","","","7a7837972b1f4578843365ba8f49a043"
"Patrol","1","Jun 3, 2026","8:30:00 AM","117.9226345","-8.195732622","Pos 3","Jul 22, 2026, 3:42:04 PM","Faldeo Adrean Falsa","Aktivitas Manusia","Alat Kerja dan Transportasi","","","","","","","","","","","","","","","","","","","","","","","","","","","","","","","","Bukan","","Tidak","","","","","Gubuk/camp/bevak","","","","2cfa9a38c4884de686b08c284958828c"
"Patrol","2","Jun 2, 2026","5:00:00 PM","117.9053255","-8.178401501","Pos 2","Jul 22, 2026, 3:41:17 PM","Faldeo Adrean Falsa","Aktivitas Manusia","Alat Kerja dan Transportasi","","","","","","","","","","","","","","","Pos 2 Jalur Ilegal","","","","","","","","","","","","","","","","","Bukan","","Tidak","","","","","Gubuk/camp/bevak","","","","9b8a9de3d0e54096a525e726b30bd94b"
"Patrol","1","Jun 2, 2026","12:03:00 PM","117.8898927","-8.178758328","Pos 1","Jul 22, 2026, 3:40:54 PM","Faldeo Adrean Falsa","Aktivitas Manusia","Alat Kerja dan Transportasi","","","","","","","","","","","","","","","Pos 1 Jalur Pendakian ilegal","","","","","","","","","","","","","","","","","Bukan","","Tidak","","","","","Gubuk/camp/bevak","","","","976e3a661c5140be9cc17e3ea20def2d"
"Patrol","93","May 23, 2026","10:51:10 AM","118.147895","-8.209803333333333","","Jun 28, 2026, 12:45:16 AM","Faldeo Adrean Falsa","Tumbuhan","","","","","","","","","","","","Teride - Tembelekan - Lantana camara","","","","Spesies Invasif","","","","","","","","","","Sehat","","","","","","","","","","","","","","Tumbuhan Bawah","","","","f7cfcd18c32747eda320e85468ef71b5"
"Patrol","92","May 23, 2026","10:49:55 AM","118.14791166666667","-8.209765","","Jun 28, 2026, 12:45:16 AM","Faldeo Adrean Falsa","Tumbuhan","","","","","","","","","","","","Jarak Merah - Jatropha gossypifolia","","","","Spesies Invasif","","","","","","","","","","Sehat","","","","","","","","","","","","","","Tumbuhan fungsi lainnya","","","","073223a01f244b73af7ca8caea7d68e3"
"Patrol","91","May 23, 2026","10:48:21 AM","118.14792000000001","-8.209661666666667","","Jun 28, 2026, 12:45:16 AM","Faldeo Adrean Falsa","Ground Check","Tutupan Lahan","","","","","","","","","","","","","","","","Non Open Area","Savana/ Padang Rumput","","","","","","","","","","","","","","","","","","","","","","","","","","e627b94f7021428b8e798386830eb700"
"Patrol","90","May 23, 2026","10:47:03 AM","118.14792000000001","-8.209661666666667","","Jun 28, 2026, 12:45:16 AM","Faldeo Adrean Falsa","Ground Check","Tipe Ekosistem","","","","","","","","","","","","","","","","","","Alami","Ekosistem Teresterial","Daratan Rendah (0-1000mdpl)","Savana","","","","","","","","","","","","","","","","","","","","","","464dd2e747b544159a7b2d307fd11dfc"
"Patrol","89","May 23, 2026","10:45:56 AM","118.14786666666666","-8.209656666666666","","Jun 28, 2026, 12:45:16 AM","Faldeo Adrean Falsa","Tumbuhan","","","","","","","","","","","","Tula - Legaran - Alstonia spectabilis","","","","Anakan","","","","","","","","","","Sehat","","","","","","","","","","","","","","Tumbuhan kayu keras","","","","4f5f9a55617b47eda14ef8a40949fcb8"
"Patrol","88","May 23, 2026","10:45:06 AM","118.14786666666666","-8.209656666666666","","Jun 28, 2026, 12:45:16 AM","Faldeo Adrean Falsa","Tumbuhan","","","","","","","","","","","","Rangga - Bidara - Ziziphus mauritiana","","","","Dominan ","","","","","","","","","","Sehat","","","","","","","","","","","","","","Tumbuhan kayu keras","","","","8153cd9eee2c40d688473840c99c969f"
"Patrol","85","May 22, 2026","4:39:03 PM","118.14214166666667","-8.223366666666667","","Jun 28, 2026, 12:45:16 AM","Faldeo Adrean Falsa","Satwa Liar","Tanda Satwa","","","","","","","","","","Ayam Hutan Hijau - Gallus varius","","","","","","","","","","","","","","","","","","","","","","","","","","","","","Suara","","","","5c72adc0f54947e59ac5b87ac44d554a"
"Patrol","84","May 22, 2026","4:38:17 PM","118.14214166666667","-8.223366666666667","","Jun 28, 2026, 12:45:16 AM","Faldeo Adrean Falsa","Satwa Liar","Tanda Satwa","","","","","","","","","","Cekakak Sungai - Todiramphus chloris","","","","","","","","","","","","","","","","","","","","","","","","","","","","","Suara","","","","e498895bd2904d67bf72e5b00d997bf5"
"Patrol","81","May 22, 2026","3:21:38 PM","118.14220333333333","-8.223475","","Jun 28, 2026, 12:45:16 AM","Faldeo Adrean Falsa","Tumbuhan","","","","","","","","","","","","Sarume maju - Malaka - Phyllanthus emblica","","","","Dominan ","","","","","","","","","","Sehat","","","","","","","","","","","","","","Tumbuhan kayu keras","","","","0e4517bd99b34a768a993b2fb093fa42"
"Patrol","80","May 22, 2026","3:20:44 PM","118.14222999999998","-8.223645","","Jun 28, 2026, 12:45:16 AM","Faldeo Adrean Falsa","Ground Check","Tutupan Lahan","","","","","","","","","","","","","","","","Non Open Area","Savana/ Padang Rumput","","","","","","","","","","","","","","","","","","","","","","","","","","51006d8761e242e2917d40042d51c650"
"Patrol","79","May 22, 2026","3:19:45 PM","118.14215166666666","-8.223688333333333","","Jun 28, 2026, 12:45:15 AM","Faldeo Adrean Falsa","Ground Check","Tipe Ekosistem","","","","","","","","","","","","","","","","","","Alami","Ekosistem Teresterial","Daratan Rendah (0-1000mdpl)","Savana","","","","","","","","","","","","","","","","","","","","","","d486b18556ee4ccca74ac819d4fd7d43"
"Patrol","78","May 22, 2026","3:18:17 PM","118.14211833333333","-8.223813333333334","","Jun 28, 2026, 12:45:15 AM","Faldeo Adrean Falsa","Tumbuhan","","","","","","","","","","","","Akasia Daun Kecil - Acacia aulicoliformes","","","","Dominan","","","","","","","","","","Sehat","","","","","","","","","","","","","","Tumbuhan kayu keras","","","","8425ecaf2eae4d6b9d603305f6c7cad4"
"Patrol","77","May 22, 2026","3:15:42 PM","118.14214166666667","-8.223366666666667","","Jun 28, 2026, 12:45:15 AM","Faldeo Adrean Falsa","Tumbuhan","","","","","","","","","","","","Sareo - Terisi - Albizia lebbekoides","","","","Dominan ","","","","","","","","","","Sehat","","","","","","","","","","","","","","Tumbuhan kayu keras","","","","2caf413b4693482fb3f370b5c364ac43"
"Patrol","74","May 21, 2026","1:37:35 PM","118.16357666666666","-8.299011666666667","","Jun 28, 2026, 12:45:15 AM","Faldeo Adrean Falsa","Aktivitas Manusia","Pengembalaan Ternak","","Lanci dan piong","","","","","","L","","","","","","","","","","","","","","","","","","","","","","","","","","","","","","","","","","","1062312dc73c4c2fb38544627262ec13"
"Patrol","73","May 21, 2026","1:24:29 PM","118.16067","-8.299413333333332","","Jun 28, 2026, 12:45:15 AM","Faldeo Adrean Falsa","Satwa Liar","Perjumpaan Satwa","","","250.0","","30.0","","","","Tidak tahu","Srigunting wallacea - Dicrurus densus","","1.0","","","Terbang ","","","","","","","","","Sehat","","","","","","","","","","","ekor","Tidak Dilindungi","","","","Dewasa","","","b77aa7cd18144b30bbc3de10b6783c8b"
"Patrol","72","May 21, 2026","1:22:07 PM","118.16040666666667","-8.299258333333334","","Jun 28, 2026, 12:45:15 AM","Faldeo Adrean Falsa","Tumbuhan","","","","","","","","","","","","Sambi - Kesambi - Schleichera oleosa","","","","","","","","","","","","","","Sehat","","","","","","","","","","","","","","Tumbuhan kayu keras","","","","cb8a99b05ab64457b3209c572a587083"
"Patrol","71","May 21, 2026","1:20:34 PM","118.16037","-8.299328333333333","","Jun 28, 2026, 12:45:15 AM","Faldeo Adrean Falsa","Tumbuhan","","","","","","","","","","","","Rufe -  - Piliostigma malabaricum","","","","1","","","","","","","","","","Sehat","","","","","","","","","","","","","","Tumbuhan kayu keras","","","","07e9af00276b413c8564a2f94873acbd"
"Patrol","70","May 21, 2026","1:17:10 PM","118.16048833333335","-8.299873333333332","","Jun 28, 2026, 12:45:15 AM","Faldeo Adrean Falsa","Tumbuhan","","","","","","","","","","","","Belum Ada di List","","","","Ketapang (Terminalia sp)","","","","","","","","","","Sehat","","","","","","","","","","","","","","Tumbuhan kayu keras","","","","0e08d99a3b3d465093adb66dcae39905"
"Patrol","69","May 21, 2026","1:14:48 PM","118.16061999999998","-8.299361666666666","","Jun 28, 2026, 12:45:15 AM","Faldeo Adrean Falsa","Tumbuhan","","","","","","","","","","","","Kasa (Ficus wassa)","","","","1","","","","","","","","","","Sehat","","","","","","","","","","","","","","Tumbuhan kayu keras","","","","522aad670f0f49b7812c9212a1cba032"
"Patrol","68","May 21, 2026","1:12:56 PM","118.16067333333334","-8.29934","","Jun 28, 2026, 12:45:14 AM","Faldeo Adrean Falsa","Tumbuhan","","","","","","","","","","","","Safiru doro - Kamala - Mallotus philippensis","","","","4","","","","","","","","","","Sehat","","","","","","","","","","","","","","Tumbuhan kayu keras","","","","1d72aca6293148e792ebbd348edc99ab"
"Patrol","67","May 21, 2026","1:11:41 PM","118.16067333333334","-8.29934","","Jun 28, 2026, 12:45:14 AM","Faldeo Adrean Falsa","Tumbuhan","","","","","","","","","","","","Rino - Cenderai - Grewia eriocarpa","","","","1","","","","","","","","","","Sehat","","","","","","","","","","","","","","Tumbuhan kayu keras","","","","7359ced11bc74a2fac41676a80ba1f93"
"Patrol","66","May 21, 2026","1:10:14 PM","118.16069999999999","-8.299293333333333","","Jun 28, 2026, 12:45:14 AM","Faldeo Adrean Falsa","Tumbuhan","","","","","","","","","","","","Luhu - Walikukun - Schoutenia ovata","","","","Dominan ","","","","","","","","","","Sehat","","","","","","","","","","","","","","Tumbuhan kayu keras","","","","fe7c03a479ea4d0685f4ca92705ebbb3"
"Patrol","65","May 21, 2026","1:08:35 PM","118.16084666666666","-8.299475","","Jun 28, 2026, 12:45:14 AM","Faldeo Adrean Falsa","Satwa Liar","Perjumpaan Satwa","","","","","","","","","Tidak tahu","Sepah kerdil - Pericrocotus lansbergei","","1.0","","","","","","","","","","","","Sehat","","","","","","","","","","","ekor","Tidak Dilindungi","","","","Tidak tahu","","","89bbd26a40de4ba0a0de3431160d860f"
"Patrol","64","May 21, 2026","1:07:10 PM","118.16082666666668","-8.2995","","Jun 28, 2026, 12:45:14 AM","Faldeo Adrean Falsa","Satwa Liar","Perjumpaan Satwa","","","","","","","","","Tidak tahu","Nuri Pipi Merah - Geoffroyus geoffroyi","","2.0","","","","","","","","","","","","Sehat","","","","","","","","","","","ekor","Tidak Dilindungi","","","","Dewasa","","","349f61bbcd064d6eb8ef40c9a15796f5"
"Patrol","63","May 21, 2026","1:05:37 PM","118.16110833333332","-8.299488333333333","","Jun 28, 2026, 12:45:14 AM","Faldeo Adrean Falsa","Tumbuhan","","","","","","","","","","","","Tumbuhan invasif lainnya","","","","Jambu Biji (Psidium guajava)","","","","","","","","","","Sehat","","","","","","","","","","","","","","Tumbuhan fungsi lainnya","","","","ae2e52c90fe046cd918941cede87ae9e"
"Patrol","62","May 21, 2026","1:03:38 PM","118.16109499999999","-8.299438333333335","","Jun 28, 2026, 12:45:14 AM","Faldeo Adrean Falsa","Tumbuhan","","","","","","","","","","","","Sareo - Terisi - Albizia lebbekoides","","","","1","","","","","","","","","","Sehat","","","","","","","","","","","","","","Tumbuhan kayu keras","","","","e92bb6e16348410c95926eeeb88f14c1"
"Patrol","61","May 21, 2026","1:00:54 PM","118.16132666666665","-8.299295","","Jun 28, 2026, 12:45:14 AM","Faldeo Adrean Falsa","Tumbuhan","","","","","","","","","","","","Loka - Lelak - Uvaria rufa","","","","1","","","","","","","","","","Sehat","","","","","","","","","","","","","","Tumbuhan kayu keras","","","","eb04bb273ec144dab8b235baa89d2b02"
"Patrol","60","May 21, 2026","12:59:56 PM","118.16132666666665","-8.299295","","Jun 28, 2026, 12:45:14 AM","Faldeo Adrean Falsa","Tumbuhan","","","","","","","","","","","","Danta ndolo - Mahang - Macaranga tanarius","","","","1","","","","","","","","","","Sehat","","","","","","","","","","","","","","Tumbuhan kayu keras","","","","b4f9a00fd19441699fc0823c30dcf31b"
"Patrol","59","May 21, 2026","12:58:34 PM","118.16132666666665","-8.299295","","Jun 28, 2026, 12:45:14 AM","Faldeo Adrean Falsa","Ground Check","Tutupan Lahan","","","","","","","","","","","","","","","","Non Open Area","Savana/ Padang Rumput","","","","","","","","","","","","","","","","","","","","","","","","","","676e1cda8cc74217adf0bd2178a26767"
"Patrol","58","May 21, 2026","12:56:42 PM","118.161415","-8.299266666666666","","Jun 28, 2026, 12:45:13 AM","Faldeo Adrean Falsa","Ground Check","Tipe Ekosistem","","","","","","","","","","","","","","","","","","Alami","Ekosistem Teresterial","Daratan Rendah (0-1000mdpl)","Savana","","","","","","","","","","","","","","","","","","","","","","792482318d344304afbe2d9879b37e10"
"Patrol","57","May 21, 2026","12:55:14 PM","118.16151333333333","-8.299226666666668","","Jun 28, 2026, 12:45:13 AM","Faldeo Adrean Falsa","Tumbuhan","","","","","","","","","","","","Toa - Ketimunan - Timonius timon","","","","2","","","","","","","","","","Sehat","","","","","","","","","","","","","","Tumbuhan kayu keras","","","","3e5f42c1429f44468358ab4239460d72"
"Patrol","56","May 21, 2026","12:51:44 PM","118.16159666666665","-8.29913","","Jun 28, 2026, 12:45:13 AM","Faldeo Adrean Falsa","Tumbuhan","","","","","","","","","","","","Safiru doro - Kamala - Mallotus philippensis","","","","1","","","","","","","","","","Sehat","","","","","","","","","","","","","","Tumbuhan kayu keras","","","","69ed60eaf06949fd805bc6ff2193d68e"
"Patrol","55","May 21, 2026","12:49:33 PM","118.16168","-8.299168333333334","","Jun 28, 2026, 12:45:13 AM","Faldeo Adrean Falsa","Tumbuhan","","","","","","","","","","","","Danta ndolo - Andulpak - Homalanthus giganteus","","","","6","","","","","","","","","","Sehat","","","","","","","","","","","","","","Tumbuhan kayu keras","","","","7b4a0c3af28e4aee8a367079a70577e2"
"Patrol","54","May 21, 2026","12:47:52 PM","118.16178","-8.299168333333334","","Jun 28, 2026, 12:45:13 AM","Faldeo Adrean Falsa","Tumbuhan","","","","","","","","","","","","Ndaru - Weru - Albizia procera","","","","Dominan ","","","","","","","","","","Sehat","","","","","","","","","","","","","","Tumbuhan kayu keras","","","","f1095519555541d59d75f15d858e07a0"
"Patrol","53","May 21, 2026","12:46:42 PM","118.16178","-8.299168333333334","","Jun 28, 2026, 12:45:13 AM","Faldeo Adrean Falsa","Tumbuhan","","","","","","","","","","","","Sarume maju - Malaka - Phyllanthus emblica","","","","Dominan ","","","","","","","","","","Sehat","","","","","","","","","","","","","","Tumbuhan kayu keras","","","","cb300a7382b04d459042e0405a532a24"
"Patrol","52","May 21, 2026","12:45:35 PM","118.16178","-8.299168333333334","","Jun 28, 2026, 12:45:13 AM","Faldeo Adrean Falsa","Tumbuhan","","","","","","","","","","","","Golkar - Kerinyuh - Chromolaena odorata","","","","Spesies Invasif (Dominan)","","","","","","","","","","Sehat","","","","","","","","","","","","","","Tumbuhan Bawah","","","","5e865103223544a5ad072a68cae534e1"
"Patrol","51","May 21, 2026","12:44:53 PM","118.16178","-8.299168333333334","","Jun 28, 2026, 12:45:13 AM","Faldeo Adrean Falsa","Tumbuhan","","","","","","","","","","","","Teride - Tembelekan - Lantana camara","","","","Spesies Invasif (Dominan)","","","","","","","","","","Sehat","","","","","","","","","","","","","","Tumbuhan Bawah","","","","31ccd2ad16e949cca59893b02cd8ed60"
"Patrol","50","May 21, 2026","12:43:56 PM","118.16178","-8.299168333333334","","Jun 28, 2026, 12:45:13 AM","Faldeo Adrean Falsa","Tumbuhan","","","","","","","","","","","","Tula - Legaran - Alstonia spectabilis","","","","6","","","","","","","","","","Sehat","","","","","","","","","","","","","","Tumbuhan kayu keras","","","","aa96f5a0bf0d41b48234ff677628b7ba"
"Patrol","49","May 21, 2026","12:42:09 PM","118.16192166666666","-8.299071666666666","","Jun 28, 2026, 12:45:13 AM","Faldeo Adrean Falsa","Satwa Liar","Tanda Satwa","","","","","","","","","","Kirik-kirik laut - Merops philippinus","","","","","","","","","","","","","","","","","","","","","","","","","","","","","Suara","","","","20c5ec76158c4866804bdfe9169b2660"
"Patrol","48","May 21, 2026","12:41:16 PM","118.16192166666666","-8.299071666666666","","Jun 28, 2026, 12:45:13 AM","Faldeo Adrean Falsa","Satwa Liar","Tanda Satwa","","","","","","","","","","Walet tenggara - Collocalia sumbawae","","","","","","","","","","","","","","","","","","","","","","","","","","","","","Suara","","","","5dff03f00335463db57cd568358bfbf4"
"Patrol","47","May 21, 2026","12:40:37 PM","118.16192166666666","-8.299071666666666","","Jun 28, 2026, 12:45:13 AM","Faldeo Adrean Falsa","Satwa Liar","Tanda Satwa","","","","","","","","","","Cekakak Sungai - Todiramphus chloris","","","","","","","","","","","","","","","","","","","","","","","","","","","","","Suara","","","","95b2d7e2de4f4f17a781a5b55af1ba1d"
"Patrol","44","May 20, 2026","3:58:13 PM","118.17444833333333","-8.294641666666667","","Jun 28, 2026, 12:45:12 AM","Faldeo Adrean Falsa","Satwa Liar","Perjumpaan Satwa","","","","","","","","","Tidak tahu","Srigunting wallacea - Dicrurus densus","","1.0","","","","","","","","","","","","Sehat","","","","","","","","","","","ekor","Tidak Dilindungi","","","","Dewasa","","","730ff9f50f99437e880bd25e8327f0f0"
"Patrol","43","May 20, 2026","3:57:30 PM","118.17444833333333","-8.294641666666667","","Jun 28, 2026, 12:45:12 AM","Faldeo Adrean Falsa","Satwa Liar","Perjumpaan Satwa","","","","","","","","","Tidak tahu","Cikukua tanduk - Philemon buceroides","","2.0","","","","","","","","","","","","Sehat","","","","","","","","","","","ekor","Dilindungi","","","","Dewasa","","","812e478526ce4d86a5f68b34a8ecb01d"
"Patrol","42","May 20, 2026","3:55:18 PM","118.17479833333333","-8.294413333333333","","Jun 28, 2026, 12:45:12 AM","Faldeo Adrean Falsa","Ground Check","Tutupan Lahan","","","","","","","","","","","","","","","","Non Open Area","Savana/ Padang Rumput","","","","","","","","","","","","","","","","","","","","","","","","","","43fc0aca38e74f5c9e848dd3ce1939fb"
"Patrol","41","May 20, 2026","3:54:13 PM","118.17498833333333","-8.294276666666667","","Jun 28, 2026, 12:45:12 AM","Faldeo Adrean Falsa","Ground Check","Tipe Ekosistem","","","","","","","","","","","","","","","","","","Alami","Ekosistem Teresterial","Daratan Rendah (0-1000mdpl)","Savana","","","","","","","","","","","","","","","","","","","","","","ab454dde554e4d9aab77ac8e2782cfe8"
"Patrol","40","May 20, 2026","3:51:35 PM","118.175365","-8.29443","","Jun 28, 2026, 12:45:12 AM","Faldeo Adrean Falsa","Tumbuhan","","","","","","","","","","","","Rino - Cenderai - Grewia eriocarpa","","","","1","","","","","","","","","","Sehat","","","","","","","","","","","","","","Tumbuhan kayu keras","","","","22d7b49ac2fb412da47a587775fce455"
"Patrol","39","May 20, 2026","3:49:41 PM","118.17562833333335","-8.294246666666668","","Jun 28, 2026, 12:45:12 AM","Faldeo Adrean Falsa","Satwa Liar","Tanda Satwa","","","","","","","","","","Cekakak Sungai - Todiramphus chloris","","","","","","","","","","","","","","","","","","","","","","","","","","","","","Suara","","","","16de89aca76848deb53a1943c4606df8"
"Patrol","38","May 20, 2026","3:38:41 PM","118.17756499999999","-8.293948333333333","","Jun 28, 2026, 12:45:12 AM","Faldeo Adrean Falsa","Fitur","Infrastruktur/ Sarana dan Prasarana","","","","","","","","","","","","","","","","","","","","","","","Baik","","","","","","","","","","","Tidak","","","","","Pos Pendakian","","","","84cd6f4b2f06419d83a76c0456acf10d"
"Patrol","37","May 20, 2026","3:37:45 PM","118.17756499999999","-8.293948333333333","","Jun 28, 2026, 12:45:12 AM","Faldeo Adrean Falsa","Fitur","Media Informasi","","","","","","","","","","","","","","","","","","","","","","","Baik","","","","","","","","","","","Tidak","","","","","Papan informasi","","","","91bf6f01780541558adc3b16e3eb2fb0"
"Patrol","35","May 20, 2026","3:35:05 PM","118.17780166666668","-8.293925","","Jun 28, 2026, 12:45:12 AM","Faldeo Adrean Falsa","Satwa Liar","Perjumpaan Satwa","","","","","","","","","Tidak tahu","Ayam Hutan Hijau - Gallus varius","","3.0","","","","","","","","","","","","Sehat","","","","","","","","","","","ekor","Tidak Dilindungi","","","","Tidak tahu","","","dff10f4d1a1f46dbb841683aafd25b70"
"Patrol","32","May 20, 2026","3:20:54 PM","118.169265","-8.293966666666668","","Jun 28, 2026, 12:45:12 AM","Faldeo Adrean Falsa","Ground Check","Tutupan Lahan","","","","","","","","","","","","","","","","Non Open Area","Savana/ Padang Rumput","","","","","","","","","","","","","","","","","","","","","","","","","","99a095e7d39444c3959539ee23d2eb54"
"Patrol","31","May 20, 2026","3:19:49 PM","118.169265","-8.293966666666668","","Jun 28, 2026, 12:45:12 AM","Faldeo Adrean Falsa","Ground Check","Tipe Ekosistem","","","","","","","","","","","","","","","","","","Alami","Ekosistem Teresterial","Daratan Rendah (0-1000mdpl)","Savana","","","","","","","","","","","","","","","","","","","","","","e42cc64527cf4a599e362b0e512bf018"
"Patrol","30","May 20, 2026","3:18:16 PM","118.16925166666667","-8.293871666666666","","Jun 28, 2026, 12:45:12 AM","Faldeo Adrean Falsa","Satwa Liar","Perjumpaan Satwa","","","","","","","","","Tidak tahu","Ayam Hutan Hijau - Gallus varius","","1.0","","","","","","","","","","","","Hidup","","","","","","","","","","","ekor","Tidak Dilindungi","","","","Tidak tahu","","","aeb9ea01b83f447c97c12ccd342c0a16"
"Patrol","29","May 20, 2026","3:15:53 PM","118.16915499999999","-8.293626666666666","","Jun 28, 2026, 12:45:12 AM","Faldeo Adrean Falsa","Satwa Liar","Tanda Satwa","","","","","","","","","","Cucak kutilang - Pycnonotus aurigaster","","","","","","","","","","","","","","","","","","","","","","","","","","","","","Suara","","","","12be34f6514d4d71a476db0c885fb050"
"Patrol","28","May 20, 2026","3:15:17 PM","118.16909833333332","-8.29353","","Jun 28, 2026, 12:45:12 AM","Faldeo Adrean Falsa","Satwa Liar","Tanda Satwa","","","","","","","","","","Belum ada di list","","","","","Jangkrik","","","","","","","","","","","","","","","","","","","","","","","","Suara","","","","4e05e19a041b4f738de98efab6f612b2"
"Patrol","27","May 20, 2026","3:14:32 PM","118.16909833333332","-8.29353","","Jun 28, 2026, 12:45:12 AM","Faldeo Adrean Falsa","Satwa Liar","Tanda Satwa","","","","","","","","","","Cucak kutilang - Pycnonotus aurigaster","","","","","","","","","","","","","","","","","","","","","","","","","","","","","Suara","","","","090136c3d54b45afbf4051e7b4bb7ec1"
"Patrol","26","May 20, 2026","3:13:48 PM","118.16909833333332","-8.29353","","Jun 28, 2026, 12:45:12 AM","Faldeo Adrean Falsa","Satwa Liar","Tanda Satwa","","","","","","","","","","Burung-madu sriganti - Cinnyris jugularis","","","","","","","","","","","","","","","","","","","","","","","","","","","","","Suara","","Diatas 1 tahun","","d3fd6ba120574e0f844df06336433fc8"
"Patrol","25","May 20, 2026","3:12:38 PM","118.16909833333332","-8.29353","","Jun 28, 2026, 12:45:12 AM","Faldeo Adrean Falsa","Tumbuhan","","","","","","","","","","","","Safiru doro - Kamala - Mallotus philippensis","","","","Anakan ","","","","","","","","","","Sehat","","","","","","","","","","","","","","Tumbuhan kayu keras","","","","92fca1fa3fc94ae784ef01758bdb284f"
"Patrol","24","May 20, 2026","3:11:31 PM","118.16909833333332","-8.29353","","Jun 28, 2026, 12:45:12 AM","Faldeo Adrean Falsa","Tumbuhan","","","","","","","","","","","","Loka - Lelak - Uvaria rufa","","","","Anakan ","","","","","","","","","","Sehat","","","","","","","","","","","","","","Tumbuhan kayu keras","","","","6b7570c75d9c4c7d905b0b97703d7e0d"
"Patrol","23","May 20, 2026","3:09:55 PM","118.16909833333332","-8.29353","","Jun 28, 2026, 12:45:12 AM","Faldeo Adrean Falsa","Tumbuhan","","","","","","","","","","","","Danta ndolo - Mahang - Macaranga tanarius","","","","1","","","","","","","","","","Sehat","","","","","","","","","","","","","","Tumbuhan kayu keras","","","","1964aae120bd48949a0979f8b405ff86"
"Patrol","22","May 20, 2026","3:08:42 PM","118.16907166666667","-8.293608333333333","","Jun 28, 2026, 12:45:12 AM","Faldeo Adrean Falsa","Tumbuhan","","","","","","","","","","","","Rufe -  - Piliostigma malabaricum","","","","2","","","","","","","","","","Sehat","","","","","","","","","","","","","","Tumbuhan kayu keras","","","","a903259e7f654f5cb5b551607bae8d2a"
"Patrol","21","May 20, 2026","3:04:22 PM","118.16953166666666","-8.293763333333334","","Jun 28, 2026, 12:45:12 AM","Faldeo Adrean Falsa","Tumbuhan","","","","","","","","","","","","Rangga - Bidara - Ziziphus mauritiana","","","","1","","","","","","","","","","Sehat","","","","","","","","","","","","","","Tumbuhan kayu keras","","","","ab0082fe832b43429678e570ad2b6934"
"Patrol","20","May 20, 2026","3:02:55 PM","118.16920499999999","-8.293928333333334","","Jun 28, 2026, 12:45:12 AM","Faldeo Adrean Falsa","Tumbuhan","","","","","","","","","","","","Sarume maju - Malaka - Phyllanthus emblica","","","","Dominan ","","","","","","","","","","Sehat","","","","","","","","","","","","","","Tumbuhan kayu keras","","","","178575f01fc54ddb9dd7de0998c37e0e"
"Patrol","19","May 20, 2026","3:01:52 PM","118.16926666666669","-8.29394","","Jun 28, 2026, 12:45:12 AM","Faldeo Adrean Falsa","Tumbuhan","","","","","","","","","","","","Golkar - Kerinyuh - Chromolaena odorata","","","","Spesies invasif (Bergerombol)","","","","","","","","","","Sehat","","","","","","","","","","","","","","Tumbuhan Bawah","","","","c2e1d5d0b67b420e9b5845078bec3f4e"
"Patrol","18","May 20, 2026","3:00:47 PM","118.16926666666669","-8.29394","","Jun 28, 2026, 12:45:12 AM","Faldeo Adrean Falsa","Tumbuhan","","","","","","","","","","","","Teride - Tembelekan - Lantana camara","","","","Spesies invasif (Bergerombol)","","","","","","","","","","Sehat","","","","","","","","","","","","","","Tumbuhan Bawah","","","","a3a8a8e2b6544197b4bea051e97b474c"
"Patrol","17","May 20, 2026","2:59:06 PM","118.16926666666669","-8.29394","","Jun 28, 2026, 12:45:12 AM","Faldeo Adrean Falsa","Tumbuhan","","","","","","","","","","","","Ndaru - Weru - Albizia procera","","","","8 dominan ","","","","","","","","","","Sehat","","","","","","","","","","","","","","Tumbuhan kayu keras","","","","d3533d1cb11d4d80ad66fdb6fb048d7d"
"Patrol","15","May 19, 2026","2:49:53 PM","118.17431166666665","-8.286891666666666","","Jun 28, 2026, 12:45:12 AM","Faldeo Adrean Falsa","Tumbuhan","","","","","","","","","","","","Tumbuhan invasif lainnya","","","","Orok-orok (Crotalaria sp.)","","","","","","","","","","Sehat","","","","","","","","","","","","","","Tumbuhan Bawah","","","","ae82ab4396814874a910edf504af0d9c"
"Patrol","16","May 19, 2026","2:46:52 PM","118.17416","-8.287001666666667","","Jun 28, 2026, 12:45:12 AM","Faldeo Adrean Falsa","Tumbuhan","","","","","","","","","","","","Tumbuhan invasif lainnya","","","","Terong-terongan (Solanum sp.)","","","","","","","","","","Sehat","","","","","","","","","","","","","","Tumbuhan Bawah","","","","1a21a5c58f0345f8b9c87b7db7adec0b"
"Patrol","12","May 19, 2026","2:45:11 PM","118.17416","-8.287001666666667","","Jun 28, 2026, 12:45:12 AM","Faldeo Adrean Falsa","Tumbuhan","","","","","","","","","","","","Jarak Merah - Jatropha gossypifolia","","","","","","","","","","","","","","Sehat","","","","","","","","","","","","","","Tumbuhan fungsi lainnya","","","","d0670c77cd3440f1970a4939871d9155"
"Patrol","11","May 19, 2026","2:39:07 PM","118.17358166666666","-8.286638333333334","","Jun 28, 2026, 12:45:12 AM","Faldeo Adrean Falsa","Tumbuhan","","","","","","","","","","","","Belum Ada di List","","","","Mindi (Melia azedara)","","","","","","","","","","Sehat","","","","","","","","","","","","","","Tumbuhan kayu keras","","","","a43376ef9540447eb53d9b33aa535dcf"
"Patrol","10","May 19, 2026","2:34:26 PM","118.17376666666665","-8.28642","","Jun 28, 2026, 12:45:12 AM","Faldeo Adrean Falsa","Tumbuhan","","","","","","","","","","","","Mbune - - Glochidion zeylanicum","","","","1","","","","","","","","","","Sehat","","","","","","","","","","","","","","Tumbuhan kayu keras","","","","afab962729954c2b972b47e131a9806b"
"Patrol","9","May 19, 2026","2:33:12 PM","118.17382833333335","-8.286346666666667","","Jun 28, 2026, 12:45:12 AM","Faldeo Adrean Falsa","Tumbuhan","","","","","","","","","","","","Toa - Ketimunan - Timonius timon","","","","2","","","","","","","","","","Sehat","","","","","","","","","","","","","","Tumbuhan kayu keras","","","","59d8ebba4bb147b3aa94f0a5c9380567"
"Patrol","8","May 19, 2026","2:31:33 PM","118.17414333333333","-8.286285","","Jun 28, 2026, 12:45:12 AM","Faldeo Adrean Falsa","Tumbuhan","","","","","","","","","","","","Ndaru - Weru - Albizia procera","","","","5","","","","","","","","","","Sehat","","","","","","","","","","","","","","Tumbuhan kayu keras","","","","2434d9317bd04d678b6f45aa049ee78a"
"Patrol","15","May 19, 2026","2:30:02 PM","118.17423","-8.28615","","Jun 28, 2026, 12:45:12 AM","Faldeo Adrean Falsa","Tumbuhan","","","","","","","","","","","","Belum Ada di List","","","","Jambu Biji (Psidium guajava)","","","","","","","","","","Sehat","","","","","","","","","","","","","","Tumbuhan fungsi lainnya","","","","cf758f8f848748f383bbd228b0527e2e"
"Patrol","6","May 19, 2026","2:27:16 PM","118.17410999999998","-8.286174999999998","","Jun 28, 2026, 12:45:12 AM","Faldeo Adrean Falsa","Spesies invasif","","","","","","","","","","","","Golkar - Kerinyuh - Chromolaena odorata","10.0","","","","","","","","","","","","","","","","","","","","","","","batang","","","","Tumbuhan Bawah","","","","7980a11c12b640b1b7da48b55aaf8992"
"Patrol","5","May 19, 2026","2:25:51 PM","118.17410999999998","-8.286174999999998","","Jun 28, 2026, 12:45:12 AM","Faldeo Adrean Falsa","Spesies invasif","","","","","","","","","","","","Lantana camara","25.0","","","","","","","","","","","","","","","","","","","","","","","batang","","","","Tumbuhan Bawah","","","","8674b4f9866d4b6ba1660684cd96d181"
"Patrol","4","May 19, 2026","2:23:03 PM","118.17410999999998","-8.286174999999998","","Jun 28, 2026, 12:45:12 AM","Faldeo Adrean Falsa","Tumbuhan","","","","","","","","","","","","Sarume maju - Malaka - Phyllanthus emblica","","","","Dominan ","","","","","","","","","","Sehat","","","","","","","","","","","","","","Tumbuhan kayu keras","","","","5faa259569eb4801b53d1d9debbb309c"
"Patrol","3","May 19, 2026","2:22:00 PM","118.17412","-8.286271666666666","","Jun 28, 2026, 12:45:12 AM","Faldeo Adrean Falsa","Fitur","Pal Batas","","","","","","","","","","","","","","","","","","","","","","","Baik","","","","","","","","TN 308","","","Tidak","","","","","Beton","","","","bc3fa159407a48d3a89bd64f5bb1758c"
"Patrol","2","May 19, 2026","2:20:48 PM","118.17415333333332","-8.286481666666667","","Jun 28, 2026, 12:45:12 AM","Faldeo Adrean Falsa","Fitur","Infrastruktur/ Sarana dan Prasarana","","","","","","","","","","","","","","","","","","","","","","","Baik","","","","","","","","","","","Tidak","","","","","Papan Larangan","","","","5a429c920e364c6d97671c5248c51d47"
"Patrol","18","May 17, 2026","12:53:38 PM","118.09556256","-8.16178927","","Jun 28, 2026, 12:45:10 AM","Faldeo Adrean Falsa","Ground Check","Tutupan Lahan","","","","","","","","","","","","","","","","Non Open Area","Hutan Monsun","","","","","","","","","","","","","","","","","","","","","","","","","","179a101cb1284f05b59eb5e977ac7513"
"Patrol","17","May 17, 2026","12:52:29 PM","118.0955559","-8.16177504","","Jun 28, 2026, 12:45:10 AM","Faldeo Adrean Falsa","Ground Check","Tipe Ekosistem","","","","","","","","","","","","","","","","","","Alami","Ekosistem Teresterial","Daratan Rendah (0-1000mdpl)","Hutan Pamah","","","","","","","","","","","","","","","","","","","","","","e5310a975aa34ea8bf04eb0fad3a34bf"
"Patrol","16","May 17, 2026","12:48:52 PM","118.09561302","-8.16170333","","Jun 28, 2026, 12:45:10 AM","Faldeo Adrean Falsa","Tumbuhan","","","","","","","","","","","","Maladi haju - Jelatang gajah - Dendrocnide stimulans","","","","","","","","","","","","","","Sehat","","","","","","","","","","","","","","Tumbuhan kayu keras","","","","e7f02472011b408384697981a2abf0dd"
"Patrol","15","May 17, 2026","12:47:30 PM","118.09569435","-8.16169467","","Jun 28, 2026, 12:45:10 AM","Faldeo Adrean Falsa","Tumbuhan","","","","","","","","","","","","Sarume maju - Malaka - Phyllanthus emblica","","","","","","","","","","","","","","Sehat","","","","","","","","","","","","","","Tumbuhan kayu keras","","","","9d4074cde8e74ad1a1fa5b446d4bf375"
"Patrol","14","May 17, 2026","12:46:39 PM","118.0956759","-8.161691","","Jun 28, 2026, 12:45:10 AM","Faldeo Adrean Falsa","Tumbuhan","","","","","","","","","","","","Toa - Ketimunan - Timonius timon","","","","","","","","","","","","","","Sehat","","","","","","","","","","","","","","Tumbuhan kayu keras","","","","5ce90acb073e49469951bb2c5c1be079"
"Patrol","13","May 17, 2026","12:45:33 PM","118.09563289","-8.16171613","","Jun 28, 2026, 12:45:10 AM","Faldeo Adrean Falsa","Tumbuhan","","","","","","","","","","","","Rufe -  - Piliostigma malabaricum","","","","","","","","","","","","","","Sehat","","","","","","","","","","","","","","Tumbuhan kayu keras","","","","cc9a335c72224665bef0c2040c380282"
"Patrol","34","May 17, 2026","12:45:05 PM","118.09608166666666","-8.16219","","Jun 28, 2026, 12:45:09 AM","Faldeo Adrean Falsa","Ground Check","Tipe Ekosistem","","","","","","","","","","","","","","","","","","Alami","Ekosistem Teresterial","Daratan Rendah (0-1000mdpl)","Hutan Pamah","","","","","","","","","","","","","","","","","","","","","","4ef700b908db4473b072412068b0dd33"
"Patrol","12","May 17, 2026","12:43:53 PM","118.09569103","-8.16174308","","Jun 28, 2026, 12:45:11 AM","Faldeo Adrean Falsa","Tumbuhan","","","","","","","","","","","","Sambi - Kesambi - Schleichera oleosa","","","","","","","","","","","","","","Sehat","","","","","","","","","","","","","","Tumbuhan kayu keras","","","","a6906cce571b42ddbe584e957a1552ca"
"Patrol","11","May 17, 2026","12:41:24 PM","118.0956163","-8.16173817","","Jun 28, 2026, 12:45:10 AM","Faldeo Adrean Falsa","Satwa Liar","Perjumpaan Satwa","","","","","","","","","Tidak tahu","Cikukua tanduk - Philemon buceroides","","1.0","","","Koakiau (lokal)","","","","","","","","","Sehat","","","","","","","","","","","ekor","Dilindungi","","","","Tidak tahu","","","197fcec5b87b4da8aa090b7036dafb41"
"Patrol","33","May 17, 2026","12:41:17 PM","118.09620166666667","-8.162094999999999","","Jun 28, 2026, 12:45:09 AM","Faldeo Adrean Falsa","Tumbuhan","","","","","","","","","","","","Tula - Legaran - Alstonia spectabilis","","","","","","","","","","","","","","Sehat","","","","","","","","","","","","","","Tumbuhan kayu keras","","","","4cf50f1c92a14fbab599fb8ab16828d6"
"Patrol","32","May 17, 2026","12:40:16 PM","118.096215","-8.161931666666668","","Jun 28, 2026, 12:45:09 AM","Faldeo Adrean Falsa","Tumbuhan","","","","","","","","","","","","Luhu - Walikukun - Schoutenia ovata","","","","","","","","","","","","","","Sehat","","","","","","","","","","","","","","Tumbuhan kayu keras","","","","0798b0ec56d6474bad39806648417d6d"
"Patrol","10","May 17, 2026","12:39:21 PM","118.09559714","-8.16172476","","Jun 28, 2026, 12:45:10 AM","Faldeo Adrean Falsa","Tumbuhan","","","","","","","","","","","","Rida - Pulai - Alstonia scholaris","","","","","","","","","","","","","","Sehat","","","","","","","","","","","","","","Tumbuhan kayu keras","","","","fae0a9a1c0014de1a0e9ba3ee7522582"
"Patrol","9","May 17, 2026","12:37:45 PM","118.09555805","-8.161776","","Jun 28, 2026, 12:45:10 AM","Faldeo Adrean Falsa","Satwa Liar","Perjumpaan Satwa","","","","","","","","","Betina","Cucak kutilang - Pycnonotus aurigaster","","1.0","","","","","","","","","","","","Sehat","","","","","","","","","","","ekor","Dilindungi","","","","Tidak tahu","","","116063dcbabb4dd5bf066e286309e2ee"
"Patrol","31","May 17, 2026","12:36:53 PM","118.09638833333332","-8.161978333333334","","Jun 28, 2026, 12:45:09 AM","Faldeo Adrean Falsa","Tumbuhan","","","","","","","","","","","","Sambi - Kesambi - Schleichera oleosa","","","","","","","","","","","","","","Sehat","","","","","","","","","","","","","","Tumbuhan kayu keras","","","","1d7cc79720d64b779860d72ab0beeddd"
"Patrol","8","May 17, 2026","12:36:42 PM","118.09554713","-8.16170316","","Jun 28, 2026, 12:45:11 AM","Faldeo Adrean Falsa","Tumbuhan","","","","","","","","","","","","Tumbuhan Tambora","","","","Nara (lokal)","","","","","","","","","","Sehat","","","","","","","","","","","","","","Tumbuhan kayu keras","","","","cc74e544e1a24b7887d566036d5fa854"
"Patrol","30","May 17, 2026","12:36:18 PM","118.09646833333333","-8.161983333333334","","Jun 28, 2026, 12:45:09 AM","Faldeo Adrean Falsa","Tumbuhan","","","","","","","","","","","","Loa - Trenggulun - Protium javanicum","","","","","","","","","","","","","","Sehat","","","","","","","","","","","","","","Tumbuhan kayu keras","","","","ef799f26173d45b3bfb09f4a3c86a9a6"
"Patrol","29","May 17, 2026","12:35:35 PM","118.09646833333333","-8.161983333333334","","Jun 28, 2026, 12:45:09 AM","Faldeo Adrean Falsa","Tumbuhan","","","","","","","","","","","","Belum Ada di List","","","","Due - Ficus sp","","","","","","","","","","Sehat","","","","","","","","","","","","","","Tumbuhan kayu keras","","","","30deb898cc25410d9d5441e71a89daa2"
"Patrol","7","May 17, 2026","12:34:58 PM","118.09554481","-8.16167147","","Jun 28, 2026, 12:45:11 AM","Faldeo Adrean Falsa","Tumbuhan","","","","","","","","","","","","Tula - Legaran - Alstonia spectabilis","","","","","","","","","","","","","","Sehat","","","","","","","","","","","","","","Tumbuhan kayu keras","","","","70b45ba02c374fb2849dc32a79b83e7b"
"Patrol","28","May 17, 2026","12:34:37 PM","118.096335","-8.16208","","Jun 28, 2026, 12:45:09 AM","Faldeo Adrean Falsa","Tumbuhan","","","","","","","","","","","","Monggo Kala - Salam - Syzygium polyanthum","","","","","","","","","","","","","","Sehat","","","","","","","","","","","","","","Tumbuhan kayu keras","","","","ca2a589411bd4d8193eb6e3c861082da"
"Patrol","27","May 17, 2026","12:33:43 PM","118.09630666666665","-8.162126666666667","","Jun 28, 2026, 12:45:09 AM","Faldeo Adrean Falsa","Tumbuhan","","","","","","","","","","","","Sambi - Kesambi - Schleichera oleosa","","","","","","","","","","","","","","Sehat","","","","","","","","","","","","","","Tumbuhan kayu keras","","","","b1c4c5b390a34971802c852bb3e3c342"
"Patrol","6","May 17, 2026","12:33:10 PM","118.09554288","-8.1617434","","Jun 28, 2026, 12:45:10 AM","Faldeo Adrean Falsa","Tumbuhan","","","","","","","","","","","","Tumbuhan Tambora","","","","Nara (lokal)","","","","","","","","","","Sehat","","","","","","","","","","","","","","Tumbuhan kayu keras","","","","1971f56fc047450eaca4e96171478bee"
"Patrol","26","May 17, 2026","12:32:53 PM","118.096245","-8.162141666666667","","Jun 28, 2026, 12:45:09 AM","Faldeo Adrean Falsa","Tumbuhan","","","","","","","","","","","","Luhu - Walikukun - Schoutenia ovata","","","","","","","","","","","","","","Sehat","","","","","","","","","","","","","","Tumbuhan kayu keras","","","","e62a0f0a678d4b4f8661c89183672c33"
"Patrol","25","May 17, 2026","12:32:17 PM","118.09619333333333","-8.162161666666666","","Jun 28, 2026, 12:45:09 AM","Faldeo Adrean Falsa","Tumbuhan","","","","","","","","","","","","Monggo Kala - Salam - Syzygium polyanthum","","","","","","","","","","","","","","Sehat","","","","","","","","","","","","","","Tumbuhan kayu keras","","","","739c06bb7c6747a88d47b209f6c0057e"
"Patrol","5","May 17, 2026","12:32:01 PM","118.09556732","-8.16175707","","Jun 28, 2026, 12:45:10 AM","Faldeo Adrean Falsa","Tumbuhan","","","","","","","","","","","","Tumbuhan Tambora","","","","Nara (lokal)","","","","","","","","","","Sehat","","","","","","","","","","","","","","Tumbuhan kayu keras","","","","7034dfd3c69648b19efe8a3e07ed824b"
"Patrol","24","May 17, 2026","12:31:45 PM","118.09618999999999","-8.16211","","Jun 28, 2026, 12:45:09 AM","Faldeo Adrean Falsa","Tumbuhan","","","","","","","","","","","","Loa - Trenggulun - Protium javanicum","","","","","","","","","","","","","","Sehat","","","","","","","","","","","","","","Tumbuhan kayu keras","","","","e88165eab3544335a5a1075a4a177bda"
"Patrol","23","May 17, 2026","12:30:51 PM","118.09618999999999","-8.16211","","Jun 28, 2026, 12:45:09 AM","Faldeo Adrean Falsa","Tumbuhan","","","","","","","","","","","","Monggo Kala - Salam - Syzygium polyanthum","","","","","","","","","","","","","","Sehat","","","","","","","","","","","","","","Tumbuhan kayu keras","","","","9179295ca4d849b5876767bc232125e9"
"Patrol","4","May 17, 2026","12:28:40 PM","118.09551441","-8.16179346","","Jun 28, 2026, 12:45:10 AM","Faldeo Adrean Falsa","Tumbuhan","","","","","","","","","","","","Belum Ada di List","","","","Loka (?), belum teridentifikasi","","","","","","","","","","Sehat","","","","","","","","","","","","","","Tumbuhan kayu keras","","","","5602242f724e4b5f9ab456cfac760f92"
"Patrol","3","May 17, 2026","12:25:34 PM","118.09554897","-8.16178235","","Jun 28, 2026, 12:45:10 AM","Faldeo Adrean Falsa","Tumbuhan","","","","","","","","","","","","Monggo Kala - Salam - Syzygium polyanthum","","","","","","","","","","","","","","Sehat","","","","","","","","","","","","","","Tumbuhan kayu keras","","","","66e5c907ff8a4c36b9616109bc95c10c"
"Patrol","2","May 17, 2026","12:24:12 PM","118.0955291","-8.16178552","","Jun 28, 2026, 12:45:10 AM","Faldeo Adrean Falsa","Tumbuhan","","","","","","","","","","","","Rino - Cenderai - Grewia eriocarpa","","","","","","","","","","","","","","Sehat","","","","","","","","","","","","","","Tumbuhan kayu keras","","","","833cf1822fea4bdd9bd6064d2c5eb17a"
"Patrol","18","May 16, 2026","12:35:56 PM","118.09651000000001","-8.236131666666667","","Jun 28, 2026, 12:45:10 AM","Faldeo Adrean Falsa","Tumbuhan","","","","","","","","","","","","Toa - Ketimunan - Timonius timon","","","","","","","","","","","","","","Sehat","","","","","","","","","","","","","","Tumbuhan kayu keras","","","","ed925c2e27414ffe9aea919e03c75b9b"
"Patrol","17","May 16, 2026","12:34:50 PM","118.096555","-8.23603","","Jun 28, 2026, 12:45:10 AM","Faldeo Adrean Falsa","Tumbuhan","","","","","","","","","","","","Sarume maju - Malaka - Phyllanthus emblica","","","","","","","","","","","","","","Sehat","","","","","","","","","","","","","","Tumbuhan kayu keras","","","","e3a13a2e3874445cb9f737382a142a76"
"Patrol","16","May 16, 2026","12:34:14 PM","118.096555","-8.23603","","Jun 28, 2026, 12:45:10 AM","Faldeo Adrean Falsa","Tumbuhan","","","","","","","","","","","","Sareo - Terisi - Albizia lebbekoides","","","","","","","","","","","","","","Sehat","","","","","","","","","","","","","","Tumbuhan kayu keras","","","","9f8aeae0684a4dc0875e69a7fd6d460d"
"Patrol","15","May 16, 2026","12:33:24 PM","118.09645333333334","-8.236048333333335","","Jun 28, 2026, 12:45:10 AM","Faldeo Adrean Falsa","Tumbuhan","","","","","","","","","","","","Toa - Ketimunan - Timonius timon","","","","","","","","","","","","","","Sehat","","","","","","","","","","","","","","Tumbuhan kayu keras","","","","75fadc4f51134199a4da7199419de2c0"
"Patrol","14","May 16, 2026","12:27:15 PM","118.09598166666667","-8.236116666666668","","Jun 28, 2026, 12:45:10 AM","Faldeo Adrean Falsa","Ground Check","Tutupan Lahan","","","","","","","","","","","","","","","","Non Open Area","Belukar","","","","","","","","","","","","","","","","","","","","","","","","","","9eae34f95e1c4f71b121521f16e00ee4"
"Patrol","13","May 16, 2026","12:25:51 PM","118.09598166666667","-8.236116666666668","","Jun 28, 2026, 12:45:10 AM","Faldeo Adrean Falsa","Ground Check","Tipe Ekosistem","","","","","","","","","","","","","","","","","","Alami","Ekosistem Teresterial","Daratan Rendah (0-1000mdpl)","Savana","","","","","","","","","","","","","","","","","","","","","","34fd9a4ff9f24e81aed0e08e8829a17c"
"Patrol","11","May 16, 2026","12:23:56 PM","118.09598166666667","-8.236116666666668","","Jun 28, 2026, 12:45:10 AM","Faldeo Adrean Falsa","Tumbuhan","","","","","","","","","","","","Sarume maju - Malaka - Phyllanthus emblica","","","","","","","","","","","","","","Sehat","","","","","","","","","","","","","","Tumbuhan kayu keras","","","","fa90c774ab0d495ca07162944a1366c4"
"Patrol","10","May 16, 2026","12:23:08 PM","118.09598166666667","-8.236116666666668","","Jun 28, 2026, 12:45:09 AM","Faldeo Adrean Falsa","Tumbuhan","","","","","","","","","","","","Safiri - Kapasan/Kemesoe - Mallotus philippensis","","","","","","","","","","","","","","Sehat","","","","","","","","","","","","","","Tumbuhan kayu keras","","","","88adec79f0dd41deb9d9bb2ded872524"
"Patrol","9","May 16, 2026","12:22:00 PM","118.09604499999999","-8.236046666666665","","Jun 28, 2026, 12:45:09 AM","Faldeo Adrean Falsa","Tumbuhan","","","","","","","","","","","","Mposu - Awar-awar - Ficus septica","","","","","","","","","","","","","","Sehat","","","","","","","","","","","","","","Tumbuhan kayu keras","","","","5560d551b00645b6aa8c6de2b6344370"
"Patrol","8","May 16, 2026","12:20:19 PM","118.09604499999999","-8.236046666666665","","Jun 28, 2026, 12:45:10 AM","Faldeo Adrean Falsa","Satwa Liar","Perjumpaan Satwa","","","","","","","","","Tidak tahu","Cucak kutilang - Pycnonotus aurigaster","","3.0","","","","","","","","","","","","Sehat","","","","","","","","","","","ekor","Unknown","","","","Tidak tahu","","","0e6c6bda4fb34b01b18671125ca7b1cd"
"Patrol","7","May 16, 2026","12:18:21 PM","118.09606000000001","-8.236005","","Jun 28, 2026, 12:45:10 AM","Faldeo Adrean Falsa","Satwa Liar","Perjumpaan Satwa","","","","","","","","","Tidak tahu","Burung","","2.0","","","Alap-alap (Falco sp.)","","","","","","","","","Sehat","","","","","","","","","","","ekor","Unknown","","","","Tidak tahu","","","f5e5ab83d99f43cd87aa231125f1366a"
"Patrol","6","May 16, 2026","12:16:46 PM","118.09606000000001","-8.236005","","Jun 28, 2026, 12:45:10 AM","Faldeo Adrean Falsa","Tumbuhan","","","","","","","","","","","","Sarume maju - Malaka - Phyllanthus emblica","","","","","","","","","","","","","","Sehat","","","","","","","","","","","","","","Tumbuhan kayu keras","","","","9b0b89994f3346c3b2d41c2e04bc0f07"
"Patrol","5","May 16, 2026","12:15:42 PM","118.09616833333332","-8.235965","","Jun 28, 2026, 12:45:10 AM","Faldeo Adrean Falsa","Tumbuhan","","","","","","","","","","","","Danta ndolo - Mahang - Macaranga tanarius","","","","","","","","","","","","","","Sehat","","","","","","","","","","","","","","Tumbuhan kayu keras","","","","5894bba73fd1436cb554a1118110ef75"
"Patrol","4","May 16, 2026","12:13:37 PM","118.09631166666668","-8.235988333333333","","Jun 28, 2026, 12:45:10 AM","Faldeo Adrean Falsa","Tumbuhan","","","","","","","","","","","","Sarume maju - Malaka - Phyllanthus emblica","","","","","","","","","","","","","","Sehat","","","","","","","","","","","","","","Tumbuhan kayu keras","","","","7fb2e5cb9b5a4481bfac53b48ac7f1d2"
"Patrol","3","May 16, 2026","12:12:05 PM","118.09649833333333","-8.235878333333334","","Jun 28, 2026, 12:45:10 AM","Faldeo Adrean Falsa","Tumbuhan","","","","","","","","","","","","Sareo - Terisi - Albizia lebbekoides","","","","","","","","","","","","","","Sehat","","","","","","","","","","","","","","Tumbuhan kayu keras","","","","3a62a8e40fbd4ff6a7c313b6a8b5434e"
"Patrol","21","May 16, 2026","11:45:38 AM","117.98469505","-8.20263207","","Jun 28, 2026, 12:45:21 AM","Faldeo Adrean Falsa","Tumbuhan","","","","","","","","","","","","Tumbuhan Tambora","","","","Sarou - Bangsal - Engelhardia spicata","","","","","","","","","","Sehat","","","","","","","","","","","","","","Tumbuhan kayu keras","","","","e42072fe133148999da6bcfcf9740b81"
"Patrol","21","May 16, 2026","11:45:38 AM","117.98469505","-8.20263207","","Jun 28, 2026, 12:45:21 AM","Faldeo Adrean Falsa","Tumbuhan","","","","","","","","","","","","Tumbuhan Tambora","","","","Rumput padang - Poaceae","","","","","","","","","","","","","","","","","","","","","","","","Tumbuhan Bawah","","","","e42072fe133148999da6bcfcf9740b81"
"Patrol","21","May 16, 2026","11:45:38 AM","117.98469505","-8.20263207","","Jun 28, 2026, 12:45:21 AM","Faldeo Adrean Falsa","Tumbuhan","","","","","","","","","","","","Tumbuhan Tambora","","","","Edelweis - Asteraceae","","","","","","","","","","","","","","","","","","","","","","","","Tumbuhan Bawah","","","","e42072fe133148999da6bcfcf9740b81"
"Patrol","2","May 16, 2026","11:45:09 AM","118.09639166666666","-8.235965","","Jun 28, 2026, 12:45:10 AM","Faldeo Adrean Falsa","Tumbuhan","","","","","","","","","","","","Sarume maju - Malaka - Phyllanthus emblica","","","","","","","","","","","","","","Sehat","","","","","","","","","","","","","","Tumbuhan kayu keras","","","","1c27d71134fe40dc9a0dad1a3a1836c7"
"Patrol","19","May 16, 2026","11:37:30 AM","117.98478572","-8.20475917","","Jun 28, 2026, 12:45:21 AM","Faldeo Adrean Falsa","Ground Check","Tutupan Lahan","","","","","","","","","","","","","","","","Non Open Area","Savana/ Padang Rumput","","","","","","","","","","","","","","","","","","","","","","","","","","1aaa0baeef574f29bc938180d11c6058"
"Patrol","19","May 16, 2026","11:37:30 AM","117.98478572","-8.20475917","","Jun 28, 2026, 12:45:21 AM","Faldeo Adrean Falsa","Ground Check","Tipe Ekosistem","","","","","","","","","","","","","","","","","","Alami","Ekosistem Teresterial","Pegunungan Atas (1500-2400mdpl)","Savana","","","","","","","","","","","","","","","","","","","","","","1aaa0baeef574f29bc938180d11c6058"
"Patrol","16","May 16, 2026","10:46:26 AM","117.98471703","-8.20618693","","Jun 28, 2026, 12:45:21 AM","Faldeo Adrean Falsa","Tumbuhan","","","","","","","","","","","","Cemara - Casuarina Sp","","","","Casuarina junghuhniana","","","","","","","","","","Sehat","","","","","","","","","","","","","","Tumbuhan kayu keras","","","","de8262438bef4250a5ac65a48cdf29e0"
"Patrol","16","May 16, 2026","10:46:26 AM","117.98471703","-8.20618693","","Jun 28, 2026, 12:45:21 AM","Faldeo Adrean Falsa","Tumbuhan","","","","","","","","","","","","Tumbuhan Tambora","","","","Teride bura - Elsholtzia pubescens","","","","","","","","","","","","","","","","","","","","","","","","Tumbuhan Bawah","","","","de8262438bef4250a5ac65a48cdf29e0"
"Patrol","16","May 16, 2026","10:46:26 AM","117.98471703","-8.20618693","","Jun 28, 2026, 12:45:21 AM","Faldeo Adrean Falsa","Fitur","Media Informasi","","","","","","","","","","","","","","","","","","","","","","","Baik","","","","","","","","","","","Ya","","","","","Papan informasi","","","","de8262438bef4250a5ac65a48cdf29e0"
"Patrol","15","May 16, 2026","10:42:14 AM","117.98454622","-8.20654707","","Jun 28, 2026, 12:45:21 AM","Faldeo Adrean Falsa","Tumbuhan","","","","","","","","","","","","Edelweis - Anaphalis longifolia","","","","","","","","","","","","","","","","","","","","","","","","","","","","Tumbuhan Bawah","","","","e01b5b1299ee4c76a405f61d7cddbaf7"
"Patrol","14","May 16, 2026","10:39:46 AM","117.98430062","-8.20730333","","Jun 28, 2026, 12:45:21 AM","Faldeo Adrean Falsa","Tumbuhan","","","","","","","","","","","","Tumbuhan Tambora","","","","Emilia sp. - Asteraceae","","","","","","","","","","Sehat","","","","","","","","","","","","","","Tumbuhan Bawah","","","","9b79a353d7ab48d4a6027d31e49a0415"
"Patrol","13","May 16, 2026","10:38:00 AM","117.98421588","-8.20757233","","Jun 28, 2026, 12:45:21 AM","Faldeo Adrean Falsa","Tumbuhan","","","","","","","","","","","","Edelweis - Anaphalis longifolia","","","","","","","","","","","","","","","","","","","","","","","","","","","","Tumbuhan Bawah","","","","534f9feb54214ecc87fba73b0e37151b"
"Patrol","9","May 16, 2026","10:35:38 AM","117.9843173","-8.20835326","","Jun 28, 2026, 12:45:20 AM","Faldeo Adrean Falsa","Tumbuhan","","","","","","","","","","","","Papi - Tesek - Dodonaea viscosa","","","","","","","","","","","","","","","","","","","","","","","","","","","","Tumbuhan fungsi lainnya","","","","ab67a4bdb07943bd98420c1ee07d3c64"
"Patrol","9","May 16, 2026","10:35:38 AM","117.9843173","-8.20835326","","Jun 28, 2026, 12:45:20 AM","Faldeo Adrean Falsa","Tumbuhan","","","","","","","","","","","","Tumbuhan Tambora","","","","Wahlenbergia sp (mirip anggrek tanah)","","","","","","","","","","Sehat","","","","","","","","","","","","","","Tumbuhan Bawah","","","","ab67a4bdb07943bd98420c1ee07d3c64"
"Patrol","9","May 16, 2026","10:35:38 AM","117.9843173","-8.20835326","","Jun 28, 2026, 12:45:20 AM","Faldeo Adrean Falsa","Fitur","Media Informasi","","","","","","","","","","","","","","","","","","","","","","","Baik","","","","","","","","","","","Tidak","","","","","Papan penunjuk arah","","","","ab67a4bdb07943bd98420c1ee07d3c64"
"Patrol","9","May 16, 2026","10:35:38 AM","117.9843173","-8.20835326","","Jun 28, 2026, 12:45:20 AM","Faldeo Adrean Falsa","Tumbuhan","","","","","","","","","","","","Tumbuhan Tambora","","","","Teride bura - Elsholtzia pubescens","","","","","","","","","","Sehat","","","","","","","","","","","","","","Tumbuhan Bawah","","","","ab67a4bdb07943bd98420c1ee07d3c64"
"Patrol","7","May 16, 2026","10:26:11 AM","117.98480523","-8.21196495","","Jun 28, 2026, 12:45:20 AM","Faldeo Adrean Falsa","Ground Check","Tipe Ekosistem","","","","","","","","","","","","","","","","","","Alami","Ekosistem Teresterial","Pegunungan Atas (1500-2400mdpl)","Savana","","","","","","","","","","","","","","","","","","","","","","fe5ca8499725484d8609c807e1c7716a"
"Patrol","7","May 16, 2026","10:26:11 AM","117.98480523","-8.21196495","","Jun 28, 2026, 12:45:20 AM","Faldeo Adrean Falsa","Ground Check","Tutupan Lahan","","","","","","","","","","","","","","","","Non Open Area","Savana/ Padang Rumput","","","","","","","","","","","","","","","","","","","","","","","","","","fe5ca8499725484d8609c807e1c7716a"
"Patrol","6","May 16, 2026","10:24:16 AM","117.98490687","-8.21220119","","Jun 28, 2026, 12:45:20 AM","Faldeo Adrean Falsa","Tumbuhan","","","","","","","","","","","","Edelweis - Anaphalis longifolia","","","","","","","","","","","","","","","","","","","","","","","","","","","","Tumbuhan Bawah","","","","457e5f1afc9742e59cca83d32a35f549"
"Patrol","5","May 16, 2026","10:18:14 AM","117.98495398","-8.21460589","","Jun 28, 2026, 12:45:20 AM","Faldeo Adrean Falsa","Tumbuhan","","","","","","","","","","","","Tumbuhan Tambora","","","","Teride bura - Elsholtzia pubescens - Lamiaceae","","","","","","","","","","Sehat","","","","","","","","","","","","","","Tumbuhan Bawah","","","","c25b0db7b1d7427bbf7e371f7c3f0a54"
"Patrol","4","May 16, 2026","10:14:33 AM","117.98481168","-8.21535312","","Jun 28, 2026, 12:45:20 AM","Faldeo Adrean Falsa","Tumbuhan","","","","","","","","","","","","Edelweis - Anaphalis viscida","","","","","","","","","","","","","","","","","","","","","","","","","","","","Tumbuhan Bawah","","","","10ec1582b4f6458684ecfd82731e82fd"
"Patrol","3","May 16, 2026","10:12:42 AM","117.98488911","-8.21573963","","Jun 28, 2026, 12:45:20 AM","Faldeo Adrean Falsa","Tumbuhan","","","","","","","","","","","","Tumbuhan Tambora","","","","Pakis gunung - Selliguea feei","","","","","","","","","","Sehat","","","","","","","","","","","","","","Tumbuhan Bawah","","","","a555943e687c4e33a4119e71c09ce93f"
"Patrol","2","May 16, 2026","10:10:36 AM","117.98476068","-8.21612712","","Jun 28, 2026, 12:45:20 AM","Faldeo Adrean Falsa","Tumbuhan","","","","","","","","","","","","Papi - Tesek - Dodonaea viscosa","","","","","","","","","","","","","","","","","","","","","","","","","","","","Tumbuhan fungsi lainnya","","","","8a0d3ca8cda5420791d879615b8c0b06"
"Patrol","49","May 15, 2026","4:24:45 PM","117.97566232","-8.16984328","","Jun 28, 2026, 12:45:20 AM","Faldeo Adrean Falsa","Fitur","Media Informasi","","","","","","","","","","","","","","","","","","","","","","","Kondisi lainnya","","","","","","","","","","","Ya","","","","","Media informasi lainnya","","","","82e06b12247042ac8b20601d12721cc3"
"Patrol","46","May 15, 2026","2:08:40 PM","117.979969","-8.16100733","","Jun 28, 2026, 12:45:20 AM","Faldeo Adrean Falsa","Satwa Liar","Tanda Satwa","","","","","","","","","","Wiwik rimba - Cacomantis variolosus","","","","","","","","","","","","","","","","","","","","","","","","","","","","","Suara","","","","2018e243ae7f496f95bf695d81865548"
"Patrol","46","May 15, 2026","2:08:40 PM","117.979969","-8.16100733","","Jun 28, 2026, 12:45:20 AM","Faldeo Adrean Falsa","Tumbuhan","","","","","","","","","","","","Tumbuhan Tambora","","","","Rotan - Calamus sp. - Arecaceae","","","","","","","","","","Sehat","","","","","","","","","","","","","","Tumbuhan Bawah","","","","2018e243ae7f496f95bf695d81865548"
"Patrol","46","May 15, 2026","2:08:40 PM","117.979969","-8.16100733","","Jun 28, 2026, 12:45:20 AM","Faldeo Adrean Falsa","Tumbuhan","","","","","","","","","","","","Tumbuhan Tambora","","","","Kabaho kafa - Trema affine Pancang 4 meter","","","","","","","","","","Sehat","","","","","","","","","","","","","","Tumbuhan fungsi lainnya","","","","2018e243ae7f496f95bf695d81865548"
"Patrol","45","May 15, 2026","1:30:49 PM","117.98168024","-8.15853418","","Jun 28, 2026, 12:45:20 AM","Faldeo Adrean Falsa","Tumbuhan","","","","","","","","","","","","Tumbuhan Tambora","","","","Kabaho kafa - Melastoma tomentosa Habitus pohon perdu","","","","","","","","","","Sehat","","","","","","","","","","","","","","Tumbuhan fungsi lainnya","","","","26e87aa4e9dd44379e282412296e3f0f"
"Patrol","42","May 15, 2026","12:06:06 PM","117.98229334","-8.15796374","","Jun 28, 2026, 12:45:20 AM","Faldeo Adrean Falsa","Fitur","Media Informasi","","","","","","","","","","","","","","","Papan Penanda Pos 3","","","","","","","","Baik","","","","","","","","","","","Tidak","","","","","Papan penunjuk arah","","","","42cbe695b8ae4d489c6326ab69a5b4bc"
"Patrol","41","May 15, 2026","11:47:17 AM","117.98475727","-8.15579426","","Jun 28, 2026, 12:45:20 AM","Faldeo Adrean Falsa","Satwa Liar","Tanda Satwa","","","","","","","","","","Nuri Pipi Merah - Geoffroyus geoffroyi","","","","","2 ekor","","","","","","","","","","","","","","","","","","","","","","","","Suara","","","","dfd13147bf5f44628dc07fba23d354e0"
"Patrol","40","May 15, 2026","11:42:07 AM","117.98578959","-8.15538941","","Jun 28, 2026, 12:45:19 AM","Faldeo Adrean Falsa","Tumbuhan","","","","","","","","","","","","Angrek","","","","Anggrek permata - Goodyera sp.","","","","","","","","","","Sehat","","","","","","","","","","","","","","Tumbuhan Bawah","","","","c0aa63b803f84bbaae476b977b3d40de"
"Patrol","39","May 15, 2026","11:33:50 AM","117.98621948","-8.15482158","","Jun 28, 2026, 12:45:19 AM","Faldeo Adrean Falsa","Tumbuhan","","","","","","","","","","","","Tumbuhan Tambora","","","","Rotan - Calamus sp. - Arecaceae","","","","","","","","","","Sehat","","","","","","","","","","","","","","Tumbuhan fungsi lainnya","","","","c43999ddaef8451bbe10fef97a3573e1"
"Patrol","22","May 15, 2026","11:27:40 AM","118.17777499999998","-8.327378333333334","","Jun 28, 2026, 12:45:09 AM","Faldeo Adrean Falsa","Tumbuhan","","","","","","","","","","","","Sambi - Kesambi - Schleichera oleosa","","","","","","","","","","","","","","Sehat","","","","","","","","","","","","","","Tumbuhan kayu keras","","","","d35b0f57b3df4d86bfe2b100361526bd"
"Patrol","21","May 15, 2026","11:26:28 AM","118.17746000000001","-8.327216666666667","","Jun 28, 2026, 12:45:09 AM","Faldeo Adrean Falsa","Tumbuhan","","","","","","","","","","","","Sambi - Kesambi - Schleichera oleosa","","","","","","","","","","","","","","Sehat","","","","","","","","","","","","","","Tumbuhan kayu keras","","","","62d6ccf6198d4ad49a383a60cc1750b7"
"Patrol","20","May 15, 2026","11:25:26 AM","118.17751333333332","-8.327083333333333","","Jun 28, 2026, 12:45:09 AM","Faldeo Adrean Falsa","Tumbuhan","","","","","","","","","","","","Luhu - Walikukun - Schoutenia ovata","","","","","","","","","","","","","","Sehat","","","","","","","","","","","","","","Tumbuhan kayu keras","","","","b5e01af0654b4f458fa21e49b555c2a2"
"Patrol","19","May 15, 2026","11:24:49 AM","118.17751500000001","-8.327086666666666","","Jun 28, 2026, 12:45:09 AM","Faldeo Adrean Falsa","Tumbuhan","","","","","","","","","","","","Luhu - Walikukun - Schoutenia ovata","","","","","","","","","","","","","","Sehat","","","","","","","","","","","","","","Tumbuhan kayu keras","","","","3312bfb55211453589f04c1edbe4887f"
"Patrol","18","May 15, 2026","11:23:15 AM","118.17752333333334","-8.327138333333332","","Jun 28, 2026, 12:45:09 AM","Faldeo Adrean Falsa","Tumbuhan","","","","","","","","","","","","Safare Bura","","","","","","","","","","","","","","Sehat","","","","","","","","","","","","","","Tumbuhan kayu keras","","","","215a891d19444a18b104c668a1f7f5f6"
"Patrol","17","May 15, 2026","11:22:28 AM","118.177525","-8.327195","","Jun 28, 2026, 12:45:09 AM","Faldeo Adrean Falsa","Tumbuhan","","","","","","","","","","","","Luhu - Walikukun - Schoutenia ovata","","","","","","","","","","","","","","Sehat","","","","","","","","","","","","","","Tumbuhan kayu keras","","","","de8d877bd6d248c7a640097a8ee706b8"
"Patrol","16","May 15, 2026","11:21:44 AM","118.17758833333333","-8.32722","","Jun 28, 2026, 12:45:09 AM","Faldeo Adrean Falsa","Tumbuhan","","","","","","","","","","","","Sambi - Kesambi - Schleichera oleosa","","","","","","","","","","","","","","Sehat","","","","","","","","","","","","","","Tumbuhan kayu keras","","","","ddb85ab73245480ab643377348f7a9d7"
"Patrol","15","May 15, 2026","11:20:56 AM","118.17755000000001","-8.327328333333332","","Jun 28, 2026, 12:45:09 AM","Faldeo Adrean Falsa","Tumbuhan","","","","","","","","","","","","Sarume maju - Malaka - Phyllanthus emblica","","","","","","","","","","","","","","Sehat","","","","","","","","","","","","","","Tumbuhan kayu keras","","","","7ed6a86423294db498ee434b33affd0e"
"Patrol","14","May 15, 2026","11:20:10 AM","118.17755666666666","-8.327356666666667","","Jun 28, 2026, 12:45:09 AM","Faldeo Adrean Falsa","Tumbuhan","","","","","","","","","","","","Safare Bura","","","","","","","","","","","","","","Sehat","","","","","","","","","","","","","","Tumbuhan kayu keras","","","","23fc8f1d329c444dbc7ba3d725231673"
"Patrol","13","May 15, 2026","11:19:21 AM","118.17756833333333","-8.327415","","Jun 28, 2026, 12:45:09 AM","Faldeo Adrean Falsa","Tumbuhan","","","","","","","","","","","","Sarume maju - Malaka - Phyllanthus emblica","","","","","","","","","","","","","","Sehat","","","","","","","","","","","","","","Tumbuhan kayu keras","","","","b306c0006a8e43239fee17fcb66b40d1"
"Patrol","12","May 15, 2026","11:18:40 AM","118.17759666666667","-8.327438333333333","","Jun 28, 2026, 12:45:09 AM","Faldeo Adrean Falsa","Tumbuhan","","","","","","","","","","","","Belum Ada di List","","","","Nonu (lokal)","","","","","","","","","","Sehat","","","","","","","","","","","","","","Tumbuhan kayu keras","","","","5d1a891b21ad47f985177c347f9b0d82"
"Patrol","11","May 15, 2026","11:16:52 AM","118.17745333333332","-8.327436666666667","","Jun 28, 2026, 12:45:09 AM","Faldeo Adrean Falsa","Tumbuhan","","","","","","","","","","","","Sarume maju - Malaka - Phyllanthus emblica","","","","","","","","","","","","","","Sehat","","","","","","","","","","","","","","Tumbuhan kayu keras","","","","62b5fd0f5c454c989f46c1a60faba5b3"
"Patrol","10","May 15, 2026","11:16:01 AM","118.17744333333333","-8.327546666666667","","Jun 28, 2026, 12:45:09 AM","Faldeo Adrean Falsa","Tumbuhan","","","","","","","","","","","","Rangga - Bidara - Ziziphus mauritiana","","","","","","","","","","","","","","Sehat","","","","","","","","","","","","","","Tumbuhan kayu keras","","","","86c6a6316f06468b8a646709b549fda0"
"Patrol","33","May 15, 2026","11:15:40 AM","117.98623191","-8.15439247","","Jun 28, 2026, 12:45:19 AM","Faldeo Adrean Falsa","Tumbuhan","","","","","","","","","","","","Sori bura - Jambu anum - Syzygium racemosum","","","","","","","","","","","","","","Sehat","","","","","","","","","","","","","","Tumbuhan pakan satwa","","","","cee28c3531ce49b68d681f512b7fbfea"
"Patrol","33","May 15, 2026","11:15:40 AM","117.98623191","-8.15439247","","Jun 28, 2026, 12:45:19 AM","Faldeo Adrean Falsa","Satwa Liar","Tanda Satwa","","","","","","","","","","Ayam Hutan Hijau - Gallus varius","","","","","","","","","","","","","","","","","","","","","","","","","","","","","Suara","","","","cee28c3531ce49b68d681f512b7fbfea"
"Patrol","33","May 15, 2026","11:15:40 AM","117.98623191","-8.15439247","","Jun 28, 2026, 12:45:19 AM","Faldeo Adrean Falsa","Tumbuhan","","","","","","","","","","","","Tumbuhan Tambora","","","","Soka - Ardisia kajumarina","","","","","","","","","","Sehat","","","","","","","","","","","","","","Tumbuhan pakan satwa","","","","cee28c3531ce49b68d681f512b7fbfea"
"Patrol","33","May 15, 2026","11:15:40 AM","117.98623191","-8.15439247","","Jun 28, 2026, 12:45:19 AM","Faldeo Adrean Falsa","Tumbuhan","","","","","","","","","","","","Tumbuhan Tambora","","","","Sarou - Bangsal - Engelhardia spicata","","","","","","","","","","Sehat","","","","","","","","","","","","","","Tumbuhan kayu keras","","","","cee28c3531ce49b68d681f512b7fbfea"
"Patrol","9","May 15, 2026","11:14:37 AM","118.17743666666665","-8.327661666666668","","Jun 28, 2026, 12:45:09 AM","Faldeo Adrean Falsa","Tumbuhan","","","","","","","","","","","","Rufe -  - Piliostigma malabaricum","","","","","","","","","","","","","","Sehat","","","","","","","","","","","","","","Tumbuhan kayu keras","","","","d427a95b62a24b688c1f5094dfc79d3f"
"Patrol","8","May 15, 2026","11:13:38 AM","118.17752999999999","-8.327675","","Jun 28, 2026, 12:45:09 AM","Faldeo Adrean Falsa","Tumbuhan","","","","","","","","","","","","Sambi - Kesambi - Schleichera oleosa","","","","","","","","","","","","","","Sehat","","","","","","","","","","","","","","Tumbuhan kayu keras","","","","9bf27a7147d74675bc712acabb09033f"
"Patrol","7","May 15, 2026","11:13:00 AM","118.17756833333333","-8.327593333333335","","Jun 28, 2026, 12:45:09 AM","Faldeo Adrean Falsa","Tumbuhan","","","","","","","","","","","","Rangga - Bidara - Ziziphus mauritiana","","","","","","","","","","","","","","Sehat","","","","","","","","","","","","","","Tumbuhan kayu keras","","","","28a764f89b204ae1bc596acb8d167875"
"Patrol","6","May 15, 2026","11:11:45 AM","118.17763500000001","-8.32764","","Jun 28, 2026, 12:45:09 AM","Faldeo Adrean Falsa","Tumbuhan","","","","","","","","","","","","Sambi - Kesambi - Schleichera oleosa","","","","","","","","","","","","","","Sehat","","","","","","","","","","","","","","Tumbuhan kayu keras","","","","ec99ee4224b8422685073d0a3ea0af20"
"Patrol","5","May 15, 2026","11:11:11 AM","118.17765","-8.327671666666667","","Jun 28, 2026, 12:45:09 AM","Faldeo Adrean Falsa","Tumbuhan","","","","","","","","","","","","Sambi - Kesambi - Schleichera oleosa","","","","","","","","","","","","","","Sehat","","","","","","","","","","","","","","Tumbuhan kayu keras","","","","565dfc12a6fa46efb6c0f0ed243667cc"
"Patrol","4","May 15, 2026","11:10:13 AM","118.17771833333333","-8.32771","","Jun 28, 2026, 12:45:09 AM","Faldeo Adrean Falsa","Tumbuhan","","","","","","","","","","","","Sambi - Kesambi - Schleichera oleosa","","","","","","","","","","","","","","Sehat","","","","","","","","","","","","","","Tumbuhan kayu keras","","","","49da04c1a64749e68c6b943173b0e1eb"
"Patrol","3","May 15, 2026","11:09:13 AM","118.17780166666668","-8.327723333333333","","Jun 28, 2026, 12:45:09 AM","Faldeo Adrean Falsa","Tumbuhan","","","","","","","","","","","","Sambi - Kesambi - Schleichera oleosa","","","","","","","","","","","","","","Sehat","","","","","","","","","","","","","","Tumbuhan kayu keras","","","","a08284261393495e8480ee8276c2ac88"
"Patrol","2","May 15, 2026","11:07:32 AM","118.17777166666669","-8.328085","","Jun 28, 2026, 12:45:09 AM","Faldeo Adrean Falsa","Tumbuhan","","","","","","","","","","","","Luhu - Walikukun - Schoutenia ovata","","","","","","","","","","","","","","Sehat","","","","","","","","","","","","","","Tumbuhan kayu keras","","","","b10fa96e56fe49a5bd39e413738e6317"
"Patrol","32","May 15, 2026","10:48:45 AM","117.98785915","-8.15294926","","Jun 28, 2026, 12:45:19 AM","Faldeo Adrean Falsa","Tumbuhan","","","","","","","","","","","","Angrek","","","","Nervilia sp","","","","","","","","","","Sehat","","","","","","","","","","","","","","Tumbuhan Bawah","","","","e36c5e1b3cf442c1a7ffaeed15564a34"
"Patrol","31","May 15, 2026","10:35:38 AM","117.98884177","-8.15152222","","Jun 28, 2026, 12:45:19 AM","Faldeo Adrean Falsa","Tumbuhan","","","","","","","","","","","","Angrek","","","","Liparis sp","","","","","","","","","","Sehat","","","","","","","","","","","","","","Tumbuhan Bawah","","","","979f474f7c17465893f11c78c1f395cb"
"Patrol","29","May 15, 2026","10:25:01 AM","117.98999991","-8.15048834","","Jun 28, 2026, 12:45:19 AM","Faldeo Adrean Falsa","Satwa Liar","Tanda Satwa","","","","","","","","","","Cikukua tanduk - Philemon buceroides","","","","","","","","","","","","","","","","","","","","","","","","","","","","","Suara","","","","21136bf64c69487db9cf09c8681788c1"
"Patrol","29","May 15, 2026","10:25:01 AM","117.98999991","-8.15048834","","Jun 28, 2026, 12:45:19 AM","Faldeo Adrean Falsa","Tumbuhan","","","","","","","","","","","","Angrek","","","","Liparis sp. atau Malaxis sp.","","","","","","","","","","","","","","","","","","","","","","","","Tumbuhan Bawah","","","","21136bf64c69487db9cf09c8681788c1"
"Patrol","28","May 15, 2026","10:12:15 AM","117.99159071","-8.14829483","","Jun 28, 2026, 12:45:19 AM","Faldeo Adrean Falsa","Tumbuhan","","","","","","","","","","","","Tula - Legaran - Alstonia spectabilis","","","","","","","","","","","","","","Sehat","","","","","","","","","","","","","","Tumbuhan kayu keras","","","","a7cdf4bb8de04ed38af837d9dd3139c3"
"Patrol","26","May 15, 2026","10:11:01 AM","117.99164831","-8.14822983","","Jun 28, 2026, 12:45:19 AM","Faldeo Adrean Falsa","Tumbuhan","","","","","","","","","","","","Subaha - Genitri - Elaeocarpus angustifolius","","","","ditempeli Melia azedarach","","","","","","","","","","Sehat","","","","","","","","","","","","","","Tumbuhan kayu keras","","","","869e40397d0e49519eba8fda4336d52d"
"Patrol","26","May 15, 2026","10:11:01 AM","117.99164831","-8.14822983","","Jun 28, 2026, 12:45:19 AM","Faldeo Adrean Falsa","Tumbuhan","","","","","","","","","","","","Belum Ada di List","","","","Melia azedarach Mindi menempel di Genitri","","","","","","","","","","Sehat","","","","","","","","","","","","","","Tumbuhan kayu keras","","","","869e40397d0e49519eba8fda4336d52d"
"Patrol","25","May 15, 2026","10:08:04 AM","117.99167989","-8.14814497","","Jun 28, 2026, 12:45:19 AM","Faldeo Adrean Falsa","Tumbuhan","","","","","","","","","","","","Kalanggo - Rajumas - Duabanga moluccana","","","","d 1m tbc 15 tt 20","","","","","","","","","","Sehat","","","","","","","","","","","","","","Tumbuhan kayu keras","","","","8a0064dcebe24fbd88e4a55f8e94f58c"
"Patrol","24","May 15, 2026","10:04:47 AM","117.9917916","-8.14802399","","Jun 28, 2026, 12:45:19 AM","Faldeo Adrean Falsa","Satwa Liar","Perjumpaan Satwa","","","0.0","","0.0","","","","Tidak tahu","Belum ada di list","","1.0","","","Siput pisang - Ariolimax sp.","","","","","","","","","Sehat","","","","","","","","","","","ekor","Unknown","","","","Tidak tahu","","","835df4ad4ee44bcd9f08701e94291946"
"Patrol","21","May 15, 2026","10:01:43 AM","117.99199859","-8.14781439","","Jun 28, 2026, 12:45:18 AM","Faldeo Adrean Falsa","Tumbuhan","","","","","","","","","","","","Subaha - Genitri - Elaeocarpus angustifolius","","","","","","","","","","","","","","","","","","","","","","","","","","","","Tumbuhan kayu keras","","","","c88a0ccec43e4cd68cafd0e73ef03918"
"Patrol","21","May 15, 2026","10:01:43 AM","117.99199859","-8.14781439","","Jun 28, 2026, 12:45:18 AM","Faldeo Adrean Falsa","Satwa Liar","Tanda Satwa","","","","","","","","","","Nuri Pipi Merah - Geoffroyus geoffroyi","","","","","2 ekor","","","","","","","","","","","","","","","","","","","","","","","","Suara","","","","c88a0ccec43e4cd68cafd0e73ef03918"
"Patrol","21","May 15, 2026","10:01:43 AM","117.99199859","-8.14781439","","Jun 28, 2026, 12:45:18 AM","Faldeo Adrean Falsa","Tumbuhan","","","","","","","","","","","","Sori bura - Jambu anum - Syzygium racemosum","","","","","","","","","","","","","","Sehat","","","","","","","","","","","","","","Tumbuhan kayu keras","","","","c88a0ccec43e4cd68cafd0e73ef03918"
"Patrol","20","May 15, 2026","9:57:18 AM","117.99219587","-8.14763042","","Jun 28, 2026, 12:45:18 AM","Faldeo Adrean Falsa","Tumbuhan","","","","","","","","","","","","Sori bura - Jambu anum - Syzygium racemosum","","","","d 90-120 tbc 13 tt 20","","","","","","","","","","Sehat","","","","","","","","","","","","","","Tumbuhan kayu keras","","","","db98f8ae71f94f66b2bc7c74891826f5"
"Patrol","17","May 15, 2026","9:34:19 AM","117.99310098","-8.14650852","","Jun 28, 2026, 12:45:18 AM","Faldeo Adrean Falsa","Tumbuhan","","","","","","","","","","","","Tumbuhan Tambora","","","","Sarou - Bangsal - Engelhardia spicata d 70 cm tbc 10 tt 16","","","","","","","","","","Sehat","","","","","","","","","","","","","","Tumbuhan kayu keras","","","","63ee23f078384236a7cdc89a566c6f41"
"Patrol","16","May 15, 2026","9:31:52 AM","117.99320178","-8.14628659","","Jun 28, 2026, 12:45:18 AM","Faldeo Adrean Falsa","Satwa Liar","Tanda Satwa","","","","","","","","","","Nuri Pipi Merah - Geoffroyus geoffroyi","","","","","bersuara 1 ekor","","","","","","","","","","","","","","","","","","","","","","","","Suara","","","","9a5d7f5b8c0e4b9bb8bba97cb65c0978"
"Patrol","15","May 15, 2026","9:30:46 AM","117.99323607","-8.14603858","","Jun 28, 2026, 12:45:18 AM","Faldeo Adrean Falsa","Satwa Liar","Perjumpaan Satwa","","","0.0","","1.0","","","","Tidak tahu","Delimukan zamrud - Chalcophaps indica","","1.0","","","terbang rendah melintas","","","","","","","","","Sehat","","","","","","","","","","","ekor","Unknown","","","","Dewasa","","","8d2924b93f6144e0a282a5fac79555c3"
"Patrol","14","May 15, 2026","9:25:45 AM","117.99412321","-8.14512633","","Jun 28, 2026, 12:45:18 AM","Faldeo Adrean Falsa","Tumbuhan","","","","","","","","","","","","Tumbuhan Tambora","","","","Pakis ekor monyet - Alsophila sp - Cyatheaceae","","","","","","","","","","Sehat","","","","","","","","","","","","","","Tumbuhan Bawah","","","","094f0ab3c2c1445c9029a213c8df88f5"
"Patrol","12","May 15, 2026","9:22:20 AM","117.99479601","-8.14480617","","Jun 28, 2026, 12:45:18 AM","Faldeo Adrean Falsa","Satwa Liar","Tanda Satwa","","","","","","","","","","Cikukua tanduk - Philemon buceroides","","","","","suara 2 ekor","","","","","","","","","","","","","","","","","","","","","","","","Suara","","","","e29f73177130469cbe055d99d2a60a72"
"Patrol","12","May 15, 2026","9:22:20 AM","117.99479601","-8.14480617","","Jun 28, 2026, 12:45:18 AM","Faldeo Adrean Falsa","Tumbuhan","","","","","","","","","","","","Angrek","","","","Liparis sp atau Malaxis sp","","","","","","","","","","Sehat","","","","","","","","","","","","","","Tumbuhan Bawah","","","","e29f73177130469cbe055d99d2a60a72"
"Patrol","11","May 15, 2026","9:19:23 AM","117.99503311","-8.14479353","","Jun 28, 2026, 12:45:18 AM","Faldeo Adrean Falsa","Tumbuhan","","","","","","","","","","","","Belum Ada di List","","","","Sarou - Bangsal - Engelhardia spicata 3 pohon d 60-120cm tbc 5-7-9 tt 20","","","","","","","","","","Sehat","","","","","","","","","","","","","","Tumbuhan kayu keras","","","","77ceadb9f32f47139db24e6b43c43646"
"Patrol","10","May 15, 2026","9:13:31 AM","117.99605706","-8.14382383","","Jun 28, 2026, 12:45:18 AM","Faldeo Adrean Falsa","Satwa Liar","Tanda Satwa","","","","","","","","","","Babi Hutan - Sus scrofa","","","","","","","","","","","","","","","","","","","","","","","","","","","","","Kaisan","","Cukup baru (1 - 2 minggu)","","8268c12a32f84273b07f8fd5b805e660"
"Patrol","9","May 15, 2026","9:10:29 AM","117.99629552","-8.14335982","","Jun 28, 2026, 12:45:18 AM","Faldeo Adrean Falsa","Tumbuhan","","","","","","","","","","","","Tumbuhan Tambora","","","","Karou - Litsea sp. d 50cm tbc 12 tt 20","","","","","","","","","","Sehat","","","","","","","","","","","","","","Tumbuhan kayu keras","","","","3d9cc16e77224ead8c504a5b6fed58c2"
"Patrol","8","May 15, 2026","9:07:52 AM","117.99645946","-8.14315232","","Jun 28, 2026, 12:45:18 AM","Faldeo Adrean Falsa","Tumbuhan","","","","","","","","","","","","- - Neonauclea calycina","","","","Semai tinggi 2 meter Neonauclea sp","","","","","","","","","","Sehat","","","","","","","","","","","","","","Tumbuhan kayu keras","","","","62a2603aa1874516b61ed45a643f92d9"
"Patrol","7","May 15, 2026","9:04:04 AM","117.99723941","-8.14269253","","Jun 28, 2026, 12:45:18 AM","Faldeo Adrean Falsa","Tumbuhan","","","","","","","","","","","","Sori bura - Jambu anum - Syzygium racemosum","","","","d 40-50cm tbc 5m tt 15m","","","","","","","","","","Sehat","","","","","","","","","","","","","","Tumbuhan pakan satwa","","","","816cf6425d774affa89f5668b3a41b37"
"Patrol","6","May 15, 2026","9:00:35 AM","117.99771104","-8.14234726","","Jun 28, 2026, 12:45:17 AM","Faldeo Adrean Falsa","Tumbuhan","","","","","","","","","","","","Tumbuhan Tambora","","","","Soka - Ardisia kajumarina","","","","","","","","","","Sehat","","","","","","","","","","","","","","Tumbuhan pakan satwa","","","","40a74f1075904003b3daf30fe6036446"
"Patrol","5","May 15, 2026","8:57:09 AM","117.99793655","-8.14207618","","Jun 28, 2026, 12:45:17 AM","Faldeo Adrean Falsa","Tumbuhan","","","","","","","","","","","","Tumbuhan Tambora","","","","Sarou - Bangsal - Engelhardia spicata d 130-150cm tbc 8m tt 20m","","","","","","","","","","Sehat","","","","","","","","","","","","","","Tumbuhan fungsi lainnya","","","","34e08faa37de4aeda2349a142852c39d"
"Patrol","4","May 15, 2026","8:50:35 AM","117.99854443","-8.14065991","","Jun 28, 2026, 12:45:17 AM","Faldeo Adrean Falsa","Tumbuhan","","","","","","","","","","","","Tumbuhan Tambora","","","","Due - Ficus sp","","","","","","","","","","Sehat","","","","","","","","","","","","","","Tumbuhan kayu keras","","","","5daccc484c49444cb20e60d46845066c"
"Patrol","3","May 15, 2026","8:47:10 AM","117.99899669","-8.14010269","","Jun 28, 2026, 12:45:17 AM","Faldeo Adrean Falsa","Tumbuhan","","","","","","","","","","","","Subaha - Genitri - Elaeocarpus angustifolius","","","","d 90-100 cm tbc 18 tt 20 m","","","","","","","","","","Sehat","","","","","","","","","","","","","","Tumbuhan kayu keras","","","","24b4cf9ce1ac4622b7f1e7d57a9db564"
"Patrol","2","May 15, 2026","8:42:16 AM","117.9990824","-8.13989826","","Jun 28, 2026, 12:45:17 AM","Faldeo Adrean Falsa","Tumbuhan","","","","","","","","","","","","Tumbuhan Tambora","","","","Sarou - Engelhardia spicata diameter 1.0-1.3 meter tbc 7m tt 20m","","","","","","","","","","Sehat","","","","","","","","","","","","","","Tumbuhan kayu keras","","","","866cc814af774a748954481079ea72f0"
"Patrol","11","May 10, 2026","10:12:57 AM","118.14390053","-8.21493608","","Jun 28, 2026, 12:45:08 AM","Faldeo Adrean Falsa","Tumbuhan","","","","","","","","","","","","Sarume maju - Malaka - Phyllanthus emblica","","","","","","","","","","","","","","Sehat","","","","","","","","","","","","","","Tumbuhan kayu keras","","","","f36f00958c4f4af9b8e3f23c4d6e5f9c"
"Patrol","10","May 10, 2026","10:12:02 AM","118.14400466","-8.21493377","","Jun 28, 2026, 12:45:08 AM","Faldeo Adrean Falsa","Tumbuhan","","","","","","","","","","","","Sarume maju - Malaka - Phyllanthus emblica","","","","","","","","","","","","","","Sehat","","","","","","","","","","","","","","Tumbuhan kayu keras","","","","b0fabdd21e4f47e6a1e1c1250dbe6c1e"
"Patrol","9","May 10, 2026","10:09:06 AM","118.14404852","-8.21503402","","Jun 28, 2026, 12:45:08 AM","Faldeo Adrean Falsa","Tumbuhan","","","","","","","","","","","","Sarume maju - Malaka - Phyllanthus emblica","","","","","","","","","","","","","","Sehat","","","","","","","","","","","","","","Tumbuhan kayu keras","","","","89b1f3ea65644dab9dd4ee1a745195a8"
"Patrol","8","May 10, 2026","10:08:04 AM","118.14403781","-8.2150399","","Jun 28, 2026, 12:45:07 AM","Faldeo Adrean Falsa","Tumbuhan","","","","","","","","","","","","Sambi - Kesambi - Schleichera oleosa","","","","","","","","","","","","","","Sehat","","","","","","","","","","","","","","Tumbuhan kayu keras","","","","3373ad803c5443989fba9b263afa602d"
"Patrol","7","May 10, 2026","10:06:49 AM","118.14399956","-8.21484627","","Jun 28, 2026, 12:45:07 AM","Faldeo Adrean Falsa","Ground Check","Tutupan Lahan","","","","","","","","","","","","","","","","Non Open Area","Savana/ Padang Rumput","","","","","","","","","","","","","","","","","","","","","","","","","","2ea9ac688e63462290a489fc6a2732f9"
"Patrol","6","May 10, 2026","10:05:40 AM","118.14399704","-8.21484262","","Jun 28, 2026, 12:45:07 AM","Faldeo Adrean Falsa","Ground Check","Tipe Ekosistem","","","","","","","","","","","","","","","","","","Alami","Ekosistem Teresterial","Daratan Rendah (0-1000mdpl)","Savana","","","","","","","","","","","","","","","","","","","","","","7da337018b814c0d8e30a5eaa66ad0eb"
"Patrol","5","May 10, 2026","10:02:44 AM","118.14415113","-8.21462763","","Jun 28, 2026, 12:45:07 AM","Faldeo Adrean Falsa","Tumbuhan","","","","","","","","","","","","Rangga - Bidara - Ziziphus mauritiana","","","","","","","","","","","","","","Sehat","","","","","","","","","","","","","","Tumbuhan kayu keras","","","","481e26572da64f1284efcc44c5b0e93c"
"Patrol","4","May 10, 2026","10:00:03 AM","118.14405403","-8.21430925","","Jun 28, 2026, 12:45:07 AM","Faldeo Adrean Falsa","Satwa Liar","Perjumpaan Satwa","","","","","","","","","Tidak tahu","Walet tenggara - Collocalia sumbawae","","5.0","","","","","","","","","","","","Sehat","","","","","","","","","","","ekor","Tidak Dilindungi","","","","Tidak tahu","","","6d241426da1f46949b4e65d0ab2964a8"
"Patrol","3","May 10, 2026","9:48:00 AM","118.1440441","-8.2143999","","Jun 28, 2026, 12:45:07 AM","Faldeo Adrean Falsa","Tumbuhan","","","","","","","","","","","","Ndaru - Weru - Albizia procera","","","","","","","","","","","","","","Sehat","","","","","","","","","","","","","","Tumbuhan kayu keras","","","","6768ab9d29a04d68b5dc8c19e2eda529"
"Patrol","2","May 10, 2026","9:46:14 AM","118.14407839","-8.21434124","","Jun 28, 2026, 12:45:07 AM","Faldeo Adrean Falsa","Tumbuhan","","","","","","","","","","","","Sarume maju - Malaka - Phyllanthus emblica","","","","","","","","","","","","","","Sehat","","","","","","","","","","","","","","Tumbuhan kayu keras","","","","dd6277880bbf465c87fbe7cbb18a5833"
"Patrol","20","May 9, 2026","11:56:15 AM","118.00729786","-8.11724604","","Jun 28, 2026, 12:45:07 AM","Faldeo Adrean Falsa","Tumbuhan","","","","","","","","","","","","Belum Ada di List","","","","Ficus sp. (bukan benjamina)","","","","","","","","","","Sehat","","","","","","","","","","","","","","Tumbuhan kayu keras","","","","08a5dca28153489087ab4e1940ae0f2d"
"Patrol","19","May 9, 2026","11:55:04 AM","118.00746745","-8.11720015","","Jun 28, 2026, 12:45:06 AM","Faldeo Adrean Falsa","Tumbuhan","","","","","","","","","","","","Na'a - Loa ara - Ficus racemosa","","","","","","","","","","","","","","Sehat","","","","","","","","","","","","","","Tumbuhan kayu keras","","","","5ec312ec813e4199aaef172562638f09"
"Patrol","18","May 9, 2026","11:52:08 AM","118.00748708","-8.11700402","","Jun 28, 2026, 12:45:06 AM","Faldeo Adrean Falsa","Tumbuhan","","","","","","","","","","","","Luha - Merameke - Pittosporum moluccanum","","","","","","","","","","","","","","Sehat","","","","","","","","","","","","","","Tumbuhan kayu keras","","","","9645df246e5d480abc7a321ee2af80e6"
"Patrol","17","May 9, 2026","11:49:26 AM","118.00745026","-8.11715074","","Jun 28, 2026, 12:45:06 AM","Faldeo Adrean Falsa","Ground Check","Tutupan Lahan","","","","","","","","","","","","","","","","Non Open Area","Hutan Hujan","","","","","","","","","","","","","","","","","","","","","","","","","","9daefc7de2034f4885d0f9b0933c3552"
"Patrol","16","May 9, 2026","11:47:40 AM","118.00741925","-8.11715328","","Jun 28, 2026, 12:45:06 AM","Faldeo Adrean Falsa","Ground Check","Tipe Ekosistem","","","","","","","","","","","","","","","","","","Alami","Ekosistem Teresterial","Daratan Rendah (0-1000mdpl)","Hutan Pamah","","","","","","","","","","","","","","","","","","","","","","4ccdbb0a60fe4a5a89408d2d74ef1e4e"
"Patrol","15","May 9, 2026","11:46:40 AM","118.00736119","-8.1171608","","Jun 28, 2026, 12:45:06 AM","Faldeo Adrean Falsa","Tumbuhan","","","","","","","","","","","","Danta ndolo - Mahang - Macaranga tanarius","","","","","","","","","","","","","","Sehat","","","","","","","","","","","","","","Tumbuhan kayu keras","","","","a47c37a1773445c587f35930a6425acc"
"Patrol","13","May 9, 2026","11:44:47 AM","118.00742905","-8.1172322","","Jun 28, 2026, 12:45:06 AM","Faldeo Adrean Falsa","Tumbuhan","","","","","","","","","","","","Tula - Legaran - Alstonia spectabilis","","","","","","","","","","","","","","Sehat","","","","","","","","","","","","","","Tumbuhan kayu keras","","","","3dc7969ba3eb49f986ee3afe3759e341"
"Patrol","13","May 9, 2026","11:44:47 AM","118.00742905","-8.1172322","","Jun 28, 2026, 12:45:06 AM","Faldeo Adrean Falsa","Tumbuhan","","","","","","","","","","","","Safiri - Kapasan/Kemesoe - Mallotus philippensis","","","","","","","","","","","","","","Sehat","","","","","","","","","","","","","","Tumbuhan kayu keras","","","","3dc7969ba3eb49f986ee3afe3759e341"
"Patrol","12","May 9, 2026","11:41:12 AM","118.00748493","-8.11718748","","Jun 28, 2026, 12:45:06 AM","Faldeo Adrean Falsa","Tumbuhan","","","","","","","","","","","","Tula - Legaran - Alstonia spectabilis","","","","","","","","","","","","","","Sehat","","","","","","","","","","","","","","Tumbuhan kayu keras","","","","345067b659fb41c19d8dad39dd09c9a1"
"Patrol","11","May 9, 2026","11:40:26 AM","118.00752221","-8.11716146","","Jun 28, 2026, 12:45:06 AM","Faldeo Adrean Falsa","Tumbuhan","","","","","","","","","","","","Sambi - Kesambi - Schleichera oleosa","","","","","","","","","","","","","","Sehat","","","","","","","","","","","","","","Tumbuhan kayu keras","","","","c626c2c2a8b04135b3ddd59e6392b04c"
"Patrol","10","May 9, 2026","11:39:42 AM","118.00751949","-8.11711578","","Jun 28, 2026, 12:45:06 AM","Faldeo Adrean Falsa","Tumbuhan","","","","","","","","","","","","Sareo - Terisi - Albizia lebbekoides","","","","","","","","","","","","","","Sehat","","","","","","","","","","","","","","Tumbuhan kayu keras","","","","9a79faee6e264ffb86030a4193cc6ca8"
"Patrol","9","May 9, 2026","11:38:27 AM","118.00748143","-8.11708161","","Jun 28, 2026, 12:45:06 AM","Faldeo Adrean Falsa","Tumbuhan","","","","","","","","","","","","Rino - Cenderai - Grewia eriocarpa","","","","","","","","","","","","","","Sehat","","","","","","","","","","","","","","Tumbuhan kayu keras","","","","2cfbdcd6976b43adadec24885bdc28f9"
"Patrol","8","May 9, 2026","11:35:05 AM","118.00747076","-8.11709967","","Jun 28, 2026, 12:45:06 AM","Faldeo Adrean Falsa","Tumbuhan","","","","","","","","","","","","Haju Afi - - Diospyros maritima","","","","","","","","","","","","","","Sehat","","","","","","","","","","","","","","Tumbuhan kayu keras","","","","917248b8f63245d9ac96acf91f83ac55"
"Patrol","7","May 9, 2026","10:33:28 AM","118.01180865","-8.114252","","Jun 28, 2026, 12:45:06 AM","Faldeo Adrean Falsa","Satwa Liar","Perjumpaan Satwa","","","","","","","","","Tidak tahu","Cucak kutilang - Pycnonotus aurigaster","","1.0","","","","","","","","","","","","Tidak tahu","","","","","","","","","","","ekor","Tidak Dilindungi","","","","Tidak tahu","","","7e46c85ce5e140169d72483d6dbd00e8"
"Patrol","6","May 9, 2026","10:32:35 AM","118.01180861","-8.11425","","Jun 28, 2026, 12:45:06 AM","Faldeo Adrean Falsa","Tumbuhan","","","","","","","","","","","","Mposu - Awar-awar - Ficus septica","","","","","","","","","","","","","","Sehat","","","","","","","","","","","","","","Tumbuhan kayu keras","","","","c90845c314b24b7a9e610e5174e66bfd"
"Patrol","5","May 9, 2026","10:28:31 AM","118.0116532","-8.11442971","","Jun 28, 2026, 12:45:06 AM","Faldeo Adrean Falsa","Tumbuhan","","","","","","","","","","","","Rida - Pulai - Alstonia scholaris","","","","","","","","","","","","","","Mati","","","","","","","","","","","","","","Tumbuhan kayu keras","","","","f22e1c3f64ef457e9d3bbe47a4d6b1a0"
"Patrol","4","May 9, 2026","10:26:44 AM","118.01152251","-8.11421002","","Jun 28, 2026, 12:45:06 AM","Faldeo Adrean Falsa","Tumbuhan","","","","","","","","","","","","Sareo - Terisi - Albizia lebbekoides","","","","","","","","","","","","","","Sehat","","","","","","","","","","","","","","Tumbuhan kayu keras","","","","76cac7db0acd41e7996b549ba4b52855"
"Patrol","3","May 9, 2026","10:25:41 AM","118.01161815","-8.11419868","","Jun 28, 2026, 12:45:06 AM","Faldeo Adrean Falsa","Tumbuhan","","","","","","","","","","","","Sarume maju - Malaka - Phyllanthus emblica","","","","","","","","","","","","","","Sehat","","","","","","","","","","","","","","Tumbuhan kayu keras","","","","d58ac3ebf27f4281aaef05a92847ce5f"
"Patrol","2","May 9, 2026","10:24:29 AM","118.01157374","-8.11418648","","Jun 28, 2026, 12:45:06 AM","Faldeo Adrean Falsa","Fitur","Media Informasi","","","","","","","","","","","","","","","","","","","","","","","Baik","","","","","","","","","","","Tidak","","","","","Papan informasi","","","","b1256cda3c594a659e59b703188f83ca"
"Patrol","5","May 8, 2026","9:42:13 AM","118.13714458","-8.22570782","","Jun 28, 2026, 12:45:06 AM","Faldeo Adrean Falsa","Ground Check","Tutupan Lahan","","","","","","","","","","","","","","","","Non Open Area","Savana/ Padang Rumput","","","","","","","","","","","","","","","","","","","","","","","","","","e4d2d22f3368442c8a1c20c14a3edce0"
"Patrol","4","May 8, 2026","9:40:52 AM","118.13714463","-8.22570789","","Jun 28, 2026, 12:45:06 AM","Faldeo Adrean Falsa","Satwa Liar","Perjumpaan Satwa","","","","","","","","","Tidak tahu","Walet tenggara - Collocalia sumbawae","","1.0","","","","","","","","","","","","Hidup","","","","","","","","","","","ekor","Tidak Dilindungi","","","","Tidak tahu","","","7d31900c2f564895ae28d0a4db7f03a8"
"Patrol","3","May 8, 2026","9:39:45 AM","118.13714278","-8.2257055","","Jun 28, 2026, 12:45:06 AM","Faldeo Adrean Falsa","Ground Check","Tipe Ekosistem","","","","","","","","","","","","","","","","","","Alami","Ekosistem Teresterial","Daratan Rendah (0-1000mdpl)","Savana","","","","","","","","","","","","","","","","","","","","","","68b333c857674d948d1b3e8261014ccb"
"Patrol","2","May 8, 2026","9:36:34 AM","118.1371306","-8.22570272","","Jun 28, 2026, 12:45:06 AM","Faldeo Adrean Falsa","Tumbuhan","","","","","","","","","","","","Sarume maju - Malaka - Phyllanthus emblica","","","","","","","","","","","","","","Sehat","","","","","","","","","","","","","","Tumbuhan kayu keras","","","","b56fdcc3c6844cc3859d87f27a9376e5"
"Patrol","70","May 3, 2026","1:48:04 PM","118.15490999999999","-8.326641666666665","","May 7, 2026, 10:28:31 AM","Faldeo Adrean Falsa","Tumbuhan","","","","","","","","","","","","Sambi - Kesambi - Schleichera oleosa","","","","","","","","","","","","","","Sehat","","","","","","","","","","","","","","Tumbuhan kayu keras","","","","df43253855d848008cc8f8b0712c67be"
"Patrol","69","May 3, 2026","1:47:18 PM","118.15480913333334","-8.326735466666666","","May 7, 2026, 10:28:31 AM","Faldeo Adrean Falsa","Tumbuhan","","","","","","","","","","","","Sareo - Terisi - Albizia lebbekoides","","","","","","","","","","","","","","Sehat","","","","","","","","","","","","","","Tumbuhan kayu keras","","","","ad16df3f5c3549128f6b33c45a017508"
"Patrol","68","May 3, 2026","1:46:18 PM","118.15478443333335","-8.326749766666667","","May 7, 2026, 10:28:31 AM","Faldeo Adrean Falsa","Tumbuhan","","","","","","","","","","","","Toa - Ketimunan - Timonius timon","","","","","","","","","","","","","","","","","","","","","","","","","","","","Tumbuhan kayu keras","","","","4c6dbdb1874348b2a95b75698abe363e"
"Patrol","67","May 3, 2026","1:45:38 PM","118.15470330000001","-8.326815133333334","","May 7, 2026, 10:28:31 AM","Faldeo Adrean Falsa","Tumbuhan","","","","","","","","","","","","Toa - Ketimunan - Timonius timon","","","","","","","","","","","","","","Sehat","","","","","","","","","","","","","","Tumbuhan kayu keras","","","","ea11a9b4e5254d959c2337773483730f"
"Patrol","66","May 3, 2026","1:44:55 PM","118.15472773333335","-8.326940666666667","","May 7, 2026, 10:28:31 AM","Faldeo Adrean Falsa","Tumbuhan","","","","","","","","","","","","Sambi - Kesambi - Schleichera oleosa","","","","","","","","","","","","","","Sehat","","","","","","","","","","","","","","Tumbuhan kayu keras","","","","77000dc718cd451c940e075d8767c845"
"Patrol","45","May 3, 2026","1:25:02 PM","118.15511333333333","-8.329193333333334","","May 7, 2026, 10:28:39 AM","Faldeo Adrean Falsa","Tumbuhan","","","","","","","","","","","","Mangge - Asam jawa - Tamarindus indica","","","","Tidak ada daun","","","","","","","","","","Sakit","","","","","","","","","","","","","","Tumbuhan kayu keras","","","","31a9e953f9a140e08240081f2dae9a56"
"Patrol","63","May 3, 2026","1:23:13 PM","118.15497343333332","-8.328595333333334","","May 7, 2026, 10:28:31 AM","Faldeo Adrean Falsa","Tumbuhan","","","","","","","","","","","","Tula - Legaran - Alstonia spectabilis","","","","","","","","","","","","","","Sehat","","","","","","","","","","","","","","Tumbuhan kayu keras","","","","485515b4f5ce411c878bea97690cd93a"
"Patrol","44","May 3, 2026","1:22:52 PM","118.15512833333332","-8.329218333333333","","May 7, 2026, 10:28:39 AM","Faldeo Adrean Falsa","Tumbuhan","","","","","","","","","","","","Belum Ada di List","","","","5, Awe ","","","","","","","","","","Sakit","","","","","","","","","","","","","","Tumbuhan kayu keras","","","","b811f05f8aa54a6490f10581dcc5a41f"
"Patrol","62","May 3, 2026","1:22:35 PM","118.15499784999999","-8.328604899999998","","May 7, 2026, 10:28:31 AM","Faldeo Adrean Falsa","Tumbuhan","","","","","","","","","","","","Sambi - Kesambi - Schleichera oleosa","","","","","","","","","","","","","","Sehat","","","","","","","","","","","","","","Tumbuhan kayu keras","","","","02cd15debc67429fbfed1e960481f91c"
"Patrol","43","May 3, 2026","1:21:13 PM","118.15512833333332","-8.329218333333333","","May 7, 2026, 10:28:39 AM","Faldeo Adrean Falsa","Tumbuhan","","","","","","","","","","","","Luhu - Walikukun - Schoutenia ovata","","","","Dominan, banyak, rapat","","","","","","","","","","Sehat","","","","","","","","","","","","","","Tumbuhan kayu keras","","","","d55a65887eef4931be6c0c3fdcd4f5f6"
"Patrol","61","May 3, 2026","1:20:53 PM","118.15493353333335","-8.328865916666667","","May 7, 2026, 10:28:31 AM","Faldeo Adrean Falsa","Ground Check","Tipe Ekosistem","","","","","","","","","","","","","","","","","","Alami","Ekosistem Teresterial","Daratan Rendah (0-1000mdpl)","Hutan Pamah","","","","","","","","","","","","","","","","","","","","","","970392ad0e9d4f01950a8dd279d96d9b"
"Patrol","42","May 3, 2026","1:20:03 PM","118.15512833333332","-8.329218333333333","","May 7, 2026, 10:28:39 AM","Faldeo Adrean Falsa","Tumbuhan","","","","","","","","","","","","Sambi - Kesambi - Schleichera oleosa","","","","Dominan banyak, besar, rapat","","","","","","","","","","Sehat","","","","","","","","","","","","","","Tumbuhan kayu keras","","","","211bee9d881c485db2fdcb984dbfbbfe"
"Patrol","60","May 3, 2026","1:19:12 PM","118.15493640000001","-8.32890715","","May 7, 2026, 10:28:31 AM","Faldeo Adrean Falsa","Tumbuhan","","","","","","","","","","","","Sambi - Kesambi - Schleichera oleosa","","","","","","","","","","","","","","Sehat","","","","","","","","","","","","","","Tumbuhan kayu keras","","","","1a51306fc43a43b7871935d4fa850b12"
"Patrol","59","May 3, 2026","1:18:25 PM","118.15499878333334","-8.328960683333333","","May 7, 2026, 10:28:31 AM","Faldeo Adrean Falsa","Tumbuhan","","","","","","","","","","","","Sareo - Terisi - Albizia lebbekoides","","","","","","","","","","","","","","Sehat","","","","","","","","","","","","","","Tumbuhan kayu keras","","","","c929d4d261d34b67af0cb06e32085dd0"
"Patrol","58","May 3, 2026","1:17:36 PM","118.15501719999999","-8.32896935","","May 7, 2026, 10:28:31 AM","Faldeo Adrean Falsa","Tumbuhan","","","","","","","","","","","","Luhu - Walikukun - Schoutenia ovata","","","","","","","","","","","","","","","","","","","","","","","","","","","","Tumbuhan kayu keras","","","","ff15fecd597f4c8cae4dbc8e578874fa"
"Patrol","62","May 3, 2026","1:17:27 PM","118.15544714","-8.32915174","","May 7, 2026, 10:28:35 AM","Faldeo Adrean Falsa","Tumbuhan","","","","","","","","","","","","Belum Ada di List","","","","Wamba","","","","","","","","","","Sehat","","","","","","","","","","","","","","Tumbuhan kayu keras","","","","2ec9d0d4087948df8ec21e873aac722b"
"Patrol","57","May 3, 2026","1:16:55 PM","118.15503486666667","-8.328990133333333","","May 7, 2026, 10:28:31 AM","Faldeo Adrean Falsa","Tumbuhan","","","","","","","","","","","","Luhu - Walikukun - Schoutenia ovata","","","","","","","","","","","","","","Sehat","","","","","","","","","","","","","","Tumbuhan kayu keras","","","","b704a98961e5458d870068ae174ea192"
"Patrol","61","May 3, 2026","1:16:06 PM","118.15543796","-8.32915122","","May 7, 2026, 10:28:35 AM","Faldeo Adrean Falsa","Tumbuhan","","","","","","","","","","","","Feli - Serut - Streblus asper","","","","","","","","","","","","","","Sehat","","","","","","","","","","","","","","Tumbuhan kayu keras","","","","118da87cabc44d28a9e2b0281b4d8dd2"
"Patrol","56","May 3, 2026","1:16:05 PM","118.15510118333334","-8.329020183333334","","May 7, 2026, 10:28:30 AM","Faldeo Adrean Falsa","Tumbuhan","","","","","","","","","","","","Sambi - Kesambi - Schleichera oleosa","","","","","","","","","","","","","","Sakit","","","","","","","","","","","","","","Tumbuhan kayu keras","","","","4bf2bb6ae1ab4577ab185e0ac0b78da2"
"Patrol","55","May 3, 2026","1:15:31 PM","118.15512985","-8.329014383333334","","May 7, 2026, 10:28:30 AM","Faldeo Adrean Falsa","Tumbuhan","","","","","","","","","","","","Sambi - Kesambi - Schleichera oleosa","","","","","","","","","","","","","","Sehat","","","","","","","","","","","","","","Tumbuhan kayu keras","","","","1891ce7f05064a1aba6a62e921c3a35d"
"Patrol","60","May 3, 2026","1:15:29 PM","118.1554253","-8.32914677","","May 7, 2026, 10:28:35 AM","Faldeo Adrean Falsa","Tumbuhan","","","","","","","","","","","","Tula - Legaran - Alstonia spectabilis","","","","","","","","","","","","","","Sehat","","","","","","","","","","","","","","Tumbuhan kayu keras","","","","1c28777c901e40a4a866c8eca375c803"
"Patrol","54","May 3, 2026","1:14:50 PM","118.15513809999999","-8.329014133333335","","May 7, 2026, 10:28:30 AM","Faldeo Adrean Falsa","Tumbuhan","","","","","","","","","","","","Sarume maju - Malaka - Phyllanthus emblica","","","","","","","","","","","","","","","","","","","","","","","","","","","","Tumbuhan kayu keras","","","","be762e53ab2a4c2bbf229a0d1f976bd0"
"Patrol","59","May 3, 2026","1:14:34 PM","118.15523912","-8.32906289","","May 7, 2026, 10:28:35 AM","Faldeo Adrean Falsa","Tumbuhan","","","","","","","","","","","","Sori bura - Jambu anum - Syzygium racemosum","","","","","","","","","","","","","","Sehat","","","","","","","","","","","","","","Tumbuhan kayu keras","","","","5ec686d5d2ac44588a587a9747692d77"
"Patrol","58","May 3, 2026","1:13:23 PM","118.15520716","-8.32905455","","May 7, 2026, 10:28:35 AM","Faldeo Adrean Falsa","Tumbuhan","","","","","","","","","","","","Luhu - Walikukun - Schoutenia ovata","","","","","","","","","","","","","","Sehat","","","","","","","","","","","","","","Tumbuhan kayu keras","","","","906c49ec12104364b52754aaf360237c"
"Patrol","57","May 3, 2026","1:12:51 PM","118.15520674","-8.32905471","","May 7, 2026, 10:28:35 AM","Faldeo Adrean Falsa","Tumbuhan","","","","","","","","","","","","Sambi - Kesambi - Schleichera oleosa","","","","","","","","","","","","","","Sehat","","","","","","","","","","","","","","Tumbuhan kayu keras","","","","499fb582beca44a28a4f0b53d1bd9911"
"Patrol","56","May 3, 2026","1:12:04 PM","118.15520631","-8.32905507","","May 7, 2026, 10:28:35 AM","Faldeo Adrean Falsa","Tumbuhan","","","","","","","","","","","","Rufe -  - Piliostigma malabaricum","","","","","","","","","","","","","","Sehat","","","","","","","","","","","","","","Tumbuhan kayu keras","","","","7a854cf08b3c4549bfa2d990e4035bd9"
"Patrol","53","May 3, 2026","1:06:46 PM","118.15519303333333","-8.329021733333333","","May 7, 2026, 10:28:30 AM","Faldeo Adrean Falsa","Tumbuhan","","","","","","","","","","","","Luhu - Walikukun - Schoutenia ovata","","","","","","","","","","","","","","Sehat","","","","","","","","","","","","","","Tumbuhan kayu keras","","","","d41de16ad3db49338b692a79f7e98f6a"
"Patrol","52","May 3, 2026","1:06:11 PM","118.15519686666667","-8.32897825","","May 7, 2026, 10:28:30 AM","Faldeo Adrean Falsa","Tumbuhan","","","","","","","","","","","","Sambi - Kesambi - Schleichera oleosa","","","","","","","","","","","","","","Sehat","","","","","","","","","","","","","","Tumbuhan kayu keras","","","","3ff728d4872f45598652c3c5009437c2"
"Patrol","51","May 3, 2026","1:05:33 PM","118.15519686666667","-8.32897825","","May 7, 2026, 10:28:30 AM","Faldeo Adrean Falsa","Tumbuhan","","","","","","","","","","","","Luhu - Walikukun - Schoutenia ovata","","","","","","","","","","","","","","Sehat","","","","","","","","","","","","","","Tumbuhan kayu keras","","","","bfb6ba941e2d44659dcf4f79ba71a28a"
"Patrol","50","May 3, 2026","1:04:56 PM","118.15521011666667","-8.328957066666668","","May 7, 2026, 10:28:30 AM","Faldeo Adrean Falsa","Tumbuhan","","","","","","","","","","","","Tula - Legaran - Alstonia spectabilis","","","","","","","","","","","","","","Sehat","","","","","","","","","","","","","","Tumbuhan kayu keras","","","","81e2367bad574156ab8106c8256f7109"
"Patrol","49","May 3, 2026","1:04:15 PM","118.15526403333334","-8.328958966666667","","May 7, 2026, 10:28:30 AM","Faldeo Adrean Falsa","Tumbuhan","","","","","","","","","","","","Sambi - Kesambi - Schleichera oleosa","","","","","","","","","","","","","","Sehat","","","","","","","","","","","","","","Tumbuhan kayu keras","","","","db8c94fe1bb7437d8ca54f6c060d0ae0"
"Patrol","48","May 3, 2026","11:45:58 AM","118.16897061666666","-8.3263742","","May 7, 2026, 10:28:30 AM","Faldeo Adrean Falsa","Ground Check","Tipe Ekosistem","","","","","","","","","","","","","","","","","","Alami","Ekosistem Teresterial","Daratan Rendah (0-1000mdpl)","Hutan Pamah","","","","","","","","","","","","","","","","","","","","","","4b9b152c9135498f88083d8765ab9be4"
"Patrol","47","May 3, 2026","11:44:13 AM","118.16897405","-8.3263215","","May 7, 2026, 10:28:30 AM","Faldeo Adrean Falsa","Tumbuhan","","","","","","","","","","","","Luhu - Walikukun - Schoutenia ovata","","","","","","","","","","","","","","Sehat","","","","","","","","","","","","","","Tumbuhan kayu keras","","","","1271d28a4ed943adb9cce55460e75c01"
"Patrol","46","May 3, 2026","11:43:16 AM","118.16907376666668","-8.326463033333333","","May 7, 2026, 10:28:30 AM","Faldeo Adrean Falsa","Tumbuhan","","","","","","","","","","","","Sambi - Kesambi - Schleichera oleosa","","","","","","","","","","","","","","","","","","","","","","","","","","","","Tumbuhan kayu keras","","","","30278c5f657c40cb92010b71f0b7a7d5"
"Patrol","45","May 3, 2026","11:42:30 AM","118.16912925","-8.326515933333333","","May 7, 2026, 10:28:30 AM","Faldeo Adrean Falsa","Tumbuhan","","","","","","","","","","","","Safare Bura","","","","","","","","","","","","","","Sehat","","","","","","","","","","","","","","Tumbuhan kayu keras","","","","75ec00073c2247a29745c69438ef0236"
"Patrol","44","May 3, 2026","11:41:35 AM","118.1691564","-8.32652125","","May 7, 2026, 10:28:30 AM","Faldeo Adrean Falsa","Tumbuhan","","","","","","","","","","","","Safare Bura","","","","","","","","","","","","","","Sehat","","","","","","","","","","","","","","Tumbuhan kayu keras","","","","d10b604841184b3c9a0db40d5612eb65"
"Patrol","43","May 3, 2026","11:40:52 AM","118.16915464999998","-8.326494466666666","","May 7, 2026, 10:28:29 AM","Faldeo Adrean Falsa","Satwa Liar","Tanda Satwa","","","","","","","","","","Burung","","","","","suara","","","","","","","","","","","","","","","","","","","","","","","","Suara","","Diatas 1 tahun","","3bc1d38aa55e4034822efe04354e2a2e"
"Patrol","41","May 3, 2026","11:38:22 AM","118.16952833333335","-8.326265000000001","","May 7, 2026, 10:28:39 AM","Faldeo Adrean Falsa","Ground Check","Tutupan Lahan","","","","","","","","","","","","","","","","Non Open Area","Hutan Monsun","","","","","","","","","","","","","","","","","","","","","","","","","","ead12d5b43304f6ca78c941d9fb64a3e"
"Patrol","42","May 3, 2026","11:37:57 AM","118.1691743","-8.326462766666667","","May 7, 2026, 10:28:29 AM","Faldeo Adrean Falsa","Tumbuhan","","","","","","","","","","","","Rino - Cenderai - Grewia eriocarpa","","","","","","","","","","","","","","Sehat","","","","","","","","","","","","","","Tumbuhan kayu keras","","","","d3f7bd2fee1c4461bbef25bb7406f56d"
"Patrol","55","May 3, 2026","11:37:45 AM","118.1690381","-8.32619516","","May 7, 2026, 10:28:35 AM","Faldeo Adrean Falsa","Tumbuhan","","","","","","","","","","","","Ndaru - Weru - Albizia procera","","","","","","","","","","","","","","Sehat","","","","","","","","","","","","","","Tumbuhan kayu keras","","","","e93ad6c454894b0d9d1d4c6bfc18ca02"
"Patrol","41","May 3, 2026","11:37:11 AM","118.16917141666666","-8.32646185","","May 7, 2026, 10:28:29 AM","Faldeo Adrean Falsa","Tumbuhan","","","","","","","","","","","","Rino - Cenderai - Grewia eriocarpa","","","","","","","","","","","","","","Sehat","","","","","","","","","","","","","","Tumbuhan kayu keras","","","","bd20855064d84d2692c54915a7fd6ddc"
"Patrol","40","May 3, 2026","11:36:55 AM","118.16952833333335","-8.326265000000001","","May 7, 2026, 10:28:38 AM","Faldeo Adrean Falsa","Ground Check","Tipe Ekosistem","","","","","","","","","","","","","","","","","","Alami","Ekosistem Teresterial","Daratan Rendah (0-1000mdpl)","Hutan Pamah","","","","","","","","","","","","","","","","","","","","","","7e47b31380f4438fbd427bee7fea759d"
"Patrol","40","May 3, 2026","11:36:16 AM","118.16918133333333","-8.326435033333333","","May 7, 2026, 10:28:29 AM","Faldeo Adrean Falsa","Tumbuhan","","","","","","","","","","","","Sori kala/Sori hitam - Obah - Syzygium acuminatissimum","","","","","","","","","","","","","","Sehat","","","","","","","","","","","","","","Tumbuhan kayu keras","","","","0129f325141040239ad87cba2080b6c1"
"Patrol","54","May 3, 2026","11:36:12 AM","118.16902319","-8.32605872","","May 7, 2026, 10:28:35 AM","Faldeo Adrean Falsa","Tumbuhan","","","","","","","","","","","","Tula - Legaran - Alstonia spectabilis","","","","","","","","","","","","","","Sehat","","","","","","","","","","","","","","Tumbuhan kayu keras","","","","960956fd9710405a88d88e7df5faefbb"
"Patrol","39","May 3, 2026","11:35:31 AM","118.16947","-8.326285","","May 7, 2026, 10:28:38 AM","Faldeo Adrean Falsa","Tumbuhan","","","","","","","","","","","","Rino - Cenderai - Grewia eriocarpa","","","","2","","","","","","","","","","Sehat","","","","","","","","","","","","","","Tumbuhan kayu keras","","","","70bd7a35916d4aea8a9a1ea8b1f31a80"
"Patrol","39","May 3, 2026","11:34:32 AM","118.16919764999999","-8.326365816666668","","May 7, 2026, 10:28:29 AM","Faldeo Adrean Falsa","Tumbuhan","","","","","","","","","","","","Sambi - Kesambi - Schleichera oleosa","","","","","","","","","","","","","","Sehat","","","","","","","","","","","","","","Tumbuhan kayu keras","","","","409c5637e1304c548b0e5d0c319ec7de"
"Patrol","53","May 3, 2026","11:34:16 AM","118.16878454","-8.3259409","","May 7, 2026, 10:28:35 AM","Faldeo Adrean Falsa","Tumbuhan","","","","","","","","","","","","Papi - Tesek - Dodonaea viscosa","","","","","","","","","","","","","","Sehat","","","","","","","","","","","","","","Tumbuhan kayu keras","","","","3bd85525c1684c9ca053243959189846"
"Patrol","38","May 3, 2026","11:34:15 AM","118.16947","-8.326285","","May 7, 2026, 10:28:38 AM","Faldeo Adrean Falsa","Tumbuhan","","","","","","","","","","","","Luhu - Walikukun - Schoutenia ovata","","","","Dominan, besar","","","","","","","","","","Sehat","","","","","","","","","","","","","","Tumbuhan kayu keras","","","","a77daf46120e4478a81aa86305e8d908"
"Patrol","38","May 3, 2026","11:33:40 AM","118.16921731666667","-8.326323066666667","","May 7, 2026, 10:28:29 AM","Faldeo Adrean Falsa","Tumbuhan","","","","","","","","","","","","Luhu - Walikukun - Schoutenia ovata","","","","","","","","","","","","","","Sehat","","","","","","","","","","","","","","Tumbuhan kayu keras","","","","7ba9fdfdbf3049978c3c3270a0cc1100"
"Patrol","52","May 3, 2026","11:33:31 AM","118.16873909","-8.32591433","","May 7, 2026, 10:28:35 AM","Faldeo Adrean Falsa","Tumbuhan","","","","","","","","","","","","Belum Ada di List","","","","Kenanga","","","","","","","","","","Mati","","","","","","","","","","","","","","Tumbuhan kayu keras","","","","da23955b98a047f4b5831a726ba718c5"
"Patrol","37","May 3, 2026","11:32:53 AM","118.16921088333332","-8.326285666666667","","May 7, 2026, 10:28:29 AM","Faldeo Adrean Falsa","Tumbuhan","","","","","","","","","","","","Sarume ara -  - Acronychia trifoliolata","","","","","","","","","","","","","","Mati","","","","","","","","","","","","","","Tumbuhan kayu keras","","","","d5370ed1e1de4da6aba3983171284a3a"
"Patrol","37","May 3, 2026","11:32:38 AM","118.16958000000001","-8.32629","","May 7, 2026, 10:28:38 AM","Faldeo Adrean Falsa","Tumbuhan","","","","","","","","","","","","Golkar - Kerinyuh - Chromolaena odorata","","","","Dominan ","","","","","","","","","","Sehat","","","","","","","","","","","","","","Tumbuhan Bawah","","","","7f3c82ac560e40698ea1412666e9ae43"
"Patrol","51","May 3, 2026","11:32:35 AM","118.16877119","-8.32597514","","May 7, 2026, 10:28:35 AM","Faldeo Adrean Falsa","Tumbuhan","","","","","","","","","","","","Sambi - Kesambi - Schleichera oleosa","","","","","","","","","","","","","","Sehat","","","","","","","","","","","","","","Tumbuhan kayu keras","","","","903f0c7bcc4046a4b68fc9cf6bbac2a0"
"Patrol","50","May 3, 2026","11:32:06 AM","118.16876961","-8.32597286","","May 7, 2026, 10:28:35 AM","Faldeo Adrean Falsa","Tumbuhan","","","","","","","","","","","","Rino - Cenderai - Grewia eriocarpa","","","","","","","","","","","","","","Sehat","","","","","","","","","","","","","","Tumbuhan kayu keras","","","","fef063470669402e9690ad2d26cc4925"
"Patrol","36","May 3, 2026","11:31:56 AM","118.16918575","-8.326260716666667","","May 7, 2026, 10:28:29 AM","Faldeo Adrean Falsa","Tumbuhan","","","","","","","","","","","","Loa - Trenggulun - Protium javanicum","","","","","","","","","","","","","","Sehat","","","","","","","","","","","","","","Tumbuhan kayu keras","","","","3dd48ac7acb64fbcb691940ee59f334c"
"Patrol","36","May 3, 2026","11:31:44 AM","118.16958000000001","-8.32629","","May 7, 2026, 10:28:38 AM","Faldeo Adrean Falsa","Tumbuhan","","","","","","","","","","","","Teride - Tembelekan - Lantana camara","","","","Dominan ","","","","","","","","","","Sehat","","","","","","","","","","","","","","Tumbuhan Bawah","","","","d430f3a2671d402787bc76a97f8462e8"
"Patrol","49","May 3, 2026","11:31:20 AM","118.1688131","-8.32595913","","May 7, 2026, 10:28:35 AM","Faldeo Adrean Falsa","Tumbuhan","","","","","","","","","","","","Luhu - Walikukun - Schoutenia ovata","","","","","","","","","","","","","","Sehat","","","","","","","","","","","","","","Tumbuhan kayu keras","","","","4d50f7748d4c4966894f696033b85f48"
"Patrol","35","May 3, 2026","11:31:06 AM","118.16916584999998","-8.326244866666666","","May 7, 2026, 10:28:29 AM","Faldeo Adrean Falsa","Tumbuhan","","","","","","","","","","","","Sambi - Kesambi - Schleichera oleosa","","","","","","","","","","","","","","","","","","","","","","","","","","","","Tumbuhan kayu keras","","","","7b3dde11282b42b9a2a6677f32f7e9b8"
"Patrol","35","May 3, 2026","11:30:43 AM","118.16958000000001","-8.32629","","May 7, 2026, 10:28:38 AM","Faldeo Adrean Falsa","Tumbuhan","","","","","","","","","","","","Sambi - Kesambi - Schleichera oleosa","","","","Dominan","","","","","","","","","","Sehat","","","","","","","","","","","","","","Tumbuhan kayu keras","","","","f8606a2044c043f3818aa249ae449a2f"
"Patrol","48","May 3, 2026","11:30:32 AM","118.16891387","-8.32599519","","May 7, 2026, 10:28:34 AM","Faldeo Adrean Falsa","Tumbuhan","","","","","","","","","","","","Tula - Legaran - Alstonia spectabilis","","","","","","","","","","","","","","Sehat","","","","","","","","","","","","","","Tumbuhan kayu keras","","","","718868ba508e4494a955e356ffd25137"
"Patrol","34","May 3, 2026","11:30:28 AM","118.1691364","-8.326209283333332","","May 7, 2026, 10:28:29 AM","Faldeo Adrean Falsa","Tumbuhan","","","","","","","","","","","","Sambi - Kesambi - Schleichera oleosa","","","","","","","","","","","","","","Sehat","","","","","","","","","","","","","","Tumbuhan kayu keras","","","","707fdb38a46647aaa2792c85ab6a1444"
"Patrol","47","May 3, 2026","11:30:01 AM","118.16896216","-8.32598283","","May 7, 2026, 10:28:34 AM","Faldeo Adrean Falsa","Tumbuhan","","","","","","","","","","","","Sarume maju - Malaka - Phyllanthus emblica","","","","","","","","","","","","","","Sehat","","","","","","","","","","","","","","Tumbuhan kayu keras","","","","f4a12385d0ac4f2eb3409a6d492dcb41"
"Patrol","46","May 3, 2026","11:29:20 AM","118.16896947","-8.32598764","","May 7, 2026, 10:28:34 AM","Faldeo Adrean Falsa","Tumbuhan","","","","","","","","","","","","Sambi - Kesambi - Schleichera oleosa","","","","","","","","","","","","","","Sehat","","","","","","","","","","","","","","Tumbuhan kayu keras","","","","405663f51d82494e889263e1262255ef"
"Patrol","45","May 3, 2026","11:28:39 AM","118.16902225","-8.32605233","","May 7, 2026, 10:28:34 AM","Faldeo Adrean Falsa","Tumbuhan","","","","","","","","","","","","Safare Bura","","","","","","","","","","","","","","Sehat","","","","","","","","","","","","","","Tumbuhan kayu keras","","","","f30851fa5a7d470586251ae9f11de921"
"Patrol","33","May 3, 2026","10:43:13 AM","118.18947143333335","-8.32783925","","May 7, 2026, 10:28:29 AM","Faldeo Adrean Falsa","Ground Check","Tipe Ekosistem","","","","","","","","","","","","","","","","","","Alami","Ekosistem Teresterial","Daratan Rendah (0-1000mdpl)","Pamah","","","","","","","","","","","","","","","","","","","","","","418fb4448b054828b23613a5fc6d0748"
"Patrol","34","May 3, 2026","10:38:08 AM","118.19014333333334","-8.327921666666667","","May 7, 2026, 10:28:38 AM","Faldeo Adrean Falsa","Ground Check","Tutupan Lahan","","","","","","","","","","","","","","","","Non Open Area","Hutan Monsun","","","","","","","","","","","","","","","","","","","","","","","","","","67ff278312bd4892be32ce08bb194624"
"Patrol","33","May 3, 2026","10:36:22 AM","118.19023166666666","-8.32792","","May 7, 2026, 10:28:38 AM","Faldeo Adrean Falsa","Ground Check","Tipe Ekosistem","","","","","","","","","","","","","","","","","","Alami","Ekosistem Teresterial","Daratan Rendah (0-1000mdpl)","Hutan Pamah","","","","","","","","","","","","","","","","","","","","","","1f6d0246797d453f9d7006935ec73835"
"Patrol","32","May 3, 2026","10:34:35 AM","118.19004500000001","-8.328006666666665","","May 7, 2026, 10:28:38 AM","Faldeo Adrean Falsa","Tumbuhan","","","","","","","","","","","","Rangga - Bidara - Ziziphus mauritiana","","","","1","","","","","","","","","","Sehat","","","","","","","","","","","","","","Tumbuhan kayu keras","","","","69daaa7f1f534828a191201bc7fa61c4"
"Patrol","44","May 3, 2026","10:33:36 AM","118.18946561","-8.32778133","","May 7, 2026, 10:28:34 AM","Faldeo Adrean Falsa","Satwa Liar","Perjumpaan Satwa","","","","","","","","","Tidak tahu","Cekakak Sungai - Todiramphus chloris","","","","","","","","","","","","","","Sehat","","","","","","","","","","","","Dilindungi","","","","","","","0a2c5ea459a240b8b9e60f649649e5fd"
"Patrol","43","May 3, 2026","10:32:54 AM","118.18943465","-8.32761942","","May 7, 2026, 10:28:34 AM","Faldeo Adrean Falsa","Satwa Liar","Perjumpaan Satwa","","","","","","","","","Tidak tahu","Kirik-kirik australia - Merops ornatus","","","","","","","","","","","","","","Sehat","","","","","","","","","","","","Dilindungi","","","","","","","64b205336b5844c7bac5cd66a1485948"
"Patrol","42","May 3, 2026","10:32:16 AM","118.18943407","-8.32761874","","May 7, 2026, 10:28:34 AM","Faldeo Adrean Falsa","Satwa Liar","Perjumpaan Satwa","","","","","","","","","Tidak tahu","Cikukua tanduk - Philemon buceroides","","","","","","","","","","","","","","Sehat","","","","","","","","","","","","Dilindungi","","","","","","","95a8c76e10244625a8580d2ff3ce5225"
"Patrol","32","May 3, 2026","10:31:46 AM","118.18930415000001","-8.327474599999999","","May 7, 2026, 10:28:28 AM","Faldeo Adrean Falsa","Tumbuhan","","","","","","","","","","","","Safare Bura","","","","","","","","","","","","","","Sehat","","","","","","","","","","","","","","Tumbuhan kayu keras","","","","1fb6a8be20a043a19324028dd6358b29"
"Patrol","31","May 3, 2026","10:31:45 AM","118.19027833333332","-8.327733333333333","","May 7, 2026, 10:28:38 AM","Faldeo Adrean Falsa","Tumbuhan","","","","","","","","","","","","Safare Bura","","","","4, kecil ","","","","","","","","","","Sehat","","","","","","","","","","","","","","Tumbuhan kayu keras","","","","30f7617424b740afb63b098d67ffe93a"
"Patrol","30","May 3, 2026","10:30:22 AM","118.19027833333332","-8.327733333333333","","May 7, 2026, 10:28:38 AM","Faldeo Adrean Falsa","Tumbuhan","","","","","","","","","","","","Sori bura - Jambu anum - Syzygium racemosum","","","","2, jambu biji hutan ","","","","","","","","","","Sehat","","","","","","","","","","","","","","Tumbuhan fungsi lainnya","","","","234f671ace9c4d2c9e8be811730442f3"
"Patrol","31","May 3, 2026","10:30:02 AM","118.18927344999999","-8.327485166666666","","May 7, 2026, 10:28:28 AM","Faldeo Adrean Falsa","Tumbuhan","","","","","","","","","","","","Luhu - Walikukun - Schoutenia ovata","","","","","","","","","","","","","","","","","","","","","","","","","","","","Tumbuhan kayu keras","","","","0ebc28117f454573afb2aa4824ba9ebd"
"Patrol","30","May 3, 2026","10:29:25 AM","118.18926831666667","-8.327497333333334","","May 7, 2026, 10:28:28 AM","Faldeo Adrean Falsa","Tumbuhan","","","","","","","","","","","","Sarume maju - Malaka - Phyllanthus emblica","","","","","","","","","","","","","","Sehat","","","","","","","","","","","","","","Tumbuhan kayu keras","","","","1426ca37266d4dac972d7b8341de7fb0"
"Patrol","29","May 3, 2026","10:28:36 AM","118.18922140000001","-8.327544233333333","","May 7, 2026, 10:28:28 AM","Faldeo Adrean Falsa","Tumbuhan","","","","","","","","","","","","Sambi - Kesambi - Schleichera oleosa","","","","","","","","","","","","","","Sehat","","","","","","","","","","","","","","Tumbuhan kayu keras","","","","f3a869e02a7d4f91a5063f9b8893993e"
"Patrol","28","May 3, 2026","10:27:37 AM","118.1892272","-8.327602233333332","","May 7, 2026, 10:28:28 AM","Faldeo Adrean Falsa","Tumbuhan","","","","","","","","","","","","Sareo - Terisi - Albizia lebbekoides","","","","","","","","","","","","","","Sehat","","","","","","","","","","","","","","Tumbuhan kayu keras","","","","d531bd9219d24618af98cc2a381f72e1"
"Patrol","27","May 3, 2026","10:26:28 AM","118.18926903333335","-8.327574983333333","","May 7, 2026, 10:28:28 AM","Faldeo Adrean Falsa","Tumbuhan","","","","","","","","","","","","Luhu - Walikukun - Schoutenia ovata","","","","","","","","","","","","","","Sehat","","","","","","","","","","","","","","Tumbuhan kayu keras","","","","73e1e25af3814873a5346af13bb5c4e7"
"Patrol","26","May 3, 2026","10:25:45 AM","118.18930851666667","-8.327618150000001","","May 7, 2026, 10:28:28 AM","Faldeo Adrean Falsa","Tumbuhan","","","","","","","","","","","","Sambi - Kesambi - Schleichera oleosa","","","","","","","","","","","","","","Sehat","","","","","","","","","","","","","","Tumbuhan kayu keras","","","","90dfa0f60dca4e7baef21d40e426168f"
"Patrol","25","May 3, 2026","10:24:14 AM","118.18939911666666","-8.327635616666667","","May 7, 2026, 10:28:28 AM","Faldeo Adrean Falsa","Tumbuhan","","","","","","","","","","","","Luhu - Walikukun - Schoutenia ovata","","","","","","","","","","","","","","Sehat","","","","","","","","","","","","","","Tumbuhan kayu keras","","","","47e2c2daaf4d40d7819ecac6a9709e3f"
"Patrol","29","May 3, 2026","10:23:51 AM","118.190115","-8.327708333333334","","May 7, 2026, 10:28:38 AM","Faldeo Adrean Falsa","Satwa Liar","Perjumpaan Satwa","","","","","","","","","Tidak tahu","Cucak kutilang - Pycnonotus aurigaster","","","","","","","","","","","","","","Sehat","","","","","","","","","","","","Dilindungi","","","","Tidak tahu","","","6b878d6cd77946cdabae6e5d3676a6ea"
"Patrol","24","May 3, 2026","10:22:46 AM","118.18945395","-8.32770425","","May 7, 2026, 10:28:28 AM","Faldeo Adrean Falsa","Tumbuhan","","","","","","","","","","","","Sambi - Kesambi - Schleichera oleosa","","","","","","","","","","","","","","Sehat","","","","","","","","","","","","","","Tumbuhan kayu keras","","","","529cebc719e6425e9e01bd17e2540faf"
"Patrol","28","May 3, 2026","10:22:41 AM","118.190115","-8.327708333333334","","May 7, 2026, 10:28:37 AM","Faldeo Adrean Falsa","Tumbuhan","","","","","","","","","","","","Safare Bura","","","","kayu nya putih , 2","","","","","","","","","","Sehat","","","","","","","","","","","","","","Tumbuhan kayu keras","","","","9ede26afe787492199cb2e2d591606e0"
"Patrol","41","May 3, 2026","10:20:03 AM","118.18954681","-8.32803359","","May 7, 2026, 10:28:34 AM","Faldeo Adrean Falsa","Ground Check","Tutupan Lahan","","","","","","","","","","","","","","","","Non Open Area","Hutan Monsun","","","","","","","","","","","","","","","","","","","","","","","","","","3b8b4e6a714a4ee284bd1a80f72ef1f2"
"Patrol","40","May 3, 2026","10:19:33 AM","118.18955097","-8.32804841","","May 7, 2026, 10:28:34 AM","Faldeo Adrean Falsa","Ground Check","Tipe Ekosistem","","","","","","","","","","","","","","","","","","Alami","Ekosistem Teresterial","Daratan Rendah (0-1000mdpl)","Hutan Pamah","","","","","","","","","","","","","","","","","","","","","","11bfd058035a4c17b4023c77e3cb0a0e"
"Patrol","27","May 3, 2026","10:18:38 AM","118.19003833333333","-8.327683333333333","","May 7, 2026, 10:28:37 AM","Faldeo Adrean Falsa","Satwa Liar","Perjumpaan Satwa","","","","","","","","","Tidak tahu","Kupu-kupu","","2.0","","","Warna kuning, terbang","","","","","","","","","Sehat","","","","","","","","","","","ekor","Tidak Dilindungi","","","","Tidak tahu","","","98428ae38b3243d2b58442fbcc15a4fc"
"Patrol","39","May 3, 2026","10:18:18 AM","118.18978638","-8.32818375","","May 7, 2026, 10:28:34 AM","Faldeo Adrean Falsa","Tumbuhan","","","","","","","","","","","","Ndaru - Weru - Albizia procera","","","","","","","","","","","","","","Sehat","","","","","","","","","","","","","","Tumbuhan kayu keras","","","","6b3553b9a31d4c378aa65e7d6d4a3d5a"
"Patrol","38","May 3, 2026","10:17:17 AM","118.18973513","-8.32814193","","May 7, 2026, 10:28:34 AM","Faldeo Adrean Falsa","Tumbuhan","","","","","","","","","","","","Belum Ada di List","","","","Awe","","","","","","","","","","Sehat","","","","","","","","","","","","","","Tumbuhan kayu keras","","","","ef6d54dbf79e414e8d47d8cf3bbe8409"
"Patrol","26","May 3, 2026","10:16:58 AM","118.18999333333335","-8.327644999999999","","May 7, 2026, 10:28:37 AM","Faldeo Adrean Falsa","Tumbuhan","","","","","","","","","","","","Teride - Tembelekan - Lantana camara","","","","Dominan ","","","","","","","","","","Sehat","","","","","","","","","","","","","","Tumbuhan Bawah","","","","0554dd37e10047e58c3ff4adda2a1c76"
"Patrol","37","May 3, 2026","10:16:20 AM","118.18969614","-8.32815649","","May 7, 2026, 10:28:34 AM","Faldeo Adrean Falsa","Tumbuhan","","","","","","","","","","","","Belum Ada di List","","","","Jambu doro (Dillenia sp.)","","","","","","","","","","Sehat","","","","","","","","","","","","","","Tumbuhan pakan satwa","","","","fa7ff8502e49494fb96a6d50d658f29b"
"Patrol","25","May 3, 2026","10:15:32 AM","118.19000833333332","-8.327755","","May 7, 2026, 10:28:37 AM","Faldeo Adrean Falsa","Tumbuhan","","","","","","","","","","","","Sarume maju - Malaka - Phyllanthus emblica","","","","2","","","","","","","","","","Sehat","","","","","","","","","","","","","","Tumbuhan kayu keras","","","","d28a1e2437f94c538f8fe5ad1e9b2c5a"
"Patrol","36","May 3, 2026","10:15:28 AM","118.18964547","-8.32820473","","May 7, 2026, 10:28:34 AM","Faldeo Adrean Falsa","Tumbuhan","","","","","","","","","","","","Belum Ada di List","","","","Pampa","","","","","","","","","","Sehat","","","","","","","","","","","","","","Tumbuhan kayu keras","","","","1a0c4037f6a84ae2aaa42431627e2dd9"
"Patrol","23","May 3, 2026","10:14:49 AM","118.18944258333335","-8.32777735","","May 7, 2026, 10:28:28 AM","Faldeo Adrean Falsa","Tumbuhan","","","","","","","","","","","","Sarume maju - Malaka - Phyllanthus emblica","","","","","","","","","","","","","","","","","","","","","","","","","","","","Tumbuhan kayu keras","","","","df993108fc354de4a588a3634e7c2402"
"Patrol","35","May 3, 2026","10:14:33 AM","118.18960044","-8.32810979","","May 7, 2026, 10:28:34 AM","Faldeo Adrean Falsa","Tumbuhan","","","","","","","","","","","","Safare Bura","","","","","","","","","","","","","","Sehat","","","","","","","","","","","","","","Tumbuhan kayu keras","","","","75f8b84cfed44c5f8f5fd59db4810f42"
"Patrol","24","May 3, 2026","10:14:20 AM","118.19000833333332","-8.327755","","May 7, 2026, 10:28:37 AM","Faldeo Adrean Falsa","Tumbuhan","","","","","","","","","","","","Golkar - Kerinyuh - Chromolaena odorata","","","","Dominan ","","","","","","","","","","Sehat","","","","","","","","","","","","","","Tumbuhan Bawah","","","","8a59efacdd044b0991ac40f163159a34"
"Patrol","34","May 3, 2026","10:13:40 AM","118.18951321","-8.32821934","","May 7, 2026, 10:28:34 AM","Faldeo Adrean Falsa","Tumbuhan","","","","","","","","","","","","Belum Ada di List","","","","Nunu","","","","","","","","","","Sehat","","","","","","","","","","","","","","Tumbuhan kayu keras","","","","4edad44c43ca4ac0a1eb27274071b487"
"Patrol","23","May 3, 2026","10:13:22 AM","118.19009","-8.327791666666666","","May 7, 2026, 10:28:37 AM","Faldeo Adrean Falsa","Tumbuhan","","","","","","","","","","","","Luhu - Walikukun - Schoutenia ovata","","","","5","","","","","","","","","","Sehat","","","","","","","","","","","","","","Tumbuhan kayu keras","","","","dd8db36d67244e58a9453c5524dc42bf"
"Patrol","22","May 3, 2026","10:12:53 AM","118.18944183333333","-8.327801599999999","","May 7, 2026, 10:28:28 AM","Faldeo Adrean Falsa","Tumbuhan","","","","","","","","","","","","Sambi - Kesambi - Schleichera oleosa","","","","","","","","","","","","","","Sehat","","","","","","","","","","","","","","Tumbuhan kayu keras","","","","bde42718722a4e5fa6521be15734ded8"
"Patrol","33","May 3, 2026","10:12:52 AM","118.18951352","-8.32823619","","May 7, 2026, 10:28:33 AM","Faldeo Adrean Falsa","Tumbuhan","","","","","","","","","","","","Tula - Legaran - Alstonia spectabilis","","","","","","","","","","","","","","Sehat","","","","","","","","","","","","","","Tumbuhan kayu keras","","","","f77e6dba553f4e35bad9aab5b53d5e2f"
"Patrol","32","May 3, 2026","10:12:15 AM","118.18948061","-8.32816685","","May 7, 2026, 10:28:33 AM","Faldeo Adrean Falsa","Tumbuhan","","","","","","","","","","","","Rangga - Bidara - Ziziphus mauritiana","","","","","","","","","","","","","","Sehat","","","","","","","","","","","","","","Tumbuhan kayu keras","","","","bf70ca0019584d49ba46349f1a9a18dc"
"Patrol","22","May 3, 2026","10:12:07 AM","118.19021166666668","-8.32773","","May 7, 2026, 10:28:37 AM","Faldeo Adrean Falsa","Tumbuhan","","","","","","","","","","","","Sambi - Kesambi - Schleichera oleosa","","","","6 besar","","","","","","","","","","Sehat","","","","","","","","","","","","","","Tumbuhan kayu keras","","","","01f3d4d519d241a3957d469b066f84fc"
"Patrol","21","May 3, 2026","10:11:35 AM","118.18950134999999","-8.32783095","","May 7, 2026, 10:28:27 AM","Faldeo Adrean Falsa","Tumbuhan","","","","","","","","","","","","Luhu - Walikukun - Schoutenia ovata","","","","","","","","","","","","","","Sehat","","","","","","","","","","","","","","Tumbuhan kayu keras","","","","92e5da451a1440db9d525886c2d09b6c"
"Patrol","31","May 3, 2026","10:11:29 AM","118.18949312","-8.32799637","","May 7, 2026, 10:28:33 AM","Faldeo Adrean Falsa","Tumbuhan","","","","","","","","","","","","Belum Ada di List","","","","Kabusi","","","","","","","","","","Sehat","","","","","","","","","","","","","","Tumbuhan kayu keras","","","","f662b8ff98484f0da3889383a3f0a90c"
"Patrol","30","May 3, 2026","10:10:39 AM","118.18940048","-8.32799934","","May 7, 2026, 10:28:33 AM","Faldeo Adrean Falsa","Tumbuhan","","","","","","","","","","","","Sambi - Kesambi - Schleichera oleosa","","","","","","","","","","","","","","Sehat","","","","","","","","","","","","","","Tumbuhan kayu keras","","","","cfe5c01a958247009f94606afeb9aaff"
"Patrol","29","May 3, 2026","10:10:05 AM","118.18946852","-8.3279697","","May 7, 2026, 10:28:33 AM","Faldeo Adrean Falsa","Tumbuhan","","","","","","","","","","","","Luhu - Walikukun - Schoutenia ovata","","","","","","","","","","","","","","Sehat","","","","","","","","","","","","","","Tumbuhan kayu keras","","","","39917f8450f046e4a52df697e03a5bf3"
"Patrol","19","May 2, 2026","2:50:13 PM","118.15763833333334","-8.382096666666666","","May 7, 2026, 10:28:37 AM","Faldeo Adrean Falsa","Fitur","Pal Batas","","","","","","","","","","","","","","","Tidak ada no","","","","","","","","Rusak","","","","","","","","Tidak ada no","","","Ya","","","","","Beton","","","","60a0c4bb6224456f8df49c469baa1321"
"Patrol","18","May 2, 2026","2:43:00 PM","118.15582500000001","-8.382091666666668","","May 7, 2026, 10:28:37 AM","Faldeo Adrean Falsa","Tumbuhan","","","","","","","","","","","","Sambi - Kesambi - Schleichera oleosa","","","","2","","","","","","","","","","Sehat","","","","","","","","","","","","","","Tumbuhan kayu keras","","","","204e2f581a244c8394b9a8c37a844817"
"Patrol","17","May 2, 2026","2:42:07 PM","118.15582500000001","-8.382091666666668","","May 7, 2026, 10:28:37 AM","Faldeo Adrean Falsa","Tumbuhan","","","","","","","","","","","","Tula - Legaran - Alstonia spectabilis","","","","1","","","","","","","","","","Sehat","","","","","","","","","","","","","","Tumbuhan kayu keras","","","","ab8dac21fe004305b722dc12ee69ffce"
"Patrol","16","May 2, 2026","2:40:23 PM","118.15578","-8.381921666666667","","May 7, 2026, 10:28:37 AM","Faldeo Adrean Falsa","Tumbuhan","","","","","","","","","","","","Sarume maju - Malaka - Phyllanthus emblica","","","","11","","","","","","","","","","Sakit","","","","","","","","","","","","","","Tumbuhan kayu keras","","","","4220f2f7ab624c8b9561f611e0ae5c35"
"Patrol","15","May 2, 2026","2:38:43 PM","118.15578","-8.381921666666667","","May 7, 2026, 10:28:37 AM","Faldeo Adrean Falsa","Tumbuhan","","","","","","","","","","","","Teride - Tembelekan - Lantana camara","","","","Dominan","","","","","","","","","","Sehat","","","","","","","","","","","","","","Tumbuhan Bawah","","","","c127df589b63470abe46c8349e3d043e"
"Patrol","14","May 2, 2026","2:37:52 PM","118.15578","-8.381921666666667","","May 7, 2026, 10:28:36 AM","Faldeo Adrean Falsa","Tumbuhan","","","","","","","","","","","","Mpori ngame - Alang-alang - Imperata cylindrica","","","","Dominan menutupi ","","","","","","","","","","Sehat","","","","","","","","","","","","","","Tumbuhan Bawah","","","","db30f49af32e4f87ad54388c8181b621"
"Patrol","13","May 2, 2026","2:36:13 PM","118.15568666666668","-8.381943333333334","","May 7, 2026, 10:28:36 AM","Faldeo Adrean Falsa","Satwa Liar","Perjumpaan Satwa","","","","","","","","","Tidak tahu","Cucak kutilang - Pycnonotus aurigaster","","","","","Suara","","","","","","","","","Sehat","","","","","","","","","","","","Tidak Dilindungi","","","","Tidak tahu","","","330e7b35c6f84c65a2beed171157a036"
"Patrol","12","May 2, 2026","2:34:18 PM","118.15568666666668","-8.381943333333334","","May 7, 2026, 10:28:36 AM","Faldeo Adrean Falsa","Ground Check","Tutupan Lahan","","","","","","","","","","","","","","","Banyak ilalang dan tumbuhan/pohon rapat","Non Open Area","Savana/ Padang Rumput","","","","","","","","","","","","","","","","","","","","","","","","","","f2f6fe71680a4859b0985418e4f2b4e8"
"Patrol","18","May 2, 2026","2:33:56 PM","118.15534653333334","-8.38244545","","May 7, 2026, 10:28:27 AM","Faldeo Adrean Falsa","Ground Check","Tipe Ekosistem","","","","","","","","","","","","","","","","","","Alami","Ekosistem Teresterial","Daratan Rendah (0-1000mdpl)","Savana","","","","","","","","","","","","","","","","","","","","","","135e334d75584c5c90a3cece136f2585"
"Patrol","11","May 2, 2026","2:32:57 PM","118.15568666666668","-8.381943333333334","","May 7, 2026, 10:28:36 AM","Faldeo Adrean Falsa","Ground Check","Tipe Ekosistem","","","","","","","","","","","","","","","","","","Alami","Ekosistem Teresterial","Daratan Rendah (0-1000mdpl)","Savana","","","","","","","","","","","","","","","","","","","","","","bf77a82dd3094c3d8509d0b9d1589374"
"Patrol","17","May 2, 2026","2:32:04 PM","118.15534848333333","-8.382440516666666","","May 7, 2026, 10:28:27 AM","Faldeo Adrean Falsa","Tumbuhan","","","","","","","","","","","","Toa - Ketimunan - Timonius timon","","","","","","","","","","","","","","Sehat","","","","","","","","","","","","","","Tumbuhan kayu keras","","","","b84972c8f4b34e31971eb424afd4a79f"
"Patrol","10","May 2, 2026","2:31:47 PM","118.15568666666668","-8.381943333333334","","May 7, 2026, 10:28:36 AM","Faldeo Adrean Falsa","Tumbuhan","","","","","","","","","","","","Sambi - Kesambi - Schleichera oleosa","","","","1","","","","","","","","","","Sehat","","","","","","","","","","","","","","Tumbuhan kayu keras","","","","7042d3d938f9435ba86f252ee026fa5c"
"Patrol","16","May 2, 2026","2:31:20 PM","118.15533491666665","-8.38246285","","May 7, 2026, 10:28:27 AM","Faldeo Adrean Falsa","Tumbuhan","","","","","","","","","","","","Luhu - Walikukun - Schoutenia ovata","","","","","","","","","","","","","","Sehat","","","","","","","","","","","","","","Tumbuhan kayu keras","","","","3b7198a3a0b64e069ad16d90e882eb9b"
"Patrol","9","May 2, 2026","2:30:51 PM","118.15568666666668","-8.381943333333334","","May 7, 2026, 10:28:36 AM","Faldeo Adrean Falsa","Tumbuhan","","","","","","","","","","","","Toa - Ketimunan - Timonius timon","","","","2","","","","","","","","","","Sehat","","","","","","","","","","","","","","Tumbuhan kayu keras","","","","11f806fa559d442a9f6e846d26307739"
"Patrol","26","May 2, 2026","2:30:34 PM","118.1556506","-8.38274031","","May 7, 2026, 10:28:33 AM","Faldeo Adrean Falsa","Ground Check","Tutupan Lahan","","","","","","","","","","","","","","","","Non Open Area","Savana/ Padang Rumput","","","","","","","","","","","","","","","","","","","","","","","","","","01e8b1d01c3f4edaa5b021bd514f756f"
"Patrol","15","May 2, 2026","2:30:14 PM","118.15552783333332","-8.382430666666666","","May 7, 2026, 10:28:27 AM","Faldeo Adrean Falsa","Tumbuhan","","","","","","","","","","","","Luhu - Walikukun - Schoutenia ovata","","","","","","","","","","","","","","Sehat","","","","","","","","","","","","","","Tumbuhan kayu keras","","","","a5cc9066405348b69fc2863864e0d1d2"
"Patrol","25","May 2, 2026","2:29:56 PM","118.15568263","-8.38271306","","May 7, 2026, 10:28:33 AM","Faldeo Adrean Falsa","Ground Check","Tipe Ekosistem","","","","","","","","","","","","","","","","","","Alami","Ekosistem Teresterial","Daratan Rendah (0-1000mdpl)","Savana","","","","","","","","","","","","","","","","","","","","","","4a1d931c106d424eb55c38501706d2da"
"Patrol","24","May 2, 2026","2:29:16 PM","118.15568608","-8.38271167","","May 7, 2026, 10:28:33 AM","Faldeo Adrean Falsa","Tumbuhan","","","","","","","","","","","","Sarume maju - Malaka - Phyllanthus emblica","","","","","","","","","","","","","","Sehat","","","","","","","","","","","","","","Tumbuhan kayu keras","","","","ad38c39f207a4a4eac176e3739f79b2c"
"Patrol","8","May 2, 2026","2:29:13 PM","118.15557166666667","-8.382119999999999","","May 7, 2026, 10:28:36 AM","Faldeo Adrean Falsa","Tumbuhan","","","","","","","","","","","","Sonokelir - Sonokeling - Dalbergia latifolia","","","","5","","","","","","","","","","Sehat","","","","","","","","","","","","","","Tumbuhan kayu keras","","","","9c1d83d487fe41058870face4bfb8ca8"
"Patrol","14","May 2, 2026","2:29:12 PM","118.15561998333332","-8.382438866666666","","May 7, 2026, 10:28:27 AM","Faldeo Adrean Falsa","Tumbuhan","","","","","","","","","","","","Toa - Ketimunan - Timonius timon","","","","","","","","","","","","","","Sehat","","","","","","","","","","","","","","Tumbuhan kayu keras","","","","0ca3c7576fcc4dec9ae11c9ef04323f3"
"Patrol","23","May 2, 2026","2:28:44 PM","118.15566617","-8.38271009","","May 7, 2026, 10:28:33 AM","Faldeo Adrean Falsa","Tumbuhan","","","","","","","","","","","","Tula - Legaran - Alstonia spectabilis","","","","","","","","","","","","","","Sehat","","","","","","","","","","","","","","Tumbuhan kayu keras","","","","f142f6d1d0174390af70748bafcea6a1"
"Patrol","7","May 2, 2026","2:28:03 PM","118.15557166666667","-8.382119999999999","","May 7, 2026, 10:28:36 AM","Faldeo Adrean Falsa","Tumbuhan","","","","","","","","","","","","Toa - Ketimunan - Timonius timon","","","","3","","","","","","","","","","Sehat","","","","","","","","","","","","","","Tumbuhan kayu keras","","","","21f5a453be754224867d8c9bc4917620"
"Patrol","22","May 2, 2026","2:28:03 PM","118.15560694","-8.38276509","","May 7, 2026, 10:28:33 AM","Faldeo Adrean Falsa","Tumbuhan","","","","","","","","","","","","Sonokelir - Sonokeling - Dalbergia latifolia","","","","","","","","","","","","","","Sehat","","","","","","","","","","","","","","Tumbuhan kayu keras","","","","0decb760f5524b13a56026bac79bfcbf"
"Patrol","13","May 2, 2026","2:27:59 PM","118.15566623333333","-8.3825643","","May 7, 2026, 10:28:27 AM","Faldeo Adrean Falsa","Tumbuhan","","","","","","","","","","","","Sambi - Kesambi - Schleichera oleosa","","","","","","","","","","","","","","Sehat","","","","","","","","","","","","","","Tumbuhan kayu keras","","","","dd550b92798b437dade703c895a3c5a7"
"Patrol","21","May 2, 2026","2:27:15 PM","118.15555679","-8.38282712","","May 7, 2026, 10:28:33 AM","Faldeo Adrean Falsa","Tumbuhan","","","","","","","","","","","","Safare Bura","","","","","","","","","","","","","","Sehat","","","","","","","","","","","","","","Tumbuhan kayu keras","","","","a0be67878da34c25b08a114d2c89a213"
"Patrol","12","May 2, 2026","2:26:56 PM","118.15567821666667","-8.38260195","","May 7, 2026, 10:28:27 AM","Faldeo Adrean Falsa","Tumbuhan","","","","","","","","","","","","Sonokelir - Sonokeling - Dalbergia latifolia","","","","","","","","","","","","","","Sehat","","","","","","","","","","","","","","Tumbuhan kayu keras","","","","5e95a9918954450eb718db78857d6e70"
"Patrol","20","May 2, 2026","2:26:28 PM","118.15557966","-8.38276178","","May 7, 2026, 10:28:33 AM","Faldeo Adrean Falsa","Tumbuhan","","","","","","","","","","","","Belum Ada di List","","","","Due (Ficus sp.)","","","","","","","","","","Sehat","","","","","","","","","","","","","","Tumbuhan kayu keras","","","","5eb4c8b4ffc3412a9e2757fdbbfaa8b0"
"Patrol","11","May 2, 2026","2:25:52 PM","118.15568929999999","-8.382660516666666","","May 7, 2026, 10:28:27 AM","Faldeo Adrean Falsa","Tumbuhan","","","","","","","","","","","","Sarume maju - Malaka - Phyllanthus emblica","","","","","","","","","","","","","","Sehat","","","","","","","","","","","","","","Tumbuhan kayu keras","","","","ee11f0b8ff824482a218ea86087921e2"
"Patrol","19","May 2, 2026","2:25:49 PM","118.15564829","-8.38272761","","May 7, 2026, 10:28:33 AM","Faldeo Adrean Falsa","Tumbuhan","","","","","","","","","","","","Luhu - Walikukun - Schoutenia ovata","","","","","","","","","","","","","","Sehat","","","","","","","","","","","","","","Tumbuhan kayu keras","","","","f9c7c6f2e37e4af387a0eda7b880888d"
"Patrol","18","May 2, 2026","2:25:15 PM","118.15565908","-8.38272573","","May 7, 2026, 10:28:33 AM","Faldeo Adrean Falsa","Tumbuhan","","","","","","","","","","","","Toa - Ketimunan - Timonius timon","","","","","","","","","","","","","","Sehat","","","","","","","","","","","","","","Tumbuhan kayu keras","","","","f870c0dec7354be69dc67f16c76c9ff7"
"Patrol","17","May 2, 2026","2:24:44 PM","118.15565922","-8.38272071","","May 7, 2026, 10:28:32 AM","Faldeo Adrean Falsa","Tumbuhan","","","","","","","","","","","","Sambi - Kesambi - Schleichera oleosa","","","","","","","","","","","","","","Sehat","","","","","","","","","","","","","","Tumbuhan kayu keras","","","","fdba77185b2d421095dbf2bf073bb3fb"
"Patrol","15","May 2, 2026","1:35:01 PM","118.16335499","-8.37799731","","May 7, 2026, 10:28:32 AM","Faldeo Adrean Falsa","Tumbuhan","","","","","","","","","","","","Sareo - Terisi - Albizia lebbekoides","","","","","","","","","","","","","","Sehat","","","","","","","","","","","","","","Tumbuhan kayu keras","","","","7b36b4f6026644eb9db918ca806861c7"
"Patrol","14","May 2, 2026","1:34:19 PM","118.1633817","-8.37795868","","May 7, 2026, 10:28:32 AM","Faldeo Adrean Falsa","Tumbuhan","","","","","","","","","","","","Tula - Legaran - Alstonia spectabilis","","","","","","","","","","","","","","Sehat","","","","","","","","","","","","","","Tumbuhan kayu keras","","","","84051c975d82462595081009241bd55b"
"Patrol","6","May 2, 2026","1:33:51 PM","118.16298666666668","-8.378091666666668","","May 7, 2026, 10:28:36 AM","Faldeo Adrean Falsa","Ground Check","Tutupan Lahan","","","","","","","","","","","","","","","","Non Open Area","Hutan Monsun","","","","","","","","","","","","","","","","","","","","","","","","","","1d08e7136bb34e008c3413ededd0f183"
"Patrol","10","May 2, 2026","1:32:57 PM","118.16296856666668","-8.378382033333333","","May 7, 2026, 10:28:26 AM","Faldeo Adrean Falsa","Ground Check","Tipe Ekosistem","","","","","","","","","","","","","","","","","","Alami","Ekosistem Teresterial","Daratan Rendah (0-1000mdpl)","Hutan Pamah","","","","","","","","","","","","","","","","","","","","","","00007b605b534fb08ee64c38a4ecc022"
"Patrol","13","May 2, 2026","1:32:44 PM","118.16342511","-8.37778226","","May 7, 2026, 10:28:32 AM","Faldeo Adrean Falsa","Satwa Liar","Tanda Satwa","","","","","","","","","","Babi Hutan - Sus scrofa","","","","","","","","","","","","","","","","","","","","","","","","","","","","","Kubangan","","Baru (dalam 1 minggu)","","e06fd47cbc43486bb5e093b61b04597d"
"Patrol","5","May 2, 2026","1:32:43 PM","118.16298666666668","-8.378091666666668","","May 7, 2026, 10:28:36 AM","Faldeo Adrean Falsa","Ground Check","Tipe Ekosistem","","","","","","","","","","","","","","","","","","Alami","Ekosistem Teresterial","Daratan Rendah (0-1000mdpl)","Hutan Pamah","","","","","","","","","","","","","","","","","","","","","","368fec35cdb2469aa2a743d4affd3d1a"
"Patrol","9","May 2, 2026","1:31:17 PM","118.16302300000001","-8.378351416666668","","May 7, 2026, 10:28:26 AM","Faldeo Adrean Falsa","Tumbuhan","","","","","","","","","","","","Pato - Popohan/Getasan - Buchanania arborescens","","","","","","","","","","","","","","Sehat","","","","","","","","","","","","","","Tumbuhan kayu keras","","","","160a6d7023b64acdb32d2f3743481939"
"Patrol","12","May 2, 2026","1:31:08 PM","118.16348006","-8.37775794","","May 7, 2026, 10:28:32 AM","Faldeo Adrean Falsa","Ground Check","Tutupan Lahan","","","","","","","","","","","","","","","","Non Open Area","Hutan Monsun","","","","","","","","","","","","","","","","","","","","","","","","","","5113bd827b3a41839e7059d0bc9e70d7"
"Patrol","4","May 2, 2026","1:30:46 PM","118.16291833333335","-8.378163333333333","","May 7, 2026, 10:28:36 AM","Faldeo Adrean Falsa","Tumbuhan","","","","","","","","","","","","Toa - Ketimunan - Timonius timon","","","","3","","","","","","","","","","Sehat","","","","","","","","","","","","","","Tumbuhan kayu keras","","","","922b270d8a234ca3b145746e80917606"
"Patrol","11","May 2, 2026","1:30:30 PM","118.16346647","-8.37777055","","May 7, 2026, 10:28:32 AM","Faldeo Adrean Falsa","Ground Check","Tipe Ekosistem","","","","","","","","","","","","","","","","","","Alami","Ekosistem Teresterial","Daratan Rendah (0-1000mdpl)","Hutan Pamah","","","","","","","","","","","","","","","","","","","","","","bc4501ae72654e7a8c8f3c749004a173"
"Patrol","8","May 2, 2026","1:30:26 PM","118.16309084999999","-8.3783457","","May 7, 2026, 10:28:26 AM","Faldeo Adrean Falsa","Tumbuhan","","","","","","","","","","","","Sambi - Kesambi - Schleichera oleosa","","","","","","","","","","","","","","Sehat","","","","","","","","","","","","","","Tumbuhan kayu keras","","","","fdf03946a02b4f0a89eeffe68eadfb0b"
"Patrol","10","May 2, 2026","1:29:21 PM","118.16346105","-8.37777479","","May 7, 2026, 10:28:32 AM","Faldeo Adrean Falsa","Tumbuhan","","","","","","","","","","","","Sonokelir - Sonokeling - Dalbergia latifolia","","","","","","","","","","","","","","Sehat","","","","","","","","","","","","","","Tumbuhan kayu keras","","","","a66788e590d7434ba93e780e45de7891"
"Patrol","7","May 2, 2026","1:29:21 PM","118.16314851666667","-8.378269366666666","","May 7, 2026, 10:28:26 AM","Faldeo Adrean Falsa","Tumbuhan","","","","","","","","","","","","Sareo - Terisi - Albizia lebbekoides","","","","","","","","","","","","","","Sehat","","","","","","","","","","","","","","Tumbuhan kayu keras","","","","5339a5ef760c40bc8701d7121179fe4a"
"Patrol","6","May 2, 2026","1:28:34 PM","118.16315155","-8.378253483333333","","May 7, 2026, 10:28:26 AM","Faldeo Adrean Falsa","Tumbuhan","","","","","","","","","","","","Sambi - Kesambi - Schleichera oleosa","","","","","","","","","","","","","","Sehat","","","","","","","","","","","","","","Tumbuhan kayu keras","","","","309bf9f2d82a4afdaa8b84d028e38fb9"
"Patrol","9","May 2, 2026","1:28:04 PM","118.16344811","-8.37781272","","May 7, 2026, 10:28:32 AM","Faldeo Adrean Falsa","Tumbuhan","","","","","","","","","","","","Mposu - Awar-awar - Ficus septica","","","","","","","","","","","","","","Tumbang","","","","","","","","","","","","","","Tumbuhan kayu keras","","","","28112944e4de48f5805b877f5423d7a7"
"Patrol","5","May 2, 2026","1:27:31 PM","118.16315076666666","-8.3781739","","May 7, 2026, 10:28:26 AM","Faldeo Adrean Falsa","Tumbuhan","","","","","","","","","","","","Toa - Ketimunan - Timonius timon","","","","","","","","","","","","","","Sehat","","","","","","","","","","","","","","Tumbuhan kayu keras","","","","89c8caae1aa24bd68c9601761a8b098e"
"Patrol","3","May 2, 2026","1:27:12 PM","118.16290499999998","-8.37806","","May 7, 2026, 10:28:35 AM","Faldeo Adrean Falsa","Tumbuhan","","","","","","","","","","","","Sambi - Kesambi - Schleichera oleosa","","","","","","","","","","","","","","Sehat","","","","","","","","","","","","","","Tumbuhan kayu keras","","","","ec06f9bb75cb47388e030c2d4f5678d9"
"Patrol","8","May 2, 2026","1:27:03 PM","118.16345079","-8.37781518","","May 7, 2026, 10:28:32 AM","Faldeo Adrean Falsa","Tumbuhan","","","","","","","","","","","","Toa - Ketimunan - Timonius timon","","","","","","","","","","","","","","Sehat","","","","","","","","","","","","","","Tumbuhan kayu keras","","","","290d88714dfb4ad5bca55badf91146c7"
"Patrol","7","May 2, 2026","1:26:18 PM","118.1634749","-8.37788282","","May 7, 2026, 10:28:32 AM","Faldeo Adrean Falsa","Tumbuhan","","","","","","","","","","","","Danta ndolo - Mahang - Macaranga tanarius","","","","","","","","","","","","","","Sehat","","","","","","","","","","","","","","Tumbuhan kayu keras","","","","a7864c1e697d479c99f9535b80075888"
"Patrol","4","May 2, 2026","1:25:26 PM","118.16322765000001","-8.378006300000001","","May 7, 2026, 10:28:26 AM","Faldeo Adrean Falsa","Tumbuhan","","","","","","","","","","","","Sonokelir - Sonokeling - Dalbergia latifolia","","","","","","","","","","","","","","","","","","","","","","","","","","","","Tumbuhan kayu keras","","","","e155649efc58422ab62dc6dc60be0c61"
"Patrol","6","May 2, 2026","1:25:19 PM","118.16351507","-8.37800873","","May 7, 2026, 10:28:32 AM","Faldeo Adrean Falsa","Tumbuhan","","","","","","","","","","","","Rufe -  - Piliostigma malabaricum","","","","","","","","","","","","","","Sehat","","","","","","","","","","","","","","Tumbuhan kayu keras","","","","5282a31a462d4f45bb48b1a3d6034115"
"Patrol","5","May 2, 2026","1:24:29 PM","118.16351541","-8.37801025","","May 7, 2026, 10:28:32 AM","Faldeo Adrean Falsa","Tumbuhan","","","","","","","","","","","","Jati doro - Simpur - Dillenia pentagyna","","","","","","","","","","","","","","Sehat","","","","","","","","","","","","","","Tumbuhan kayu keras","","","","8ec53545c86346829f678fa467f1f25f"
"Patrol","4","May 2, 2026","1:23:44 PM","118.1635294","-8.37801811","","May 7, 2026, 10:28:32 AM","Faldeo Adrean Falsa","Tumbuhan","","","","","","","","","","","","Sonokelir - Sonokeling - Dalbergia latifolia","","","","","","","","","","","","","","Sehat","","","","","","","","","","","","","","Tumbuhan kayu keras","","","","7e8c62ff3bcd4300bbc725db29f0f1f5"
"Patrol","3","May 2, 2026","1:23:36 PM","118.16360413333332","-8.377969533333333","","May 7, 2026, 10:28:25 AM","Faldeo Adrean Falsa","Tumbuhan","","","","","","","","","","","","Sonokelir - Sonokeling - Dalbergia latifolia","","","","","","","","","","","","","","Sehat","","","","","","","","","","","","","","Tumbuhan kayu keras","","","","c65c6ba2d5ad48168e234b2e861c5365"
"Patrol","3","May 2, 2026","1:23:04 PM","118.16353718","-8.37801593","","May 7, 2026, 10:28:32 AM","Faldeo Adrean Falsa","Tumbuhan","","","","","","","","","","","","Sambi - Kesambi - Schleichera oleosa","","","","","","","","","","","","","","Sehat","","","","","","","","","","","","","","Tumbuhan kayu keras","","","","2355109528ac4dd2b51ffd95ddb0b08c"
"Patrol","2","May 2, 2026","11:47:49 AM","118.18999285","-8.3515817","","May 7, 2026, 10:28:31 AM","Faldeo Adrean Falsa","Fitur","Pal Batas","","","","","","","","","","","","","","","","","","","","","","","Baik","","","","","","","","419","","","Tidak","","","","","Beton","","","","1673d7a096df4b2485e4d2a8b4113253"
"Patrol","24","Apr 29, 2026","1:21:32 PM","118.06337333333335","-8.13145","","May 19, 2026, 3:31:01 PM","Faldeo Adrean Falsa","Tumbuhan","","","","","","","","","","","","Monggo Kala - Salam - Syzygium polyanthum","","","","","","","","","","","","","","Sehat","","","","","","","","","","","","","","Tumbuhan kayu keras","","","","410ba2f010004b58b1b5e8846bbe136b"
"Patrol","24","Apr 29, 2026","1:21:32 PM","118.06337333333335","-8.13145","","Jun 28, 2026, 12:45:28 AM","Faldeo Adrean Falsa","Tumbuhan","","","","","","","","","","","","Monggo Kala - Salam - Syzygium polyanthum","","","","","","","","","","","","","","Sehat","","","","","","","","","","","","","","Tumbuhan kayu keras","","","","fe6c3b03014a4c3aaba0f999092be239"
"Patrol","23","Apr 29, 2026","1:20:32 PM","118.063305","-8.131456666666667","","May 19, 2026, 3:31:01 PM","Faldeo Adrean Falsa","Satwa Liar","Perjumpaan Satwa","","","","","","","","","Tidak tahu","Nuri Pipi Merah - Geoffroyus geoffroyi","","","","","","","","","","","","","","Hidup","","","","","","","","","","","","Tidak Dilindungi","","","","","","","718dad4a107344829ee800b914af2ec8"
"Patrol","23","Apr 29, 2026","1:20:32 PM","118.063305","-8.131456666666667","","Jun 28, 2026, 12:45:28 AM","Faldeo Adrean Falsa","Satwa Liar","Perjumpaan Satwa","","","","","","","","","Tidak tahu","Nuri Pipi Merah - Geoffroyus geoffroyi","","","","","","","","","","","","","","Hidup","","","","","","","","","","","","Tidak Dilindungi","","","","","","","e62d3230b8f54c1bbde4e63e6102773e"
"Patrol","22","Apr 29, 2026","1:19:45 PM","118.063305","-8.131456666666667","","May 19, 2026, 3:31:01 PM","Faldeo Adrean Falsa","Tumbuhan","","","","","","","","","","","","Sambi - Kesambi - Schleichera oleosa","","","","","","","","","","","","","","Sehat","","","","","","","","","","","","","","Tumbuhan kayu keras","","","","bc0c5caf13e544b69dc9689968db926d"
"Patrol","22","Apr 29, 2026","1:19:45 PM","118.063305","-8.131456666666667","","Jun 28, 2026, 12:45:28 AM","Faldeo Adrean Falsa","Tumbuhan","","","","","","","","","","","","Sambi - Kesambi - Schleichera oleosa","","","","","","","","","","","","","","Sehat","","","","","","","","","","","","","","Tumbuhan kayu keras","","","","c03d91a1f9a740e1a18372a8706e1137"
"Patrol","20","Apr 29, 2026","1:18:56 PM","118.06331166666665","-8.131438333333334","","May 19, 2026, 3:31:01 PM","Faldeo Adrean Falsa","Tumbuhan","","","","","","","","","","","","Tula - Legaran - Alstonia spectabilis","","","","","","","","","","","","","","Sehat","","","","","","","","","","","","","","Tumbuhan kayu keras","","","","6b4c6b34a8d54a48bf3039df4757ee4c"
"Patrol","20","Apr 29, 2026","1:18:56 PM","118.06331166666665","-8.131438333333334","","May 19, 2026, 3:31:01 PM","Faldeo Adrean Falsa","Tumbuhan","","","","","","","","","","","","Rida - Pulai - Alstonia scholaris","","","","","","","","","","","","","","Sehat","","","","","","","","","","","","","","Tumbuhan kayu keras","","","","6b4c6b34a8d54a48bf3039df4757ee4c"
"Patrol","20","Apr 29, 2026","1:18:56 PM","118.06331166666665","-8.131438333333334","","Jun 28, 2026, 12:45:28 AM","Faldeo Adrean Falsa","Tumbuhan","","","","","","","","","","","","Rida - Pulai - Alstonia scholaris","","","","","","","","","","","","","","Sehat","","","","","","","","","","","","","","Tumbuhan kayu keras","","","","16c39a6f32f44536ba134c0b8ec9eed7"
"Patrol","20","Apr 29, 2026","1:18:56 PM","118.06331166666665","-8.131438333333334","","Jun 28, 2026, 12:45:28 AM","Faldeo Adrean Falsa","Tumbuhan","","","","","","","","","","","","Tula - Legaran - Alstonia spectabilis","","","","","","","","","","","","","","Sehat","","","","","","","","","","","","","","Tumbuhan kayu keras","","","","16c39a6f32f44536ba134c0b8ec9eed7"
"Patrol","19","Apr 29, 2026","1:15:10 PM","118.06385333333334","-8.130853333333333","","May 19, 2026, 3:31:00 PM","Faldeo Adrean Falsa","Tumbuhan","","","","","","","","","","","","Belum Ada di List","","","","Ntana / Kleinhovia sp.","","","","","","","","","","Sehat","","","","","","","","","","","","","","Tumbuhan kayu keras","","","","42b561326aa74f4386f4ffbd7a2c9d83"
"Patrol","19","Apr 29, 2026","1:15:10 PM","118.06385333333334","-8.130853333333333","","Jun 28, 2026, 12:45:28 AM","Faldeo Adrean Falsa","Tumbuhan","","","","","","","","","","","","Belum Ada di List","","","","Ntana / Kleinhovia sp.","","","","","","","","","","Sehat","","","","","","","","","","","","","","Tumbuhan kayu keras","","","","5ca80c0555d1474ca4111e90bdc34e40"
"Patrol","18","Apr 29, 2026","1:13:58 PM","118.06395166666668","-8.130731666666666","","Jun 28, 2026, 12:45:27 AM","Faldeo Adrean Falsa","Tumbuhan","","","","","","","","","","","","Feli - Serut - Streblus asper","","","","","","","","","","","","","","Sehat","","","","","","","","","","","","","","Tumbuhan kayu keras","","","","814b9ffc41734303b034ced937b5a0ee"
"Patrol","18","Apr 29, 2026","1:13:58 PM","118.06395166666668","-8.130731666666666","","May 19, 2026, 3:31:00 PM","Faldeo Adrean Falsa","Tumbuhan","","","","","","","","","","","","Feli - Serut - Streblus asper","","","","","","","","","","","","","","Sehat","","","","","","","","","","","","","","Tumbuhan kayu keras","","","","196cca619e17480794ffbb6ed2a050ec"
"Patrol","16","Apr 29, 2026","1:11:55 PM","118.06433333333334","-8.130695","","May 19, 2026, 3:31:00 PM","Faldeo Adrean Falsa","Tumbuhan","","","","","","","","","","","","Na'a - Loa ara - Ficus racemosa","","","","","","","","","","","","","","Sehat","","","","","","","","","","","","","","Tumbuhan kayu keras","","","","b9bd52f34d964f44ba7c9a45d7cf40af"
"Patrol","16","Apr 29, 2026","1:11:55 PM","118.06433333333334","-8.130695","","May 19, 2026, 3:31:00 PM","Faldeo Adrean Falsa","Tumbuhan","","","","","","","","","","","","Loa - Trenggulun - Protium javanicum","","","","","","","","","","","","","","Sehat","","","","","","","","","","","","","","Tumbuhan kayu keras","","","","b9bd52f34d964f44ba7c9a45d7cf40af"
"Patrol","16","Apr 29, 2026","1:11:55 PM","118.06433333333334","-8.130695","","Jun 28, 2026, 12:45:27 AM","Faldeo Adrean Falsa","Tumbuhan","","","","","","","","","","","","Loa - Trenggulun - Protium javanicum","","","","","","","","","","","","","","Sehat","","","","","","","","","","","","","","Tumbuhan kayu keras","","","","3e73f589a82c4b9dac5ea23174f43bd3"
"Patrol","16","Apr 29, 2026","1:11:55 PM","118.06433333333334","-8.130695","","Jun 28, 2026, 12:45:27 AM","Faldeo Adrean Falsa","Tumbuhan","","","","","","","","","","","","Na'a - Loa ara - Ficus racemosa","","","","","","","","","","","","","","Sehat","","","","","","","","","","","","","","Tumbuhan kayu keras","","","","3e73f589a82c4b9dac5ea23174f43bd3"
"Patrol","15","Apr 29, 2026","1:10:12 PM","118.064455","-8.130658333333335","","May 19, 2026, 3:31:00 PM","Faldeo Adrean Falsa","Tumbuhan","","","","","","","","","","","","Kalanggo - Rajumas - Duabanga moluccana","","","","","","","","","","","","","","Sehat","","","","","","","","","","","","","","Tumbuhan kayu keras","","","","6d22f5d147d742a09c9f30ddf2b744db"
"Patrol","15","Apr 29, 2026","1:10:12 PM","118.064455","-8.130658333333335","","Jun 28, 2026, 12:45:27 AM","Faldeo Adrean Falsa","Tumbuhan","","","","","","","","","","","","Kalanggo - Rajumas - Duabanga moluccana","","","","","","","","","","","","","","Sehat","","","","","","","","","","","","","","Tumbuhan kayu keras","","","","5568f615390a49d7885af3ddabf16e1b"
"Patrol","12","Apr 29, 2026","1:08:59 PM","118.06443166666668","-8.130458333333333","","May 19, 2026, 3:31:00 PM","Faldeo Adrean Falsa","Tumbuhan","","","","","","","","","","","","Pato - Popohan/Getasan - Buchanania arborescens","","","","","","","","","","","","","","Sehat","","","","","","","","","","","","","","Tumbuhan kayu keras","","","","9eafd31f33114ff4a605cf02c6db05c5"
"Patrol","12","Apr 29, 2026","1:08:59 PM","118.06443166666668","-8.130458333333333","","May 19, 2026, 3:31:00 PM","Faldeo Adrean Falsa","Tumbuhan","","","","","","","","","","","","Tula - Legaran - Alstonia spectabilis","","","","","","","","","","","","","","Sehat","","","","","","","","","","","","","","Tumbuhan kayu keras","","","","9eafd31f33114ff4a605cf02c6db05c5"
"Patrol","12","Apr 29, 2026","1:08:59 PM","118.06443166666668","-8.130458333333333","","May 19, 2026, 3:31:00 PM","Faldeo Adrean Falsa","Tumbuhan","","","","","","","","","","","","Sori bura - Jambu anum - Syzygium racemosum","","","","","","","","","","","","","","Sehat","","","","","","","","","","","","","","Tumbuhan kayu keras","","","","9eafd31f33114ff4a605cf02c6db05c5"
"Patrol","12","Apr 29, 2026","1:08:59 PM","118.06443166666668","-8.130458333333333","","Jun 28, 2026, 12:45:27 AM","Faldeo Adrean Falsa","Tumbuhan","","","","","","","","","","","","Tula - Legaran - Alstonia spectabilis","","","","","","","","","","","","","","Sehat","","","","","","","","","","","","","","Tumbuhan kayu keras","","","","ef646de0052b4465ae79bdd0ac4d5c68"
"Patrol","12","Apr 29, 2026","1:08:59 PM","118.06443166666668","-8.130458333333333","","Jun 28, 2026, 12:45:27 AM","Faldeo Adrean Falsa","Tumbuhan","","","","","","","","","","","","Sori bura - Jambu anum - Syzygium racemosum","","","","","","","","","","","","","","Sehat","","","","","","","","","","","","","","Tumbuhan kayu keras","","","","ef646de0052b4465ae79bdd0ac4d5c68"
"Patrol","12","Apr 29, 2026","1:08:59 PM","118.06443166666668","-8.130458333333333","","Jun 28, 2026, 12:45:27 AM","Faldeo Adrean Falsa","Tumbuhan","","","","","","","","","","","","Pato - Popohan/Getasan - Buchanania arborescens","","","","","","","","","","","","","","Sehat","","","","","","","","","","","","","","Tumbuhan kayu keras","","","","ef646de0052b4465ae79bdd0ac4d5c68"
"Patrol","9","Apr 29, 2026","1:06:37 PM","118.06446833333332","-8.13049","","May 19, 2026, 3:31:00 PM","Faldeo Adrean Falsa","Tumbuhan","","","","","","","","","","","","Sambi - Kesambi - Schleichera oleosa","","","","","","","","","","","","","","Sehat","","","","","","","","","","","","","","Tumbuhan kayu keras","","","","8d40eba6f0fd4af4a2777fa7f065286e"
"Patrol","9","Apr 29, 2026","1:06:37 PM","118.06446833333332","-8.13049","","May 19, 2026, 3:31:00 PM","Faldeo Adrean Falsa","Tumbuhan","","","","","","","","","","","","Na'a - Loa ara - Ficus racemosa","","","","","","","","","","","","","","Sehat","","","","","","","","","","","","","","Tumbuhan kayu keras","","","","8d40eba6f0fd4af4a2777fa7f065286e"
"Patrol","9","Apr 29, 2026","1:06:37 PM","118.06446833333332","-8.13049","","May 19, 2026, 3:31:00 PM","Faldeo Adrean Falsa","Tumbuhan","","","","","","","","","","","","Katowi - - Palaquium amboinense","","","","","","","","","","","","","","Sehat","","","","","","","","","","","","","","Tumbuhan kayu keras","","","","8d40eba6f0fd4af4a2777fa7f065286e"
"Patrol","9","Apr 29, 2026","1:06:37 PM","118.06446833333332","-8.13049","","Jun 28, 2026, 12:45:27 AM","Faldeo Adrean Falsa","Tumbuhan","","","","","","","","","","","","Sambi - Kesambi - Schleichera oleosa","","","","","","","","","","","","","","Sehat","","","","","","","","","","","","","","Tumbuhan kayu keras","","","","70d5b4ea2432487d9bf2da9e521a433d"
"Patrol","9","Apr 29, 2026","1:06:37 PM","118.06446833333332","-8.13049","","Jun 28, 2026, 12:45:27 AM","Faldeo Adrean Falsa","Tumbuhan","","","","","","","","","","","","Katowi - - Palaquium amboinense","","","","","","","","","","","","","","Sehat","","","","","","","","","","","","","","Tumbuhan kayu keras","","","","70d5b4ea2432487d9bf2da9e521a433d"
"Patrol","9","Apr 29, 2026","1:06:37 PM","118.06446833333332","-8.13049","","Jun 28, 2026, 12:45:27 AM","Faldeo Adrean Falsa","Tumbuhan","","","","","","","","","","","","Na'a - Loa ara - Ficus racemosa","","","","","","","","","","","","","","Sehat","","","","","","","","","","","","","","Tumbuhan kayu keras","","","","70d5b4ea2432487d9bf2da9e521a433d"
"Patrol","20","Apr 29, 2026","1:06:26 PM","118.06443045032245","-8.130458905758585","","Jun 28, 2026, 12:45:26 AM","Faldeo Adrean Falsa","Tumbuhan","","","","","","","","","","","","Sambi - Kesambi - Schleichera oleosa","","","","","","","","","","","","","","Sehat","","","","","","","","","","","","","","Tumbuhan kayu keras","","","","b99c549c0eca4e53bec8ac892491e6ee"
"Patrol","20","Apr 29, 2026","1:06:26 PM","118.06443045032245","-8.130458905758585","","May 19, 2026, 3:30:59 PM","Faldeo Adrean Falsa","Tumbuhan","","","","","","","","","","","","Sambi - Kesambi - Schleichera oleosa","","","","","","","","","","","","","","Sehat","","","","","","","","","","","","","","Tumbuhan kayu keras","","","","c236cdf681374ffc991418440b0c0745"
"Patrol","19","Apr 29, 2026","1:05:24 PM","118.06434724558429","-8.130462724313043","","May 19, 2026, 3:30:59 PM","Faldeo Adrean Falsa","Tumbuhan","","","","","","","","","","","","Belum Ada di List","","","","Katipu / Gossampinus malabarica","","","","","","","","","","Sehat","","","","","","","","","","","","","","Tumbuhan kayu keras","","","","549b491de8974c1c8f6b6d192a506cbc"
"Patrol","19","Apr 29, 2026","1:05:24 PM","118.06434724558429","-8.130462724313043","","Jun 28, 2026, 12:45:26 AM","Faldeo Adrean Falsa","Tumbuhan","","","","","","","","","","","","Belum Ada di List","","","","Katipu / Gossampinus malabarica","","","","","","","","","","Sehat","","","","","","","","","","","","","","Tumbuhan kayu keras","","","","baf4944cf3bb47f8a32e6cc69c7db810"
"Patrol","18","Apr 29, 2026","12:59:11 PM","118.0645430628801","-8.13025240474445","","Jun 28, 2026, 12:45:26 AM","Faldeo Adrean Falsa","Fitur","Fitur Alami","","","","","","","","","","","","","","","Sungai","","","","","","","","","","","","","","","","","","","Tidak","","","","","Tampungan atau genangan air","","","","322a4b923e324206b5743040b72bb950"
"Patrol","18","Apr 29, 2026","12:59:11 PM","118.0645430628801","-8.13025240474445","","May 19, 2026, 3:30:59 PM","Faldeo Adrean Falsa","Fitur","Fitur Alami","","","","","","","","","","","","","","","Sungai","","","","","","","","","","","","","","","","","","","Tidak","","","","","Tampungan atau genangan air","","","","da6e65c4fab24731bf0548087a159b46"
"Patrol","17","Apr 29, 2026","12:58:11 PM","118.0644844085833","-8.130260955381644","","May 19, 2026, 3:30:58 PM","Faldeo Adrean Falsa","Tumbuhan","","","","","","","","","","","","Katowi - - Palaquium amboinense","","","","","","","","","","","","","","Sehat","","","","","","","","","","","","","","Tumbuhan kayu keras","","","","ff7dd798786446b6a620281dc8a4eea3"
"Patrol","17","Apr 29, 2026","12:58:11 PM","118.0644844085833","-8.130260955381644","","Jun 28, 2026, 12:45:26 AM","Faldeo Adrean Falsa","Tumbuhan","","","","","","","","","","","","Katowi - - Palaquium amboinense","","","","","","","","","","","","","","Sehat","","","","","","","","","","","","","","Tumbuhan kayu keras","","","","96f3ecbb66384756aeb1dad9d88dba16"
"Patrol","16","Apr 29, 2026","12:56:13 PM","118.06439446836823","-8.130317026983885","","May 19, 2026, 3:30:58 PM","Faldeo Adrean Falsa","Tumbuhan","","","","","","","","","","","","Monggo Kala - Salam - Syzygium polyanthum","","","","","","","","","","","","","","Sehat","","","","","","","","","","","","","","Tumbuhan kayu keras","","","","3a14cb90f1504e99be70c9f3434630bb"
"Patrol","16","Apr 29, 2026","12:56:13 PM","118.06439446836823","-8.130317026983885","","Jun 28, 2026, 12:45:26 AM","Faldeo Adrean Falsa","Tumbuhan","","","","","","","","","","","","Monggo Kala - Salam - Syzygium polyanthum","","","","","","","","","","","","","","Sehat","","","","","","","","","","","","","","Tumbuhan kayu keras","","","","3f05e3cb49fa4168b0ef09ea66a54c2b"
"Patrol","15","Apr 29, 2026","12:55:26 PM","118.06439684126917","-8.130355332884704","","May 19, 2026, 3:30:58 PM","Faldeo Adrean Falsa","Ground Check","Tutupan Lahan","","","","","","","","","","","","","","","","Non Open Area","Hutan Hujan","","","","","","","","","","","","","","","","","","","","","","","","","","b7c32b9c190c4dc09df888cf9aac3ab5"
"Patrol","15","Apr 29, 2026","12:55:26 PM","118.06439684126917","-8.130355332884704","","Jun 28, 2026, 12:45:26 AM","Faldeo Adrean Falsa","Ground Check","Tutupan Lahan","","","","","","","","","","","","","","","","Non Open Area","Hutan Hujan","","","","","","","","","","","","","","","","","","","","","","","","","","c0d7e4ce365243fa812eda35b61ec86d"
"Patrol","14","Apr 29, 2026","12:54:05 PM","118.06444356749029","-8.130318067217559","","Jun 28, 2026, 12:45:26 AM","Faldeo Adrean Falsa","Ground Check","Tipe Ekosistem","","","","","","","","","","","","","","","","","","Alami","Ekosistem Teresterial","Daratan Rendah (0-1000mdpl)","Hutan Pamah","","","","","","","","","","","","","","","","","","","","","","94bdb3e375214c259917ca101cf087b5"
"Patrol","14","Apr 29, 2026","12:54:05 PM","118.06444356749029","-8.130318067217559","","May 19, 2026, 3:30:58 PM","Faldeo Adrean Falsa","Ground Check","Tipe Ekosistem","","","","","","","","","","","","","","","","","","Alami","Ekosistem Teresterial","Daratan Rendah (0-1000mdpl)","Hutan Pamah","","","","","","","","","","","","","","","","","","","","","","89b9970205d444489cb9f86367e22f29"
"Patrol","13","Apr 29, 2026","10:57:28 AM","118.01296413978098","-8.125940429512141","","Jun 28, 2026, 12:45:26 AM","Faldeo Adrean Falsa","Tumbuhan","","","","","","","","","","","","Danta ndolo - Andulpak - Homalanthus giganteus","","","","","","","","","","","","","","Sehat","","","","","","","","","","","","","","Tumbuhan kayu keras","","","","d66a2b079e904cb888151a58aaf11512"
"Patrol","13","Apr 29, 2026","10:57:28 AM","118.01296413978098","-8.125940429512141","","May 19, 2026, 3:30:58 PM","Faldeo Adrean Falsa","Tumbuhan","","","","","","","","","","","","Danta ndolo - Andulpak - Homalanthus giganteus","","","","","","","","","","","","","","Sehat","","","","","","","","","","","","","","Tumbuhan kayu keras","","","","5efa6d78b7634cf9b3017cdc7201cb39"
"Patrol","8","Apr 29, 2026","10:56:03 AM","118.01312333333333","-8.126378333333333","","Jun 28, 2026, 12:45:27 AM","Faldeo Adrean Falsa","Tumbuhan","","","","","","","","","","","","Angrek","","","","Liparis sp.","","","","","","","","","","Sehat","","","","","","","","","","","","","","Tumbuhan Bawah","","","","0885956bcb864529add4b4f89b2d6665"
"Patrol","8","Apr 29, 2026","10:56:03 AM","118.01312333333333","-8.126378333333333","","May 19, 2026, 3:30:59 PM","Faldeo Adrean Falsa","Tumbuhan","","","","","","","","","","","","Angrek","","","","Liparis sp.","","","","","","","","","","Sehat","","","","","","","","","","","","","","Tumbuhan Bawah","","","","dea90441cae049efb99c0359240de95b"
"Patrol","12","Apr 29, 2026","10:54:09 AM","118.01304456460579","-8.12635623436081","","May 19, 2026, 3:30:58 PM","Faldeo Adrean Falsa","Tumbuhan","","","","","","","","","","","","Belum Ada di List","","","","Sala / Bayur / Pterospermum javanicum","","","","","","","","","","Sehat","","","","","","","","","","","","","","Tumbuhan kayu keras","","","","0fda6958d4854636b048a0a9917cdb16"
"Patrol","12","Apr 29, 2026","10:54:09 AM","118.01304456460579","-8.12635623436081","","Jun 28, 2026, 12:45:26 AM","Faldeo Adrean Falsa","Tumbuhan","","","","","","","","","","","","Belum Ada di List","","","","Sala / Bayur / Pterospermum javanicum","","","","","","","","","","Sehat","","","","","","","","","","","","","","Tumbuhan kayu keras","","","","504f8d8a91a949a69692790dcc68eb2f"
"Patrol","11","Apr 29, 2026","10:51:12 AM","118.01301516292524","-8.126538965725318","","May 19, 2026, 3:30:58 PM","Faldeo Adrean Falsa","Tumbuhan","","","","","","","","","","","","Belum Ada di List","","","","Cnangga tai (suren)","","","","","","","","","","Sehat","","","","","","","","","","","","","","Tumbuhan kayu keras","","","","ff07c5b492c4427780b87456d4b698cf"
"Patrol","11","Apr 29, 2026","10:51:12 AM","118.01301516292524","-8.126538965725318","","Jun 28, 2026, 12:45:26 AM","Faldeo Adrean Falsa","Tumbuhan","","","","","","","","","","","","Belum Ada di List","","","","Cnangga tai (suren)","","","","","","","","","","Sehat","","","","","","","","","","","","","","Tumbuhan kayu keras","","","","f72d23aad07b44aca5622073119359b6"
"Patrol","10","Apr 29, 2026","10:49:37 AM","118.01300509970106","-8.126538690418846","","May 19, 2026, 3:30:57 PM","Faldeo Adrean Falsa","Satwa Liar","Perjumpaan Satwa","","","","","10.0","","","","Tidak tahu","Cikukua tanduk - Philemon buceroides","","3.0","","","","","","","","","","","","Sehat","","","","","","","","","","","ekor","Unknown","","","","","","","a0de59b34a5944a8b999db22577b704d"
"Patrol","10","Apr 29, 2026","10:49:37 AM","118.01300509970106","-8.126538690418846","","Jun 28, 2026, 12:45:26 AM","Faldeo Adrean Falsa","Satwa Liar","Perjumpaan Satwa","","","","","10.0","","","","Tidak tahu","Cikukua tanduk - Philemon buceroides","","3.0","","","","","","","","","","","","Sehat","","","","","","","","","","","ekor","Unknown","","","","","","","9f10946375ff4bfba38fc4144e09abf2"
"Patrol","9","Apr 29, 2026","10:47:18 AM","118.01306448576662","-8.126208226550995","","Jun 28, 2026, 12:45:26 AM","Faldeo Adrean Falsa","Tumbuhan","","","","","","","","","","","","Belum Ada di List","","","","Due / Ficus sp. (bukan benjamina)","","","","","","","","","","Sehat","","","","","","","","","","","","","","Tumbuhan kayu keras","","","","2a77e7b77653415095ddfd7770fd0549"
"Patrol","9","Apr 29, 2026","10:47:18 AM","118.01306448576662","-8.126208226550995","","May 19, 2026, 3:30:57 PM","Faldeo Adrean Falsa","Tumbuhan","","","","","","","","","","","","Belum Ada di List","","","","Due / Ficus sp. (bukan benjamina)","","","","","","","","","","Sehat","","","","","","","","","","","","","","Tumbuhan kayu keras","","","","34948401849e4bbd87f0bf571b77bb24"
"Patrol","8","Apr 29, 2026","10:45:38 AM","118.012991411363","-8.126040958503836","","May 19, 2026, 3:30:57 PM","Faldeo Adrean Falsa","Tumbuhan","","","","","","","","","","","","Monggo Kala - Salam - Syzygium polyanthum","","","","","","","","","","","","","","Sehat","","","","","","","","","","","","","","Tumbuhan kayu keras","","","","1586013bba644d2fa8c6ecf2e085f0ad"
"Patrol","8","Apr 29, 2026","10:45:38 AM","118.012991411363","-8.126040958503836","","Jun 28, 2026, 12:45:26 AM","Faldeo Adrean Falsa","Tumbuhan","","","","","","","","","","","","Monggo Kala - Salam - Syzygium polyanthum","","","","","","","","","","","","","","Sehat","","","","","","","","","","","","","","Tumbuhan kayu keras","","","","27400625291245c598dfa0cc0fc2158e"
"Patrol","7","Apr 29, 2026","10:43:59 AM","118.01297500000001","-8.125855","","Jun 28, 2026, 12:45:27 AM","Faldeo Adrean Falsa","Tumbuhan","","","","","","","","","","","","Sarume ara -  - Acronychia trifoliolata","","","","","","","","","","","","","","Sehat","","","","","","","","","","","","","","Tumbuhan kayu keras","","","","632ffb6920be4681846509f3cf2a3f97"
"Patrol","7","Apr 29, 2026","10:43:59 AM","118.01297500000001","-8.125855","","May 19, 2026, 3:30:59 PM","Faldeo Adrean Falsa","Tumbuhan","","","","","","","","","","","","Sarume ara -  - Acronychia trifoliolata","","","","","","","","","","","","","","Sehat","","","","","","","","","","","","","","Tumbuhan kayu keras","","","","74ef60adf61c415f84eeb9d52ea1d8e1"
"Patrol","7","Apr 29, 2026","10:43:30 AM","118.01298875197422","-8.125906446801414","","Jun 28, 2026, 12:45:26 AM","Faldeo Adrean Falsa","Tumbuhan","","","","","","","","","","","","Haju Afi - - Diospyros maritima","","","","","","","","","","","","","","Sehat","","","","","","","","","","","","","","Tumbuhan kayu keras","","","","82ab96d0eaff434db648a0c7014dcca9"
"Patrol","7","Apr 29, 2026","10:43:30 AM","118.01298875197422","-8.125906446801414","","May 19, 2026, 3:30:57 PM","Faldeo Adrean Falsa","Tumbuhan","","","","","","","","","","","","Haju Afi - - Diospyros maritima","","","","","","","","","","","","","","Sehat","","","","","","","","","","","","","","Tumbuhan kayu keras","","","","8af1b6fd70684c99b502a0331e5a102a"
"Patrol","6","Apr 29, 2026","10:38:54 AM","118.01292041623198","-8.125550332913566","","May 19, 2026, 3:30:57 PM","Faldeo Adrean Falsa","Satwa Liar","Perjumpaan Satwa","","","","","5.0","","","","Tidak tahu","Burung-madu sriganti - Cinnyris jugularis","","5.0","","","Terdengar suara di grid 844","","","","","","","","","Tidak tahu","","","","","","","","","","","ekor","Unknown","","","","","","","61f6041fad324d28ac366b1c277658c8"
"Patrol","6","Apr 29, 2026","10:38:54 AM","118.01292041623198","-8.125550332913566","","Jun 28, 2026, 12:45:26 AM","Faldeo Adrean Falsa","Satwa Liar","Perjumpaan Satwa","","","","","5.0","","","","Tidak tahu","Burung-madu sriganti - Cinnyris jugularis","","5.0","","","Terdengar suara di grid 844","","","","","","","","","Tidak tahu","","","","","","","","","","","ekor","Unknown","","","","","","","3890de10c48c439b95871d0ba0da846a"
"Patrol","6","Apr 29, 2026","10:35:55 AM","118.012915","-8.12556","","Jun 28, 2026, 12:45:27 AM","Faldeo Adrean Falsa","Tumbuhan","","","","","","","","","","","","Belum Ada di List","","","","Sala / Bayur / Pterospermum javanicum","","","","","","","","","","Sehat","","","","","","","","","","","","","","Tumbuhan kayu keras","","","","705804b7d6bc4ee98ab2cb0be49163fa"
"Patrol","6","Apr 29, 2026","10:35:55 AM","118.012915","-8.12556","","May 19, 2026, 3:30:59 PM","Faldeo Adrean Falsa","Tumbuhan","","","","","","","","","","","","Belum Ada di List","","","","Sala / Bayur / Pterospermum javanicum","","","","","","","","","","Sehat","","","","","","","","","","","","","","Tumbuhan kayu keras","","","","2913c9e230f047a79cc404406722f37b"
"Patrol","5","Apr 29, 2026","10:32:41 AM","118.01281166666668","-8.125561666666666","","May 19, 2026, 3:30:59 PM","Faldeo Adrean Falsa","Tumbuhan","","","","","","","","","","","","Belum Ada di List","","","","","","","","","","","","","","Sehat","","","","","","","","","","","","","","Tumbuhan kayu keras","","","","41c99b8995574bd5928082c97f9d76ce"
"Patrol","5","Apr 29, 2026","10:32:41 AM","118.01281166666668","-8.125561666666666","","Jun 28, 2026, 12:45:27 AM","Faldeo Adrean Falsa","Tumbuhan","","","","","","","","","","","","Belum Ada di List","","","","","","","","","","","","","","Sehat","","","","","","","","","","","","","","Tumbuhan kayu keras","","","","abf61e43c60a49369a3f681b6eb1f5e8"
"Patrol","4","Apr 29, 2026","10:31:42 AM","118.01287499999998","-8.125526666666667","","Jun 28, 2026, 12:45:27 AM","Faldeo Adrean Falsa","Tumbuhan","","","","","","","","","","","","Belum Ada di List","","","","","","","","","","","","","","Sehat","","","","","","","","","","","","","","Tumbuhan kayu keras","","","","502d8c24059244d48c3de3afab5f9c07"
"Patrol","4","Apr 29, 2026","10:31:42 AM","118.01287499999998","-8.125526666666667","","May 19, 2026, 3:30:59 PM","Faldeo Adrean Falsa","Tumbuhan","","","","","","","","","","","","Belum Ada di List","","","","","","","","","","","","","","Sehat","","","","","","","","","","","","","","Tumbuhan kayu keras","","","","285eee681fcf4fddae36ccfbedd6d607"
"Patrol","5","Apr 29, 2026","10:29:39 AM","118.01285620506586","-8.125566638226342","","May 19, 2026, 3:30:57 PM","Faldeo Adrean Falsa","Ground Check","Tipe Ekosistem","","","","","","","","","","","","","","","","","","Alami","Ekosistem Teresterial","Daratan Rendah (0-1000mdpl)","Pamah","","","","","","","","","","","","","","","","","","","","","","cadea53dd9b543839efdf79417f40c2d"
"Patrol","5","Apr 29, 2026","10:29:39 AM","118.01285620506586","-8.125566638226342","","Jun 28, 2026, 12:45:26 AM","Faldeo Adrean Falsa","Ground Check","Tipe Ekosistem","","","","","","","","","","","","","","","","","","Alami","Ekosistem Teresterial","Daratan Rendah (0-1000mdpl)","Pamah","","","","","","","","","","","","","","","","","","","","","","103e45962399475c81c7bfb3f0450077"
"Patrol","4","Apr 29, 2026","10:26:05 AM","118.01286026915767","-8.125528187727802","","Jun 28, 2026, 12:45:26 AM","Faldeo Adrean Falsa","Ground Check","Tutupan Lahan","","","","","","","","","","","","","","","","Non Open Area","Hutan Hujan","","","","","","","","","","","","","","","","","","","","","","","","","","372787d97f814d96acc3c9f35078488b"
"Patrol","4","Apr 29, 2026","10:26:05 AM","118.01286026915767","-8.125528187727802","","May 19, 2026, 3:30:57 PM","Faldeo Adrean Falsa","Ground Check","Tutupan Lahan","","","","","","","","","","","","","","","","Non Open Area","Hutan Hujan","","","","","","","","","","","","","","","","","","","","","","","","","","8a88f53974e24430ab3f900a70663f87"
"Patrol","3","Apr 29, 2026","10:25:11 AM","118.01287499999998","-8.125526666666667","","Jun 28, 2026, 12:45:27 AM","Faldeo Adrean Falsa","Tumbuhan","","","","","","","","","","","","Luhu - Walikukun - Schoutenia ovata","","","","","","","","","","","","","","Sehat","","","","","","","","","","","","","","Tumbuhan kayu keras","","","","fb1f7734a57e440c81ffebb0f6505ec5"
"Patrol","3","Apr 29, 2026","10:25:11 AM","118.01287499999998","-8.125526666666667","","May 19, 2026, 3:30:59 PM","Faldeo Adrean Falsa","Tumbuhan","","","","","","","","","","","","Luhu - Walikukun - Schoutenia ovata","","","","","","","","","","","","","","Sehat","","","","","","","","","","","","","","Tumbuhan kayu keras","","","","cecc2c657a1b4f0cab1169473e8b31b8"
"Patrol","3","Apr 29, 2026","10:23:49 AM","118.01282241839658","-8.125527608624203","","May 19, 2026, 3:30:57 PM","Faldeo Adrean Falsa","Satwa Liar","Perjumpaan Satwa","","","","","10.0","","","","Tidak tahu","Junai Emas - Caloenas nicobarica","","10.0","","","Terdengar suara di grid 844","","","","","","","","","Hidup","","","","","","","","","","","ekor","Tidak Dilindungi","","","","Tidak tahu","","","f13cadb7a5de4dd7a218db959c8c4582"
"Patrol","3","Apr 29, 2026","10:23:49 AM","118.01282241839658","-8.125527608624203","","Jun 28, 2026, 12:45:26 AM","Faldeo Adrean Falsa","Satwa Liar","Perjumpaan Satwa","","","","","10.0","","","","Tidak tahu","Junai Emas - Caloenas nicobarica","","10.0","","","Terdengar suara di grid 844","","","","","","","","","Hidup","","","","","","","","","","","ekor","Tidak Dilindungi","","","","Tidak tahu","","","ce35ea9861e5496b9b4c83dbeeb25ced"
"Patrol","2","Apr 29, 2026","10:23:39 AM","118.01287499999998","-8.125526666666667","","May 19, 2026, 3:30:59 PM","Faldeo Adrean Falsa","Tumbuhan","","","","","","","","","","","","Belum Ada di List","","","","","","","","","","","","","","Sehat","","","","","","","","","","","","","","Tumbuhan kayu keras","","","","27ad2c3637f84ecdbb6f334309644239"
"Patrol","2","Apr 29, 2026","10:23:39 AM","118.01287499999998","-8.125526666666667","","Jun 28, 2026, 12:45:27 AM","Faldeo Adrean Falsa","Tumbuhan","","","","","","","","","","","","Belum Ada di List","","","","","","","","","","","","","","Sehat","","","","","","","","","","","","","","Tumbuhan kayu keras","","","","520a4ab0842840718cc74c949e9321e2"
"Patrol","2","Apr 29, 2026","10:18:37 AM","118.01283014625977","-8.125540983941162","","Jun 28, 2026, 12:45:26 AM","Faldeo Adrean Falsa","Satwa Liar","Tanda Satwa","","","","","","","","","","Cekakak Tunggir Putih - Caridonax fulgidus","","","","","Terdengar suara di grid 844","","","","","","","","","","","","","","","","","","","","","","","","Suara","","","","87730bb9586f460dac1b205d5a2042cb"
"Patrol","2","Apr 29, 2026","10:18:37 AM","118.01283014625977","-8.125540983941162","","May 19, 2026, 3:30:57 PM","Faldeo Adrean Falsa","Satwa Liar","Tanda Satwa","","","","","","","","","","Cekakak Tunggir Putih - Caridonax fulgidus","","","","","Terdengar suara di grid 844","","","","","","","","","","","","","","","","","","","","","","","","Suara","","","","fa25f2ac7daa421e9299df934938f2d0"
"Patrol","23","Apr 28, 2026","2:48:53 PM","118.13821990730158","-8.225469947216727","","Jun 28, 2026, 12:45:26 AM","Faldeo Adrean Falsa","Aktivitas Manusia","Pengembalaan Ternak","Kore","Kore","","","","","","P","","","","","","","","","","","","","","","","","","Jalur kadondo","","","","","","","","","","","","","","","","","46801f5db34d4c2e8c6d97d415ee386e"
"Patrol","23","Apr 28, 2026","2:48:53 PM","118.13821990730158","-8.225469947216727","","May 19, 2026, 3:30:57 PM","Faldeo Adrean Falsa","Aktivitas Manusia","Pengembalaan Ternak","Kore","Kore","","","","","","P","","","","","","","","","","","","","","","","","","Jalur kadondo","","","","","","","","","","","","","","","","","ade002d885f84c05b56f08932af7b9ac"
"Patrol","22","Apr 28, 2026","1:11:54 PM","118.08233159772624","-8.242816602966258","","Jun 28, 2026, 12:45:26 AM","Faldeo Adrean Falsa","Satwa Liar","Perjumpaan Satwa","","","","","","","","","Tidak tahu","Belum ada di list","","","","","Tie petaha","","","","","","","","","","","","","","","","","","","","","Dilindungi","","","","","","","6df0576fe55642888ae161d46144d827"
"Patrol","22","Apr 28, 2026","1:11:54 PM","118.08233159772624","-8.242816602966258","","May 19, 2026, 3:30:57 PM","Faldeo Adrean Falsa","Satwa Liar","Perjumpaan Satwa","","","","","","","","","Tidak tahu","Belum ada di list","","","","","Tie petaha","","","","","","","","","","","","","","","","","","","","","Dilindungi","","","","","","","1d273229464b47ccb54ce5ce8cf050e9"
"Patrol","21","Apr 28, 2026","1:10:30 PM","118.08225099729371","-8.242619649104043","","May 19, 2026, 3:30:57 PM","Faldeo Adrean Falsa","Satwa Liar","Perjumpaan Satwa","","","","","","","","","Tidak tahu","Cucak kutilang - Pycnonotus aurigaster","","","","","","","","","","","","","","Sehat","","","","","","","","","","","ekor","Tidak Dilindungi","","","","Tidak tahu","","","83c6f9dc2fd346ae9fde86e797199050"
"Patrol","21","Apr 28, 2026","1:10:30 PM","118.08225099729371","-8.242619649104043","","Jun 28, 2026, 12:45:26 AM","Faldeo Adrean Falsa","Satwa Liar","Perjumpaan Satwa","","","","","","","","","Tidak tahu","Cucak kutilang - Pycnonotus aurigaster","","","","","","","","","","","","","","Sehat","","","","","","","","","","","ekor","Tidak Dilindungi","","","","Tidak tahu","","","0d0ab1f4a9604661a0f2211e41fb247a"
"Patrol","20","Apr 28, 2026","1:09:58 PM","118.08237693299894","-8.242522492962154","","May 19, 2026, 3:30:57 PM","Faldeo Adrean Falsa","Ground Check","Tutupan Lahan","","","","","","","","","","","","","","","","Non Open Area","Savana/ Padang Rumput","","","","","","","","","","","","","","","","","","","","","","","","","","d4b4c37d78144e4a9e0528cd51cdc96e"
"Patrol","20","Apr 28, 2026","1:09:58 PM","118.08237693299894","-8.242522492962154","","Jun 28, 2026, 12:45:26 AM","Faldeo Adrean Falsa","Ground Check","Tutupan Lahan","","","","","","","","","","","","","","","","Non Open Area","Savana/ Padang Rumput","","","","","","","","","","","","","","","","","","","","","","","","","","76e7a62393a941fd9504d9fa8c36a0d6"
"Patrol","19","Apr 28, 2026","1:09:09 PM","118.08248468112724","-8.242451561012897","","May 19, 2026, 3:30:57 PM","Faldeo Adrean Falsa","Ground Check","Tipe Ekosistem","","","","","","","","","","","","","","","","","","Alami","Ekosistem Teresterial","Pegunungan Atas (1500-2400mdpl)","Savana","","","","","","","","","","","","","","","","","","","","","","7573e5107296480383829a5fe2be5306"
"Patrol","19","Apr 28, 2026","1:09:09 PM","118.08248468112724","-8.242451561012897","","Jun 28, 2026, 12:45:26 AM","Faldeo Adrean Falsa","Ground Check","Tipe Ekosistem","","","","","","","","","","","","","","","","","","Alami","Ekosistem Teresterial","Pegunungan Atas (1500-2400mdpl)","Savana","","","","","","","","","","","","","","","","","","","","","","8848b87d6e0749d58e39edb7ade08809"
"Patrol","18","Apr 28, 2026","1:08:15 PM","118.0825441977932","-8.242384351530475","","Jun 28, 2026, 12:45:26 AM","Faldeo Adrean Falsa","Tumbuhan","","","","","","","","","","","","Belum Ada di List","","","","Pohon Menga / Melia azedara","","","","","","","","","","Sehat","","","","","","","","","","","","","","Tumbuhan kayu keras","","","","6ae7fe39992a41bfbd47d65869300e08"
"Patrol","18","Apr 28, 2026","1:08:15 PM","118.0825441977932","-8.242384351530475","","May 19, 2026, 3:30:57 PM","Faldeo Adrean Falsa","Tumbuhan","","","","","","","","","","","","Belum Ada di List","","","","Pohon Menga / Melia azedara","","","","","","","","","","Sehat","","","","","","","","","","","","","","Tumbuhan kayu keras","","","","77f7b26e0ef5415aac11c748121e5e18"
"Patrol","16","Apr 28, 2026","1:04:50 PM","118.08196315712162","-8.24270590415732","","Jun 28, 2026, 12:45:26 AM","Faldeo Adrean Falsa","Tumbuhan","","","","","","","","","","","","Rino - Cenderai - Grewia eriocarpa","","","","","","","","","","","","","","Sehat","","","","","","","","","","","","","","Tumbuhan kayu keras","","","","a76f5404fd774f6da61e4ae66fb27d77"
"Patrol","16","Apr 28, 2026","1:04:50 PM","118.08196315712162","-8.24270590415732","","May 19, 2026, 3:30:57 PM","Faldeo Adrean Falsa","Tumbuhan","","","","","","","","","","","","Rino - Cenderai - Grewia eriocarpa","","","","","","","","","","","","","","Sehat","","","","","","","","","","","","","","Tumbuhan kayu keras","","","","94add3a1d8c64f4781aaf1c979c58219"
"Patrol","15","Apr 28, 2026","1:03:46 PM","118.08210406920598","-8.242643861481676","","May 19, 2026, 3:30:57 PM","Faldeo Adrean Falsa","Tumbuhan","","","","","","","","","","","","Sarume maju - Malaka - Phyllanthus emblica","","","","","","","","","","","","","","","","","","","","","","","","","","","","Tumbuhan kayu keras","","","","4ce6f6759c0f417092d9dccd34520bdb"
"Patrol","15","Apr 28, 2026","1:03:46 PM","118.08210406920598","-8.242643861481676","","Jun 28, 2026, 12:45:26 AM","Faldeo Adrean Falsa","Tumbuhan","","","","","","","","","","","","Sarume maju - Malaka - Phyllanthus emblica","","","","","","","","","","","","","","","","","","","","","","","","","","","","Tumbuhan kayu keras","","","","28ae513aa33346da98452be582ecb0b6"
"Patrol","14","Apr 28, 2026","1:02:28 PM","118.08231653646106","-8.242658505933921","","Jun 28, 2026, 12:45:26 AM","Faldeo Adrean Falsa","Tumbuhan","","","","","","","","","","","","Belum Ada di List","","","","Selise Doro / Terminalia sp.","","","","","","","","","","Sehat","","","","","","","","","","","","","","Tumbuhan kayu keras","","","","ac5df42cf19e4f83b0fba029b5b0caee"
"Patrol","14","Apr 28, 2026","1:02:28 PM","118.08231653646106","-8.242658505933921","","May 19, 2026, 3:30:57 PM","Faldeo Adrean Falsa","Tumbuhan","","","","","","","","","","","","Belum Ada di List","","","","Selise Doro / Terminalia sp.","","","","","","","","","","Sehat","","","","","","","","","","","","","","Tumbuhan kayu keras","","","","97306e45a92f48ff9cf53a86b68d11f5"
"Patrol","13","Apr 28, 2026","12:51:56 PM","118.07723861620663","-8.245347464610441","","May 19, 2026, 3:30:57 PM","Faldeo Adrean Falsa","Satwa Liar","Perjumpaan Satwa","","","","","","","","","Tidak tahu","Cucak kutilang - Pycnonotus aurigaster","","","","","","","","","","","","","","Hidup","","","","","","","","","","","","Dilindungi","","","","","","","945f1be5953f42b489345dc406d6a4b5"
"Patrol","13","Apr 28, 2026","12:51:56 PM","118.07723861620663","-8.245347464610441","","Jun 28, 2026, 12:45:26 AM","Faldeo Adrean Falsa","Satwa Liar","Perjumpaan Satwa","","","","","","","","","Tidak tahu","Cucak kutilang - Pycnonotus aurigaster","","","","","","","","","","","","","","Hidup","","","","","","","","","","","","Dilindungi","","","","","","","986ff465bcad45508904b80a252c1a2c"
"Patrol","12","Apr 28, 2026","12:50:58 PM","118.0772468337966","-8.245350096663936","","Jun 28, 2026, 12:45:26 AM","Faldeo Adrean Falsa","Satwa Liar","Perjumpaan Satwa","","","","","","","","","Tidak tahu","Burung","","","","","Tihi petaha","","","","","","","","","Hidup","","","","","","","","","","","","Unknown","","","","","","","b9dbda350db94c3fa96f35fef91ca845"
"Patrol","12","Apr 28, 2026","12:50:58 PM","118.0772468337966","-8.245350096663936","","May 19, 2026, 3:30:57 PM","Faldeo Adrean Falsa","Satwa Liar","Perjumpaan Satwa","","","","","","","","","Tidak tahu","Burung","","","","","Tihi petaha","","","","","","","","","Hidup","","","","","","","","","","","","Unknown","","","","","","","e4d58dd1cf6e4296bc8faab475b64350"
"Patrol","11","Apr 28, 2026","12:49:17 PM","118.0772361122265","-8.245351920367716","","May 19, 2026, 3:30:56 PM","Faldeo Adrean Falsa","Satwa Liar","Perjumpaan Satwa","","","","","","","","","Tidak tahu","Cucak kutilang - Pycnonotus aurigaster","","2.0","","","Media suara","","","","","","","","","Hidup","","","","","","","","","","","ekor","Dilindungi","","","","Dewasa","","","8d787b9864a74c8f8eef6ae040eb0719"
"Patrol","11","Apr 28, 2026","12:49:17 PM","118.0772361122265","-8.245351920367716","","Jun 28, 2026, 12:45:26 AM","Faldeo Adrean Falsa","Satwa Liar","Perjumpaan Satwa","","","","","","","","","Tidak tahu","Cucak kutilang - Pycnonotus aurigaster","","2.0","","","Media suara","","","","","","","","","Hidup","","","","","","","","","","","ekor","Dilindungi","","","","Dewasa","","","30735a09e379439181aedd6eff37d821"
"Patrol","10","Apr 28, 2026","12:45:41 PM","118.07739008578113","-8.246058073578173","","May 19, 2026, 3:30:57 PM","Faldeo Adrean Falsa","Ground Check","Tutupan Lahan","","","","","","","","","","","","","","","Lokasi karhut indikasi perburuan rusa","Open Area","Savana/ Padang Rumput","","","","","","","","","","","","","","","","","","","","","","","","","","51616b155c2a4a81a3c8f7db5e5311da"
"Patrol","10","Apr 28, 2026","12:45:41 PM","118.07739008578113","-8.246058073578173","","Jun 28, 2026, 12:45:26 AM","Faldeo Adrean Falsa","Ground Check","Tutupan Lahan","","","","","","","","","","","","","","","Lokasi karhut indikasi perburuan rusa","Open Area","Savana/ Padang Rumput","","","","","","","","","","","","","","","","","","","","","","","","","","d1133ec705494028a6a893ce8a4dbd39"
"Patrol","9","Apr 28, 2026","12:44:11 PM","118.07716243985877","-8.246004083307065","","Jun 28, 2026, 12:45:26 AM","Faldeo Adrean Falsa","Tumbuhan","","","","","","","","","","","","Sarume maju - Malaka - Phyllanthus emblica","","","","","","","","","","","","","","Mati","","","","","","","","","","","","","","Tumbuhan kayu keras","","","","fd5362687056414abd716c3cb53b944d"
"Patrol","9","Apr 28, 2026","12:44:11 PM","118.07716243985877","-8.246004083307065","","May 19, 2026, 3:30:57 PM","Faldeo Adrean Falsa","Tumbuhan","","","","","","","","","","","","Sarume maju - Malaka - Phyllanthus emblica","","","","","","","","","","","","","","Mati","","","","","","","","","","","","","","Tumbuhan kayu keras","","","","4b4391e4314843cd97b63890bf4740f1"
"Patrol","8","Apr 28, 2026","12:42:22 PM","118.0769816550775","-8.2457564822105","","Jun 28, 2026, 12:45:26 AM","Faldeo Adrean Falsa","Ground Check","Tipe Ekosistem","","","","","","","","","","","","","","","","","","Alami","Ekosistem Teresterial","Pegunungan Bawah (1000-1500mdpl)","Savana","","","","","","","","","","","","","","","","","","","","","","da5c333c367e43e79ede54f031d35416"
"Patrol","8","Apr 28, 2026","12:42:22 PM","118.0769816550775","-8.2457564822105","","May 19, 2026, 3:30:57 PM","Faldeo Adrean Falsa","Ground Check","Tipe Ekosistem","","","","","","","","","","","","","","","","","","Alami","Ekosistem Teresterial","Pegunungan Bawah (1000-1500mdpl)","Savana","","","","","","","","","","","","","","","","","","","","","","bd9ad4f0030d43d98f98cbcf1efb6f05"
"Patrol","7","Apr 28, 2026","12:40:08 PM","118.07672717057171","-8.24556002026483","","Jun 28, 2026, 12:45:26 AM","Faldeo Adrean Falsa","Tumbuhan","","","","","","","","","","","","Sarume maju - Malaka - Phyllanthus emblica","","","","","","","","","","","","","","Mati","","","","","","","","","","","","","","Tumbuhan kayu keras","","","","44383cce1e034af49b5595a70230ff76"
"Patrol","7","Apr 28, 2026","12:40:08 PM","118.07672717057171","-8.24556002026483","","May 19, 2026, 3:30:57 PM","Faldeo Adrean Falsa","Tumbuhan","","","","","","","","","","","","Sarume maju - Malaka - Phyllanthus emblica","","","","","","","","","","","","","","Mati","","","","","","","","","","","","","","Tumbuhan kayu keras","","","","9d1f4b76503f4c9ba755f68acfc657ed"
"Patrol","6","Apr 28, 2026","12:39:36 PM","118.07671330262325","-8.245480523813207","","Jun 28, 2026, 12:45:26 AM","Faldeo Adrean Falsa","Tumbuhan","","","","","","","","","","","","Rino - Cenderai - Grewia eriocarpa","","","","","","","","","","","","","","Sehat","","","","","","","","","","","","","","Tumbuhan kayu keras","","","","9d4b9f68cbf340cbbac0a3e3c335b60e"
"Patrol","6","Apr 28, 2026","12:39:36 PM","118.07671330262325","-8.245480523813207","","May 19, 2026, 3:30:57 PM","Faldeo Adrean Falsa","Tumbuhan","","","","","","","","","","","","Rino - Cenderai - Grewia eriocarpa","","","","","","","","","","","","","","Sehat","","","","","","","","","","","","","","Tumbuhan kayu keras","","","","13671b1328db46ee84eff50c0292a2a0"
"Patrol","5","Apr 28, 2026","12:38:48 PM","118.07677107466216","-8.245443605255906","","May 19, 2026, 3:30:57 PM","Faldeo Adrean Falsa","Tumbuhan","","","","","","","","","","","","Toa - Ketimunan - Timonius timon","","","","","","","","","","","","","","Sehat","","","","","","","","","","","","","","Tumbuhan kayu keras","","","","89de862fdc1147c1a94ae84f2d40b94e"
"Patrol","5","Apr 28, 2026","12:38:48 PM","118.07677107466216","-8.245443605255906","","Jun 28, 2026, 12:45:26 AM","Faldeo Adrean Falsa","Tumbuhan","","","","","","","","","","","","Toa - Ketimunan - Timonius timon","","","","","","","","","","","","","","Sehat","","","","","","","","","","","","","","Tumbuhan kayu keras","","","","6c9404379e0a4bb4952d391cf17ecace"
"Patrol","4","Apr 28, 2026","12:37:50 PM","118.07685151017334","-8.245470715093042","","May 19, 2026, 3:30:57 PM","Faldeo Adrean Falsa","Tumbuhan","","","","","","","","","","","","Sarume maju - Malaka - Phyllanthus emblica","","","","","","","","","","","","","","Mati","","","","","","","","","","","","","","Tumbuhan kayu keras","","","","17a6c8a8c7a64d1fa53a1ed1d0e0693b"
"Patrol","4","Apr 28, 2026","12:37:50 PM","118.07685151017334","-8.245470715093042","","Jun 28, 2026, 12:45:26 AM","Faldeo Adrean Falsa","Tumbuhan","","","","","","","","","","","","Sarume maju - Malaka - Phyllanthus emblica","","","","","","","","","","","","","","Mati","","","","","","","","","","","","","","Tumbuhan kayu keras","","","","60b47d4957af4bb3b6f038baa350ef5f"
"Patrol","3","Apr 28, 2026","12:37:05 PM","118.07686661810102","-8.245379278750892","","Jun 28, 2026, 12:45:26 AM","Faldeo Adrean Falsa","Tumbuhan","","","","","","","","","","","","Belum Ada di List","","","","Nara / Sonokembang / Dalbergia sp.","","","","","","","","","","Sehat","","","","","","","","","","","","","","Tumbuhan kayu keras","","","","d3f534609cf84cf0b7ff7278e68d9ad2"
"Patrol","3","Apr 28, 2026","12:37:05 PM","118.07686661810102","-8.245379278750892","","May 19, 2026, 3:30:57 PM","Faldeo Adrean Falsa","Tumbuhan","","","","","","","","","","","","Belum Ada di List","","","","Nara / Sonokembang / Dalbergia sp.","","","","","","","","","","Sehat","","","","","","","","","","","","","","Tumbuhan kayu keras","","","","24122ddc636040219e1213a27beb0994"
"Patrol","2","Apr 28, 2026","12:34:23 PM","118.07690562194547","-8.245291632385026","","Jun 28, 2026, 12:45:26 AM","Faldeo Adrean Falsa","Tumbuhan","","","","","","","","","","","","Rino - Cenderai - Grewia eriocarpa","","","","","","","","","","","","","","Sehat","","","","","","","","","","","","","","Tumbuhan kayu keras","","","","1efa7291de9e41ff895b4eb67db6af65"
"Patrol","2","Apr 28, 2026","12:34:23 PM","118.07690562194547","-8.245291632385026","","May 19, 2026, 3:30:57 PM","Faldeo Adrean Falsa","Tumbuhan","","","","","","","","","","","","Rino - Cenderai - Grewia eriocarpa","","","","","","","","","","","","","","Sehat","","","","","","","","","","","","","","Tumbuhan kayu keras","","","","1fb16149d4c143bb90a827b7ade9a843"
"Patrol","81","Apr 23, 2026","4:27:40 PM","118.18066833333333","-8.323215000000001","","May 1, 2026, 4:16:42 PM","Faldeo Adrean Falsa","Tumbuhan","","","","","","","","","","","","Sarume maju - Malaka - Phyllanthus emblica","","","","","","","","","","","","","","Sehat","","","","","","","","","","","","","","Tumbuhan kayu keras","","","","a26df9b3173b4482bedd8dd1319a9dbe"
"Patrol","80","Apr 23, 2026","4:26:57 PM","118.18066833333333","-8.323215000000001","","May 1, 2026, 4:16:42 PM","Faldeo Adrean Falsa","Tumbuhan","","","","","","","","","","","","Luhu - Walikukun - Schoutenia ovata","","","","2 pohon","","","","","","","","","","Sehat","","","","","","","","","","","","","","Tumbuhan kayu keras","","","","496b3ecd31e74144966b91770a7bc1bc"
"Patrol","79","Apr 23, 2026","4:25:20 PM","118.18063833333332","-8.323098333333332","","May 1, 2026, 4:16:42 PM","Faldeo Adrean Falsa","Tumbuhan","","","","","","","","","","","","Tula - Legaran - Alstonia spectabilis","","","","","","","","","","","","","","Sehat","","","","","","","","","","","","","","Tumbuhan kayu keras","","","","59138e8ab3ee435496ca4d7b73d2c963"
"Patrol","78","Apr 23, 2026","4:24:28 PM","118.18073666666666","-8.323066666666668","","May 1, 2026, 4:16:42 PM","Faldeo Adrean Falsa","Tumbuhan","","","","","","","","","","","","Sarume maju - Malaka - Phyllanthus emblica","","","","","","","","","","","","","","Sehat","","","","","","","","","","","","","","Tumbuhan kayu keras","","","","168dc2a33e1149d186d527db00cb0344"
"Patrol","77","Apr 23, 2026","4:23:00 PM","118.18084833333333","-8.322951666666667","","May 1, 2026, 4:16:42 PM","Faldeo Adrean Falsa","Tumbuhan","","","","","","","","","","","","Luhu - Walikukun - Schoutenia ovata","","","","4 pohon","","","","","","","","","","Sehat","","","","","","","","","","","","","","Tumbuhan kayu keras","","","","8f8fa85337a940b1ab25edf85476d827"
"Patrol","76","Apr 23, 2026","4:22:16 PM","118.18084833333333","-8.322951666666667","","May 1, 2026, 3:24:18 PM","Faldeo Adrean Falsa","Satwa Liar","Perjumpaan Satwa","","","45.0","","50.0","","","","Tidak tahu","Ayam Hutan Hijau - Gallus varius","","1.0","","","Bersuara","","","","","","","","","Hidup","","","","","","","","","","","ekor","Dilindungi","","","","Tidak tahu","","","4b6da28938754f91b041be3196d58c47"
"Patrol","75","Apr 23, 2026","4:20:57 PM","118.18084833333333","-8.322951666666667","","May 1, 2026, 4:16:42 PM","Faldeo Adrean Falsa","Tumbuhan","","","","","","","","","","","","Sareo - Terisi - Albizia lebbekoides","","","","","","","","","","","","","","Sehat","","","","","","","","","","","","","","Tumbuhan kayu keras","","","","664f3068cd1247239871ea77cc63146e"
"Patrol","74","Apr 23, 2026","4:20:15 PM","118.18091333333332","-8.323018333333332","","May 1, 2026, 4:16:42 PM","Faldeo Adrean Falsa","Tumbuhan","","","","","","","","","","","","Sambi - Kesambi - Schleichera oleosa","","","","","","","","","","","","","","","","","","","","","","","","","","","","Tumbuhan kayu keras","","","","db1239cbd0d548cd82958d9f57efccd3"
"Patrol","73","Apr 23, 2026","4:19:32 PM","118.18091333333332","-8.323018333333332","","May 1, 2026, 4:16:42 PM","Faldeo Adrean Falsa","Tumbuhan","","","","","","","","","","","","Rangga - Bidara - Ziziphus mauritiana","","","","","","","","","","","","","","","","","","","","","","","","","","","","Tumbuhan kayu keras","","","","463cd85178e344cdbdc814a5004ad594"
"Patrol","72","Apr 23, 2026","4:18:28 PM","118.18105166666668","-8.323061666666666","","May 1, 2026, 4:16:42 PM","Faldeo Adrean Falsa","Tumbuhan","","","","","","","","","","","","Tula - Legaran - Alstonia spectabilis","","","","","","","","","","","","","","Sehat","","","","","","","","","","","","","","Tumbuhan kayu keras","","","","92c8a6f3ae29486d95de96fb8fe7f8d8"
"Patrol","71","Apr 23, 2026","4:17:43 PM","118.18094666666666","-8.323058333333334","","May 1, 2026, 4:16:42 PM","Faldeo Adrean Falsa","Tumbuhan","","","","","","","","","","","","Danta ndolo - Mahang - Macaranga tanarius","","","","","","","","","","","","","","Sehat","","","","","","","","","","","","","","Tumbuhan kayu keras","","","","54961d0df81b4b498c0976f83b1ff863"
"Patrol","70","Apr 23, 2026","4:16:46 PM","118.18094666666666","-8.323058333333334","","May 1, 2026, 4:16:42 PM","Faldeo Adrean Falsa","Ground Check","Tutupan Lahan","","","","","","","","","","","","","","","","Non Open Area","Lahan Terbuka Alami Lainnya","","","","","","","","","","","","","","","","","","","","","","","","","","38be04ba0f96448a8a4b646714c5d6d0"
"Patrol","69","Apr 23, 2026","4:15:46 PM","118.18094666666666","-8.323058333333334","","May 1, 2026, 4:16:42 PM","Faldeo Adrean Falsa","Ground Check","Tipe Ekosistem","","","","","","","","","","","","","","","","","","Alami","Ekosistem Teresterial","Daratan Rendah (0-1000mdpl)","Pamah","","","","","","","","","","","","","","","","","","","","","","1219b052d70b4d2b9d7c8ff44bdbd616"
"Patrol","68","Apr 23, 2026","4:13:47 PM","118.18094666666666","-8.323058333333334","","May 1, 2026, 3:24:18 PM","Faldeo Adrean Falsa","Satwa Liar","Perjumpaan Satwa","","","331.0","","35.0","","","","Tidak tahu","Cikukua tanduk - Philemon buceroides","","1.0","","","Suara","","","","","","","","","Hidup","","","","","","","","","","","ekor","Active","","","","Tidak tahu","","","a07c0910576243d49e91568dbea2f883"
"Patrol","67","Apr 23, 2026","4:12:26 PM","118.18100000000001","-8.323135","","May 1, 2026, 4:16:42 PM","Faldeo Adrean Falsa","Tumbuhan","","","","","","","","","","","","Rangga - Bidara - Ziziphus mauritiana","","","","","","","","","","","","","","Sehat","","","","","","","","","","","","","","Tumbuhan kayu keras","","","","bd05d0906eea455fbc685c53fafc08a6"
"Patrol","66","Apr 23, 2026","4:11:39 PM","118.18102500000002","-8.323183333333333","","May 1, 2026, 4:16:42 PM","Faldeo Adrean Falsa","Tumbuhan","","","","","","","","","","","","Belum Ada di List","","","","Pohon Awe","","","","","","","","","","Sehat","","","","","","","","","","","","","","Tumbuhan","","","","58b8f4f90403465ba36c94add689a1d8"
"Patrol","65","Apr 23, 2026","4:09:26 PM","118.18082000000001","-8.323379999999998","","May 1, 2026, 4:16:42 PM","Faldeo Adrean Falsa","Tumbuhan","","","","","","","","","","","","Ndaru - Weru - Albizia procera","","","","Berbuah","","","","","","","","","","Sehat","","","","","","","","","","","","","","Tumbuhan kayu keras","","","","082847c7ea164be7beae57c99a39339e"
"Patrol","64","Apr 23, 2026","4:08:21 PM","118.18070000000002","-8.323435","","May 1, 2026, 4:16:42 PM","Faldeo Adrean Falsa","Tumbuhan","","","","","","","","","","","","Luhu - Walikukun - Schoutenia ovata","","","","5 pohon","","","","","","","","","","Sehat","","","","","","","","","","","","","","Tumbuhan kayu keras","","","","59ac22e7e9924d178285d265acfe5cda"
"Patrol","63","Apr 23, 2026","4:07:28 PM","118.18065833333334","-8.32352","","May 1, 2026, 4:16:42 PM","Faldeo Adrean Falsa","Tumbuhan","","","","","","","","","","","","Golkar - Kerinyuh - Chromolaena odorata","","","","","","","","","","","","","","","","","","","","","","","","","","","","Tumbuhan Bawah","","","","0492fc33e1974572949307545a808101"
"Patrol","62","Apr 23, 2026","4:06:42 PM","118.18065833333334","-8.32352","","May 1, 2026, 4:16:42 PM","Faldeo Adrean Falsa","Tumbuhan","","","","","","","","","","","","Safare Bura","","","","","","","","","","","","","","Sehat","","","","","","","","","","","","","","Tumbuhan kayu keras","","","","918f21e3abaa45508c4625500f979988"
"Patrol","61","Apr 23, 2026","4:05:54 PM","118.18065833333334","-8.32352","","May 1, 2026, 4:16:42 PM","Faldeo Adrean Falsa","Tumbuhan","","","","","","","","","","","","Ndaru - Weru - Albizia procera","","","","2 pohon","","","","","","","","","","Sehat","","","","","","","","","","","","","","Tumbuhan kayu keras","","","","ebc30e51eb6941e8867b788f0c5812d6"
"Patrol","60","Apr 23, 2026","4:04:30 PM","118.18069666666666","-8.323613333333332","","May 1, 2026, 4:16:42 PM","Faldeo Adrean Falsa","Tumbuhan","","","","","","","","","","","","Luha - Merameke - Pittosporum moluccanum","","","","","","","","","","","","","","Sehat","","","","","","","","","","","","","","Tumbuhan kayu keras","","","","2091ee13fab448d8a7da5dabf19cbcea"
"Patrol","59","Apr 23, 2026","4:02:19 PM","118.18063166666667","-8.323638333333333","","May 1, 2026, 4:16:42 PM","Faldeo Adrean Falsa","Tumbuhan","","","","","","","","","","","","Safare Bura","","","","","","","","","","","","","","Sehat","","","","","","","","","","","","","","Tumbuhan kayu keras","","","","8aa30761a2b3427caff6387e0938ff7b"
"Patrol","58","Apr 23, 2026","4:01:22 PM","118.18063166666667","-8.323638333333333","","May 1, 2026, 4:16:42 PM","Faldeo Adrean Falsa","Tumbuhan","","","","","","","","","","","","Luhu - Walikukun - Schoutenia ovata","","","","","","","","","","","","","","Sehat","","","","","","","","","","","","","","Tumbuhan kayu keras","","","","f20bbdd030d84939b7e9c5690e1b4f85"
"Patrol","57","Apr 23, 2026","4:00:33 PM","118.18065333333334","-8.32371","","May 1, 2026, 4:16:42 PM","Faldeo Adrean Falsa","Tumbuhan","","","","","","","","","","","","Sambi - Kesambi - Schleichera oleosa","","","","","","","","","","","","","","Sehat","","","","","","","","","","","","","","Tumbuhan kayu keras","","","","aacc997f614f4b9abf81bf3815380f41"
"Patrol","56","Apr 23, 2026","3:59:17 PM","118.18066500000002","-8.323618333333334","","May 1, 2026, 4:16:42 PM","Faldeo Adrean Falsa","Satwa Liar","Perjumpaan Satwa","","","270.0","","25.0","","","","Tidak tahu","Gelatik-batu kelabu - Parus cinereus","","1.0","","","Bertengger","","","","","","","","","Sehat","","","","","","","","","","","ekor","Active","","","","Tidak tahu","","","492fda88dc97483e8e7d9032724c43d5"
"Patrol","55","Apr 23, 2026","3:56:57 PM","118.18068999999998","-8.323728333333333","","May 1, 2026, 4:16:42 PM","Faldeo Adrean Falsa","Satwa Liar","Perjumpaan Satwa","","","149.0","","20.0","","","","Tidak tahu","Kirik-kirik australia - Merops ornatus","","1.0","","","Bertengger","","","","","","","","","Sehat","","","","","","","","","","","ekor","Active","","","","Tidak tahu","","","2610f6a72c8a4327b0f04a5cfdb94070"
"Patrol","54","Apr 23, 2026","3:40:48 PM","118.17855166666668","-8.327779999999999","","May 1, 2026, 4:16:42 PM","Faldeo Adrean Falsa","Aktivitas Manusia","Kebakaran Hutan dan Lahan","","","","","","","","","","","","0.18","","","","","","","","","","","","","","","","","","","","Ya","Tidak Tahu","Ya","hektar","","","Didokumentasi","Bekas kebakaran","","","Alang alang sareo","44473470bd8f402894f530eaa0dadc67"
"Patrol","53","Apr 23, 2026","3:20:05 PM","118.17585333333334","-8.327855","","May 1, 2026, 4:16:42 PM","Faldeo Adrean Falsa","Aktivitas Manusia","Pengembalaan Ternak","Piong","Sumbawa/Piong","","","","","","L","","","","","","","","","","","","","","","","","","Grid 313","","","","","","","","","","","","","","","","","10d9e130381743799861429281a149d9"
"Patrol","52","Apr 23, 2026","3:16:50 PM","118.17461333333334","-8.327916666666665","","May 1, 2026, 4:16:42 PM","Faldeo Adrean Falsa","Aktivitas Manusia","Kebakaran Hutan dan Lahan","","","","","","","","","","","","0.23","","","","","","","","","","","","","","","","","","","","Ya","Tidak Tahu","Ya","hektar","","","Didokumentasi","Bekas kebakaran","","","Savana, alang alang, sarume maju dan golkar","f53c3c6478114a009f4906886c441371"
"Patrol","51","Apr 23, 2026","3:01:19 PM","118.16528166666667","-8.325693333333334","","May 1, 2026, 4:16:42 PM","Faldeo Adrean Falsa","Aktivitas Manusia","Kebakaran Hutan dan Lahan","","","","","","","","","","","","0.16","","","","","","","","","","","","","","","","","","","","Ya","Tidak Tahu","Ya","hektar","","","Didokumentasi","Bekas kebakaran","","","Savana dan alang alang","e8b06214fdf945d2943ac1268f7d2234"
"Patrol","50","Apr 23, 2026","2:27:40 PM","118.12790166666667","-8.311696666666668","","May 1, 2026, 4:16:42 PM","Faldeo Adrean Falsa","Satwa Liar","Perjumpaan Satwa","","","126.0","","25.0","","","","Tidak tahu","Elang Ular Jari Pendek - Circaetus gallicus","","1.0","","","Soaring","","","","","","","","","Sehat","","","","","","","","","","","ekor","Dilindungi","","","","Tidak tahu","","","683a08ff6e184e76b28b6c381c8cc0f6"
"Patrol","49","Apr 23, 2026","2:19:57 PM","118.12790166666667","-8.311696666666668","","May 1, 2026, 4:16:42 PM","Faldeo Adrean Falsa","Ground Check","Tutupan Lahan","","","","","","","","","","","","","","","","Non Open Area","Savana/ Padang Rumput","","","","","","","","","","","","","","","","","","","","","","","","","","eb72182bdbca4e95b31ae2040ae189f7"
"Patrol","48","Apr 23, 2026","2:19:08 PM","118.12790166666667","-8.311696666666668","","May 1, 2026, 4:16:42 PM","Faldeo Adrean Falsa","Ground Check","Tipe Ekosistem","","","","","","","","","","","","","","","","","","Alami","Ekosistem Teresterial","Daratan Rendah (0-1000mdpl)","Savana","","","","","","","","","","","","","","","","","","","","","","9b280e7dabfa436096dfc5a2e8629e59"
"Patrol","47","Apr 23, 2026","2:16:54 PM","118.12784833333332","-8.311921666666667","","May 1, 2026, 4:16:42 PM","Faldeo Adrean Falsa","Tumbuhan","","","","","","","","","","","","Sarume maju - Malaka - Phyllanthus emblica","","","","","","","","","","","","","","","","","","","","","","","","","","","","Tumbuhan kayu keras","","","","17909574615b4f9b994bfce75c351bca"
"Patrol","46","Apr 23, 2026","2:16:02 PM","118.12776666666666","-8.312105","","May 1, 2026, 4:16:42 PM","Faldeo Adrean Falsa","Tumbuhan","","","","","","","","","","","","Sambi - Kesambi - Schleichera oleosa","","","","","","","","","","","","","","","","","","","","","","","","","","","","Tumbuhan kayu keras","","","","c23eb9254be7482882cc4be587ffcafb"
"Patrol","16","Apr 23, 2026","2:15:57 PM","118.12782332","-8.31171935","","May 1, 2026, 4:16:41 PM","Faldeo Adrean Falsa","Tumbuhan","","","","","","","","","","","","Toa - Ketimunan - Timonius timon","","","","Tiang","","","","","","","","","","Sehat","","","","","","","","","","","","","","Tumbuhan kayu keras","","","","63fdcca254c0411e9c5e10bb2f2a74e8"
"Patrol","45","Apr 23, 2026","2:14:33 PM","118.12755","-8.312318333333334","","May 1, 2026, 4:16:42 PM","Faldeo Adrean Falsa","Tumbuhan","","","","","","","","","","","","Toa - Ketimunan - Timonius timon","","","","","","","","","","","","","","","","","","","","","","","","","","","","Tumbuhan kayu keras","","","","8d4dbab7138a43ca8d649685dbfa18aa"
"Patrol","15","Apr 23, 2026","2:13:54 PM","118.12784806","-8.31167251","","May 1, 2026, 4:16:41 PM","Faldeo Adrean Falsa","Tumbuhan","","","","","","","","","","","","Ndaru - Weru - Albizia procera","","","","","","","","","","","","","","Sehat","","","","","","","","","","","","","","Tumbuhan kayu keras","","","","e6e10951d05c428b95ad1db03034055c"
"Patrol","44","Apr 23, 2026","2:13:52 PM","118.12743333333334","-8.312344999999999","","May 1, 2026, 4:16:42 PM","Faldeo Adrean Falsa","Tumbuhan","","","","","","","","","","","","Ndaru - Weru - Albizia procera","","","","","","","","","","","","","","Sehat","","","","","","","","","","","","","","Tumbuhan kayu keras","","","","b9eb89627d954f31baafeb7749637c44"
"Patrol","43","Apr 23, 2026","2:11:09 PM","118.12745000000001","-8.311380000000002","","May 1, 2026, 4:16:42 PM","Faldeo Adrean Falsa","Tumbuhan","","","","","","","","","","","","Sambi - Kesambi - Schleichera oleosa","","","","","","","","","","","","","","Sehat","","","","","","","","","","","","","","Tumbuhan kayu keras","","","","b6d6cf2cd3a44db0b0e3bfec8de084ff"
"Patrol","42","Apr 23, 2026","2:10:32 PM","118.12745000000001","-8.311380000000002","","May 1, 2026, 4:16:42 PM","Faldeo Adrean Falsa","Tumbuhan","","","","","","","","","","","","Sareo - Terisi - Albizia lebbekoides","","","","","","","","","","","","","","Sehat","","","","","","","","","","","","","","Tumbuhan kayu keras","","","","a288fe9520d24b76a4d0f270ac223666"
"Patrol","14","Apr 23, 2026","2:08:53 PM","118.12787521","-8.31167588","","May 1, 2026, 4:16:41 PM","Faldeo Adrean Falsa","Satwa Liar","Perjumpaan Satwa","","","106.0","","25.0","","","","Tidak tahu","Cekakak Sungai - Todiramphus chloris","","2.0","","","","","","","","","","","","Hidup","","","","","","","","","","","ekor","Active","","","","Tidak tahu","","","412e195bef7d46b888ba1ecafa563a99"
"Patrol","41","Apr 23, 2026","2:07:33 PM","118.12752333333334","-8.311426666666668","","May 1, 2026, 4:16:42 PM","Faldeo Adrean Falsa","Tumbuhan","","","","","","","","","","","","Kerano - Nyawai - Ficus variegata","","","","","","","","","","","","","","Sehat","","","","","","","","","","","","","","Tumbuhan kayu keras","","","","ed54558b6930477c94ecfb485bce256a"
"Patrol","40","Apr 23, 2026","2:05:31 PM","118.12752333333334","-8.311426666666668","","May 1, 2026, 4:16:42 PM","Faldeo Adrean Falsa","Tumbuhan","","","","","","","","","","","","Belum Ada di List","","","","Ntodu","","","","","","","","","","Sehat","","","","","","","","","","","","","","Tumbuhan kayu keras","","","","6e781ee046d54709acce420cb1d6a83e"
"Patrol","39","Apr 23, 2026","2:03:40 PM","118.12766500000001","-8.311338333333333","","May 1, 2026, 4:16:42 PM","Faldeo Adrean Falsa","Tumbuhan","","","","","","","","","","","","Due - Beringin - Ficus benjamina","","","","","","","","","","","","","","Sehat","","","","","","","","","","","","","","Tumbuhan kayu keras","","","","a7254b36ed06430fbd3cac863ba9d7bd"
"Patrol","38","Apr 23, 2026","2:02:41 PM","118.12766500000001","-8.311338333333333","","May 1, 2026, 4:16:42 PM","Faldeo Adrean Falsa","Tumbuhan","","","","","","","","","","","","Toa - Ketimunan - Timonius timon","","","","","","","","","","","","","","","","","","","","","","","","","","","","Tumbuhan kayu keras","","","","2e2ab4d3c27d46ea92ac7409421b4549"
"Patrol","37","Apr 23, 2026","2:01:59 PM","118.12766500000001","-8.311338333333333","","May 1, 2026, 4:16:42 PM","Faldeo Adrean Falsa","Tumbuhan","","","","","","","","","","","","Belum Ada di List","","","","Oha mango","","","","","","","","","","Sehat","","","","","","","","","","","","","","Tumbuhan kayu keras","","","","170132e36113484daafdbc75d274448f"
"Patrol","36","Apr 23, 2026","2:00:22 PM","118.12760000000002","-8.311425000000002","","May 1, 2026, 4:16:42 PM","Faldeo Adrean Falsa","Tumbuhan","","","","","","","","","","","","Belum Ada di List","","","","Blm diketahui","","","","","","","","","","Sehat","","","","","","","","","","","","","","Tumbuhan kayu keras","","","","6a703743a73d4fb7b10748e70b6dd6be"
"Patrol","35","Apr 23, 2026","1:32:01 PM","118.13876","-8.308103333333333","","May 1, 2026, 3:24:13 PM","Faldeo Adrean Falsa","Satwa Liar","Perjumpaan Satwa","","","68.0","","45.0","","","","Tidak tahu","Cikukua tanduk - Philemon buceroides","","1.0","","","Suara","","","","","","","","","Tidak tahu","","","","","","","","","","","ekor","Active","","","","Tidak tahu","","","1ce4708839c64e9194de46e020758975"
"Patrol","34","Apr 23, 2026","1:30:55 PM","118.13876","-8.308103333333333","","May 1, 2026, 4:16:42 PM","Faldeo Adrean Falsa","Tumbuhan","","","","","","","","","","","","Sarume maju - Malaka - Phyllanthus emblica","","","","","","","","","","","","","","Sehat","","","","","","","","","","","","","","Tumbuhan kayu keras","","","","19754965b01a41538ad8e700d7341beb"
"Patrol","33","Apr 23, 2026","1:29:59 PM","118.13876","-8.308103333333333","","May 1, 2026, 4:16:42 PM","Faldeo Adrean Falsa","Tumbuhan","","","","","","","","","","","","Ndaru - Weru - Albizia procera","","","","","","","","","","","","","","Sehat","","","","","","","","","","","","","","Tumbuhan kayu keras","","","","4f12b439bf5944b6a3853abb758e64a5"
"Patrol","32","Apr 23, 2026","1:28:53 PM","118.13882","-8.308175","","May 1, 2026, 4:16:42 PM","Faldeo Adrean Falsa","Tumbuhan","","","","","","","","","","","","Toa - Ketimunan - Timonius timon","","","","Tiang","","","","","","","","","","Sehat","","","","","","","","","","","","","","Tumbuhan kayu keras","","","","12bcc00e7c2249ed8fc2c0c19dc5330a"
"Patrol","31","Apr 23, 2026","1:22:19 PM","118.14066666666668","-8.309426666666667","","May 1, 2026, 4:16:42 PM","Faldeo Adrean Falsa","Ground Check","Tutupan Lahan","","","","","","","","","","","","","","","","Non Open Area","Savana/ Padang Rumput","","","","","","","","","","","","","","","","","","","","","","","","","","0e39842043564a1d972273647d59ecdf"
"Patrol","30","Apr 23, 2026","1:21:32 PM","118.14114666666667","-8.309709999999999","","May 1, 2026, 4:16:42 PM","Faldeo Adrean Falsa","Ground Check","Tipe Ekosistem","","","","","","","","","","","","","","","","","","Alami","Ekosistem Teresterial","Daratan Rendah (0-1000mdpl)","Savana","","","","","","","","","","","","","","","","","","","","","","b21afe2c1a4843c99da579dae69fbf1e"
"Patrol","29","Apr 23, 2026","12:43:20 PM","118.141615","-8.30935","","May 1, 2026, 4:16:42 PM","Faldeo Adrean Falsa","Ground Check","Tutupan Lahan","","","","","","","","","","","","","","","","Non Open Area","Hutan Monsun","","","","","","","","","","","","","","","","","","","","","","","","","","cb8f305c82f34fd4b023804891bbdb05"
"Patrol","28","Apr 23, 2026","12:41:56 PM","118.14155000000001","-8.309239999999999","","May 1, 2026, 4:16:42 PM","Faldeo Adrean Falsa","Ground Check","Tipe Ekosistem","","","","","","","","","","","","","","","","","","Alami","Ekosistem Teresterial","Daratan Rendah (0-1000mdpl)","Pamah","","","","","","","","","","","","","","","","","","","","","","098e429e65894ab6a79b29dc1b2fa6c5"
"Patrol","27","Apr 23, 2026","12:37:34 PM","118.14185166666667","-8.308991666666666","","May 1, 2026, 4:16:42 PM","Faldeo Adrean Falsa","Tumbuhan","","","","","","","","","","","","Tula - Legaran - Alstonia spectabilis","","","","","","","","","","","","","","","","","","","","","","","","","","","","Tumbuhan kayu keras","","","","10375c00179244eb8c002f6d73ab14c7"
"Patrol","26","Apr 23, 2026","12:35:05 PM","118.14179833333334","-8.308616666666667","","May 1, 2026, 4:16:42 PM","Faldeo Adrean Falsa","Tumbuhan","","","","","","","","","","","","Rida - Pulai - Alstonia scholaris","","","","Pancang","","","","","","","","","","Sehat","","","","","","","","","","","","","","Tumbuhan kayu keras","","","","ce89fc3ccf5f4fc4be6e6d871022a5b8"
"Patrol","13","Apr 23, 2026","12:34:14 PM","118.14157518","-8.30936285","","May 1, 2026, 4:16:41 PM","Faldeo Adrean Falsa","Tumbuhan","","","","","","","","","","","","Loka - Lelak - Uvaria rufa","","","","","","","","","","","","","","Sehat","","","","","","","","","","","","","","Tumbuhan kayu keras","","","","08f93fef059d43448f8767c3ba7f3beb"
"Patrol","25","Apr 23, 2026","12:33:46 PM","118.14178833333332","-8.308404999999999","","May 1, 2026, 4:16:42 PM","Faldeo Adrean Falsa","Tumbuhan","","","","","","","","","","","","Safare Bura","","","","","","","","","","","","","","Sehat","","","","","","","","","","","","","","Tumbuhan kayu keras","","","","fe821959e5674f158db3760ca990f915"
"Patrol","24","Apr 23, 2026","12:32:43 PM","118.14182333333335","-8.30849","","May 1, 2026, 4:16:42 PM","Faldeo Adrean Falsa","Tumbuhan","","","","","","","","","","","","Sambi - Kesambi - Schleichera oleosa","","","","10 berjejer","","","","","","","","","","Sehat","","","","","","","","","","","","","","Tumbuhan kayu keras","","","","fc3aa90d96a94bc3acfd0b1bfe54d99a"
"Patrol","23","Apr 23, 2026","12:31:38 PM","118.14182333333335","-8.30849","","May 1, 2026, 4:16:42 PM","Faldeo Adrean Falsa","Tumbuhan","","","","","","","","","","","","Papi - Tesek - Dodonaea viscosa","","","","","","","","","","","","","","Sehat","","","","","","","","","","","","","","Tumbuhan kayu keras","","","","06b2ea68b0bc497dab65f24572971a39"
"Patrol","12","Apr 23, 2026","12:31:31 PM","118.14157405","-8.3093592","","May 1, 2026, 4:16:41 PM","Faldeo Adrean Falsa","Tumbuhan","","","","","","","","","","","","Sambi - Kesambi - Schleichera oleosa","","","","","","","","","","","","","","Sehat","","","","","","","","","","","","","","Tumbuhan kayu keras","","","","25fff7123f0443f7a46251cb792f4a8d"
"Patrol","22","Apr 23, 2026","12:30:33 PM","118.141855","-8.308595","","May 1, 2026, 4:16:42 PM","Faldeo Adrean Falsa","Tumbuhan","","","","","","","","","","","","Danta ndolo - Mahang - Macaranga tanarius","","","","6 berjejer","","","","","","","","","","Sehat","","","","","","","","","","","","","","Tumbuhan kayu keras","","","","3acde2a350db4395afc20eadec6aa673"
"Patrol","11","Apr 23, 2026","12:30:33 PM","118.14157213","-8.30937229","","May 1, 2026, 4:16:41 PM","Faldeo Adrean Falsa","Tumbuhan","","","","","","","","","","","","Belum Ada di List","","","","Salah maju","","","","","","","","","","Sehat","","","","","","","","","","","","","","Tumbuhan kayu keras","","","","5397488a45f6452b8a5baacca63ef159"
"Patrol","21","Apr 23, 2026","12:28:47 PM","118.14184666666667","-8.308506666666666","","May 1, 2026, 4:16:42 PM","Faldeo Adrean Falsa","Satwa Liar","Perjumpaan Satwa","","","301.0","","4.0","","","","Tidak tahu","Kupu-kupu","","1.0","","","Bertengger di tanaman teride","","","","","","","","","Hidup","","","","","","","","","","","ekor","Unknown","","","","Tidak tahu","","","0612b477a59e4f6fa29600e75ae74cb1"
"Patrol","20","Apr 23, 2026","12:27:18 PM","118.14184666666667","-8.308506666666666","","May 1, 2026, 4:16:42 PM","Faldeo Adrean Falsa","Tumbuhan","","","","","","","","","","","","Sareo - Terisi - Albizia lebbekoides","","","","3 pohon berjejer","","","","","","","","","","Sehat","","","","","","","","","","","","","","Tumbuhan kayu keras","","","","591999fcd86e4c8b92d3c13167c89bd6"
"Patrol","10","Apr 23, 2026","12:24:25 PM","118.14155987","-8.30933017","","May 1, 2026, 4:16:41 PM","Faldeo Adrean Falsa","Tumbuhan","","","","","","","","","","","","Mangge - Asam jawa - Tamarindus indica","","","","","","","","","","","","","","Sehat","","","","","","","","","","","","","","Tumbuhan kayu keras","","","","cac9eb43494d4a1688c5478f823343a8"
"Patrol","9","Apr 23, 2026","12:23:16 PM","118.14156072","-8.30933097","","May 1, 2026, 4:16:41 PM","Faldeo Adrean Falsa","Tumbuhan","","","","","","","","","","","","Tumbuhan invasif lainnya","","","","Kadondo","","","","","","","","","","Sehat","","","","","","","","","","","","","","Tumbuhan kayu keras","","","","f1ccde3213ec4d0699fd709b3b098620"
"Patrol","19","Apr 23, 2026","12:23:09 PM","118.14189666666668","-8.308666666666666","","May 1, 2026, 4:16:42 PM","Faldeo Adrean Falsa","Tumbuhan","","","","","","","","","","","","Due - Beringin - Ficus benjamina","","","","","","","","","","","","","","Sehat","","","","","","","","","","","","","","Tumbuhan kayu keras","","","","40bc32dcbb4441b79f7db837cea6bab0"
"Patrol","18","Apr 23, 2026","12:21:52 PM","118.14188833333334","-8.30877","","May 1, 2026, 4:16:42 PM","Faldeo Adrean Falsa","Tumbuhan","","","","","","","","","","","","Danta ndolo - Mahang - Macaranga tanarius","","","","2 pohon berjejer","","","","","","","","","","Sehat","","","","","","","","","","","","","","Tumbuhan kayu keras","","","","e5383b0c816c47e88157e14e55fa2826"
"Patrol","17","Apr 23, 2026","12:20:54 PM","118.14188833333334","-8.30877","","May 1, 2026, 4:16:42 PM","Faldeo Adrean Falsa","Tumbuhan","","","","","","","","","","","","Safare Bura","","","","","","","","","","","","","","Sehat","","","","","","","","","","","","","","Tumbuhan kayu keras","","","","48f881eea7224855a10d7b79b4dab483"
"Patrol","16","Apr 23, 2026","12:20:11 PM","118.14192","-8.30883","","May 1, 2026, 4:16:42 PM","Faldeo Adrean Falsa","Tumbuhan","","","","","","","","","","","","Kananga - Wareng bintang - Gmelina philippensis","","","","","","","","","","","","","","","","","","","","","","","","","","","","Tumbuhan","","","","5f278e5fc1bf4465b7dcca64e5d51875"
"Patrol","15","Apr 23, 2026","12:18:45 PM","118.141885","-8.308943333333334","","May 1, 2026, 4:16:42 PM","Faldeo Adrean Falsa","Tumbuhan","","","","","","","","","","","","Rufe -  - Piliostigma malabaricum","","","","","","","","","","","","","","Sakit","","","","","","","","","","","","","","Tumbuhan kayu keras","","","","7843be5355754dce931780c89056fad7"
"Patrol","14","Apr 23, 2026","12:16:36 PM","118.14188833333334","-8.309053333333333","","May 1, 2026, 4:16:42 PM","Faldeo Adrean Falsa","Tumbuhan","","","","","","","","","","","","Rufe -  - Piliostigma malabaricum","","","","","","","","","","","","","","Sehat","","","","","","","","","","","","","","Tumbuhan kayu keras","","","","b78eb48868604a5f9a1e9d844d3a6eb6"
"Patrol","13","Apr 23, 2026","12:14:16 PM","118.14187666666666","-8.309138333333333","","May 1, 2026, 4:16:42 PM","Faldeo Adrean Falsa","Tumbuhan","","","","","","","","","","","","Sambi - Kesambi - Schleichera oleosa","","","","7 pohon berderet","","","","","","","","","","Sehat","","","","","","","","","","","","","","Tumbuhan kayu keras","","","","e65ce95cd98349f189b0bee7f171496f"
"Patrol","12","Apr 23, 2026","12:12:28 PM","118.14187833333332","-8.309248333333333","","May 1, 2026, 3:24:18 PM","Faldeo Adrean Falsa","Satwa Liar","Perjumpaan Satwa","","","174.0","","20.0","","","","Tidak tahu","Nuri Pipi Merah - Geoffroyus geoffroyi","","1.0","","","","","","","","","","","","Hidup","","","","","","","","","","","ekor","Dilindungi","","","","Tidak tahu","","","b108e7fdcbc147b18aa5932074f1c2d7"
"Patrol","11","Apr 23, 2026","12:11:22 PM","118.14187833333332","-8.309248333333333","","May 1, 2026, 4:16:42 PM","Faldeo Adrean Falsa","Tumbuhan","","","","","","","","","","","","Danta ndolo - Mahang - Macaranga tanarius","","","","","","","","","","","","","","Sehat","","","","","","","","","","","","","","Tumbuhan kayu keras","","","","8b24d249f0dc47fa9873f5a757aca119"
"Patrol","10","Apr 23, 2026","12:10:03 PM","118.14187833333332","-8.309248333333333","","May 1, 2026, 4:16:42 PM","Faldeo Adrean Falsa","Tumbuhan","","","","","","","","","","","","Sambi - Kesambi - Schleichera oleosa","","","","","","","","","","","","","","Sehat","","","","","","","","","","","","","","Tumbuhan kayu keras","","","","3b374a2ee532430a8311d4b53a95ec82"
"Patrol","9","Apr 23, 2026","12:08:42 PM","118.14187833333332","-8.309248333333333","","May 1, 2026, 4:16:42 PM","Faldeo Adrean Falsa","Tumbuhan","","","","","","","","","","","","Sambi - Kesambi - Schleichera oleosa","","","","","","","","","","","","","","Sehat","","","","","","","","","","","","","","Tumbuhan kayu keras","","","","a709c63841c642339cd4bcadf7911ecd"
"Patrol","8","Apr 23, 2026","12:07:35 PM","118.14187833333332","-8.309248333333333","","May 1, 2026, 4:16:42 PM","Faldeo Adrean Falsa","Tumbuhan","","","","","","","","","","","","Rino - Cenderai - Grewia eriocarpa","","","","","","","","","","","","","","Sehat","","","","","","","","","","","","","","Tumbuhan kayu keras","","","","5c7de797c6274771b27add03e82239eb"
"Patrol","7","Apr 23, 2026","12:05:44 PM","118.14187833333332","-8.309248333333333","","May 1, 2026, 4:16:42 PM","Faldeo Adrean Falsa","Tumbuhan","","","","","","","","","","","","Danta ndolo - Mahang - Macaranga tanarius","","","","","","","","","","","","","","Sehat","","","","","","","","","","","","","","Tumbuhan kayu keras","","","","b44ca62bbad84e3db060bb7f58c3256a"
"Patrol","6","Apr 23, 2026","12:04:30 PM","118.14179166666666","-8.309281666666667","","May 1, 2026, 4:16:42 PM","Faldeo Adrean Falsa","Tumbuhan","","","","","","","","","","","","Due - Beringin - Ficus benjamina","","","","","","","","","","","","","","Sehat","","","","","","","","","","","","","","Tumbuhan kayu keras","","","","d06dc0a3e3194965b4c1904a013776bd"
"Patrol","5","Apr 23, 2026","12:01:52 PM","118.14170666666665","-8.309248333333333","","May 1, 2026, 4:16:42 PM","Faldeo Adrean Falsa","Tumbuhan","","","","","","","","","","","","Rino - Cenderai - Grewia eriocarpa","","","","","","","","","","","","","","","","","","","","","","","","","","","","Tumbuhan kayu keras","","","","aa9c72f1d34d4770b6419f4b17922d92"
"Patrol","4","Apr 23, 2026","12:00:46 PM","118.14162","-8.309253333333334","","May 1, 2026, 4:16:41 PM","Faldeo Adrean Falsa","Tumbuhan","","","","","","","","","","","","Rino - Cenderai - Grewia eriocarpa","","","","","","","","","","","","","","","","","","","","","","","","","","","","Tumbuhan kayu keras","","","","db61d05064534770b94e3ce1893e5dc6"
"Patrol","3","Apr 23, 2026","11:59:30 AM","118.141585","-8.30928","","May 1, 2026, 4:16:41 PM","Faldeo Adrean Falsa","Tumbuhan","","","","","","","","","","","","Sambi - Kesambi - Schleichera oleosa","","","","","","","","","","","","","","","","","","","","","","","","","","","","Tumbuhan kayu keras","","","","db86e383d88848f78ef9dfb7648c1330"
"Patrol","2","Apr 23, 2026","11:58:11 AM","118.141585","-8.30928","","May 1, 2026, 4:16:41 PM","Faldeo Adrean Falsa","Tumbuhan","","","","","","","","","","","","Pato - Popohan/Getasan - Buchanania arborescens","","","","","","","","","","","","","","Sehat","","","","","","","","","","","","","","Tumbuhan kayu keras","","","","e9b1385cec2c4f948164dfbf1fd19b1c"
"Patrol","2","Apr 22, 2026","5:48:26 PM","117.89735999999999","-8.331520000000001","","May 1, 2026, 4:16:31 PM","Faldeo Adrean Falsa","Satwa Liar","Perjumpaan Satwa","","","177.0","","70.0","","","","","Belum ada di list","","1.0","","","Alap-alap P1000 5814-5817  Terbang","","","","","","","","","Lainnya","","","","","","","","","","","","Unknown","","","","","","","57f0045564484b40bea9c4394375b62f"
"Patrol","2","Apr 22, 2026","5:48:26 PM","117.89735999999999","-8.331520000000001","","May 1, 2026, 4:16:31 PM","Faldeo Adrean Falsa","Tumbuhan","","","","","","","","","","","","Belum Ada di List","","","","P1000 5834-5838","","","","","","","","","","","","","","","","","","","","","","","","Tumbuhan kayu keras","","","","57f0045564484b40bea9c4394375b62f"
"Patrol","2","Apr 22, 2026","5:48:26 PM","117.89735999999999","-8.331520000000001","","May 1, 2026, 4:16:31 PM","Faldeo Adrean Falsa","Tumbuhan","","","","","","","","","","","","Belum Ada di List","","","","P1000 5775-5784","","","","","","","","","","","","","","","","","","","","","","","","Tumbuhan kayu keras","","","","57f0045564484b40bea9c4394375b62f"
"Patrol","2","Apr 22, 2026","5:48:26 PM","117.89735999999999","-8.331520000000001","","May 1, 2026, 4:16:31 PM","Faldeo Adrean Falsa","Satwa Liar","Perjumpaan Satwa","","","29.0","","30.0","","","","","Belum ada di list","","2.0","","","P1000 5785-5801  Nama (arif)  Sangodo","","","","","","","","","","","","","","","","","","","","","Unknown","","","","","","","57f0045564484b40bea9c4394375b62f"
"Patrol","2","Apr 22, 2026","5:48:26 PM","117.89735999999999","-8.331520000000001","","May 1, 2026, 4:16:31 PM","Faldeo Adrean Falsa","Tumbuhan","","","","","","","","","","","","Kapuk Randu - - Ceiba pentandra","","","","P1000 5857-5863","","","","","","","","","","","","","","","","","","","","","","","","Tumbuhan kayu keras","","","","57f0045564484b40bea9c4394375b62f"
"Patrol","2","Apr 22, 2026","5:48:26 PM","117.89735999999999","-8.331520000000001","","May 1, 2026, 4:16:31 PM","Faldeo Adrean Falsa","Ground Check","Tutupan Lahan","","","","","","","","","","","","","","","HP iga U - 171733, 171737 T - 171748, 171751 S - 171805, 171809 B - 171831, 171834","Open Area","Ladang","","","","","","","","","","","","","","","","","","","","","","","","","","57f0045564484b40bea9c4394375b62f"
"Patrol","2","Apr 22, 2026","5:48:26 PM","117.89735999999999","-8.331520000000001","","May 1, 2026, 4:16:31 PM","Faldeo Adrean Falsa","Aktivitas Manusia","Penggunaan Kawasan","","","","","","","","","","","","0.95","","Aktif","Ditindaklanjuti dengan patroli gabungan","","","","","","","","","","","","","","","","","Ya","","Ya","hektar","","","","Ladang","","Sangat lama (>3bulan)","","57f0045564484b40bea9c4394375b62f"
"Patrol","2","Apr 22, 2026","5:48:26 PM","117.89735999999999","-8.331520000000001","","May 1, 2026, 4:16:31 PM","Faldeo Adrean Falsa","Satwa Liar","Perjumpaan Satwa","","","29.0","","30.0","","","","","Belum ada di list","","10.0","","","Sriti  P1000 5764-5774","","","","","","","","","","","","","","","","","","","","","Abandoned","","","","","","","57f0045564484b40bea9c4394375b62f"
"Patrol","2","Apr 22, 2026","5:48:26 PM","117.89735999999999","-8.331520000000001","","May 1, 2026, 4:16:31 PM","Faldeo Adrean Falsa","Ground Check","Tipe Ekosistem","","","","","","","","","","","","","","","","","","Buatan","Buatan","Daratan Rendah (0-1000mdpl)","Ladang","","","","","","","","","","","","","","","","","","","","","","57f0045564484b40bea9c4394375b62f"
"Patrol","2","Apr 22, 2026","5:48:26 PM","117.89735999999999","-8.331520000000001","","May 1, 2026, 4:16:31 PM","Faldeo Adrean Falsa","Aktivitas Manusia","Alat Kerja dan Transportasi","","","","","","","","","","","","1.0","","","Ditindaklanjuti saat patroli gabungan (+-1 bulan lagi) ","","","","","","","","","","","","","","","","","Ya","","Ya","unit","","","","Gubuk/camp/bevak","","","","57f0045564484b40bea9c4394375b62f"
"Patrol","2","Apr 22, 2026","5:48:26 PM","117.89735999999999","-8.331520000000001","","May 1, 2026, 4:16:31 PM","Faldeo Adrean Falsa","Tumbuhan","","","","","","","","","","","","Belum Ada di List","","","","P1000 5849-5856","","","","","","","","","","","","","","","","","","","","","","","","Tumbuhan kayu keras","","","","57f0045564484b40bea9c4394375b62f"
"Patrol","2","Apr 22, 2026","2:02:53 PM","118.0073","-8.38583","","May 1, 2026, 4:16:31 PM","Faldeo Adrean Falsa","Tumbuhan","","","","","","","","","","","","Ndaru - Weru - Albizia procera","","","","","","","","","","","","","","","","","","","","","","","","","","","","Tumbuhan kayu keras","","","","de9e900b325c4eee9fc403c1a9baf961"
"Patrol","2","Apr 22, 2026","2:02:53 PM","118.0073","-8.38583","","May 1, 2026, 4:16:31 PM","Faldeo Adrean Falsa","Tumbuhan","","","","","","","","","","","","Danta ndolo - Andulpak - Homalanthus giganteus","","","","","","","","","","","","","","","","","","","","","","","","","","","","Tumbuhan kayu keras","","","","de9e900b325c4eee9fc403c1a9baf961"
"Patrol","2","Apr 22, 2026","2:02:53 PM","118.0073","-8.38583","","May 1, 2026, 4:16:31 PM","Faldeo Adrean Falsa","Satwa Liar","Tanda Satwa","","","","","","","","","","Babi Hutan - Sus scrofa","","","","","","","","","","","","","","","","","","","","","","","","","","","","","Tapak","","","","de9e900b325c4eee9fc403c1a9baf961"
"Patrol","2","Apr 22, 2026","2:02:53 PM","118.0073","-8.38583","","May 1, 2026, 4:16:31 PM","Faldeo Adrean Falsa","Tumbuhan","","","","","","","","","","","","Belum Ada di List","","","","","","","","","","","","","","","","","","","","","","","","","","","","Tumbuhan kayu keras","","","","de9e900b325c4eee9fc403c1a9baf961"
"Patrol","2","Apr 22, 2026","2:02:53 PM","118.0073","-8.38583","","May 1, 2026, 4:16:31 PM","Faldeo Adrean Falsa","Ground Check","Tipe Ekosistem","","","","","","","","","","","","","","","","","","Alami","Ekosistem Teresterial","Daratan Rendah (0-1000mdpl)","Hutan Pamah","","","","","","","","","","","","","","","","","","","","","","de9e900b325c4eee9fc403c1a9baf961"
"Patrol","2","Apr 22, 2026","2:02:53 PM","118.0073","-8.38583","","May 1, 2026, 4:16:31 PM","Faldeo Adrean Falsa","Tumbuhan","","","","","","","","","","","","Sarume maju - Malaka - Phyllanthus emblica","","","","","","","","","","","","","","","","","","","","","","","","","","","","Tumbuhan kayu keras","","","","de9e900b325c4eee9fc403c1a9baf961"
"Patrol","2","Apr 22, 2026","2:02:53 PM","118.0073","-8.38583","","May 1, 2026, 4:16:31 PM","Faldeo Adrean Falsa","Tumbuhan","","","","","","","","","","","","Belum Ada di List","","","","","","","","","","","","","","","","","","","","","","","","","","","","Tumbuhan kayu keras","","","","de9e900b325c4eee9fc403c1a9baf961"
"Patrol","2","Apr 22, 2026","2:02:53 PM","118.0073","-8.38583","","May 1, 2026, 4:16:31 PM","Faldeo Adrean Falsa","Tumbuhan","","","","","","","","","","","","Belum Ada di List","","","","","","","","","","","","","","","","","","","","","","","","","","","","Tumbuhan kayu keras","","","","de9e900b325c4eee9fc403c1a9baf961"
"Patrol","2","Apr 22, 2026","2:02:53 PM","118.0073","-8.38583","","May 1, 2026, 4:16:31 PM","Faldeo Adrean Falsa","Tumbuhan","","","","","","","","","","","","Toa - Ketimunan - Timonius timon","","","","","","","","","","","","","","","","","","","","","","","","","","","","Tumbuhan kayu keras","","","","de9e900b325c4eee9fc403c1a9baf961"
"Patrol","2","Apr 22, 2026","2:02:53 PM","118.0073","-8.38583","","May 1, 2026, 4:16:31 PM","Faldeo Adrean Falsa","Satwa Liar","Perjumpaan Satwa","","","310.0","","200.0","","","","","Belum ada di list","","1.0","","","P1000 - 5756","","","","","","","","","","","","","","","","","","","","","Unknown","","","","","","","de9e900b325c4eee9fc403c1a9baf961"
"Patrol","2","Apr 22, 2026","2:02:53 PM","118.0073","-8.38583","","May 1, 2026, 4:16:31 PM","Faldeo Adrean Falsa","Ground Check","Tutupan Lahan","","","","","","","","","","","","","","","Hutan Pamah HP Iqbal U - img9185 T - 9186 B -  9188 S - 9187 ","Open Area","Lainnya (Tulis di Komen)","","","","","","","","","","","","","","","","","","","","","","","","","","de9e900b325c4eee9fc403c1a9baf961"
"Patrol","36","Apr 22, 2026","1:55:10 PM","118.12218499999999","-8.358158333333334","","May 1, 2026, 4:16:43 PM","Faldeo Adrean Falsa","Aktivitas Manusia","Alat Kerja dan Transportasi","","","","","","","","","","","","1.0","","Tidak Aktif","Diperkirakan camp dari pencari madu atau pemburu","","","","","","","","","","","","","","","","","Ya","","Tidak","unit","","","Dimusnahkan","Gubuk/camp/bevak","","Lama (2 - 4 minggu)","","943619fe71b44d399b04234370699fa6"
"Patrol","35","Apr 22, 2026","1:38:18 PM","118.11672333333333","-8.355895","","May 1, 2026, 3:24:06 PM","Faldeo Adrean Falsa","Satwa Liar","Perjumpaan Satwa","","","76.0","","20.0","","","","Tidak tahu","Cucak kutilang - Pycnonotus aurigaster","","1.0","","","Bersuara","","","","","","","","","Hidup","","","","","","","","","","","ekor","Unknown","","","","Tidak tahu","","","261e935e8b1645e78878dda2ed973450"
"Patrol","34","Apr 22, 2026","1:29:36 PM","118.11658000000001","-8.355733333333335","","May 1, 2026, 3:24:06 PM","Faldeo Adrean Falsa","Satwa Liar","Perjumpaan Satwa","","","74.0","","15.0","","","","Tidak tahu","Pipit zebra - Taeniopygia guttata","","2.0","","","Bertengger di pohon sarume maju","","","","","","","","","Terluka","","","","","","","","","","","ekor","Unknown","","","","Tidak tahu","","","70db0ae037fd448cb6536838cbf61adb"
"Patrol","33","Apr 22, 2026","12:51:27 PM","118.11608166666669","-8.355468333333333","","May 1, 2026, 4:16:43 PM","Faldeo Adrean Falsa","Satwa Liar","Perjumpaan Satwa","","","281.0","","3.0","","","","Tidak tahu","Ular pucuk - Ahaetulla prasina","","1.0","","","Ular daun","","","","","","","","","Sehat","","","","","","","","","","","ekor","Active","","","","Tidak tahu","","","5cf8c37337f74b1dbbc4c60cdc4bfa32"
"Patrol","32","Apr 22, 2026","12:46:57 PM","118.11606666666667","-8.355441666666668","","May 1, 2026, 4:16:43 PM","Faldeo Adrean Falsa","Tumbuhan","","","","","","","","","","","","Belum Ada di List","","","","","","","","","","","","","","Sehat","","","","","","","","","","","","","","Tumbuhan kayu keras","","","","b7cf63f3618a4cb2a2703df1ed76f543"
"Patrol","31","Apr 22, 2026","12:44:42 PM","118.116205","-8.355583333333334","","May 1, 2026, 4:16:43 PM","Faldeo Adrean Falsa","Satwa Liar","Perjumpaan Satwa","","","352.0","","5.0","","","","","Kupu-kupu","","1.0","","","","","","","","","","","","Hidup","","","","","","","","","","","ekor","Unknown","","","","Tidak tahu","","","06317a659d6b4a95a609c0011313b12c"
"Patrol","30","Apr 22, 2026","12:42:52 PM","118.11621166666667","-8.355626666666666","","May 1, 2026, 4:16:43 PM","Faldeo Adrean Falsa","Ground Check","Tutupan Lahan","","","","","","","","","","","","","","","","Non Open Area","Hutan Monsun","","","","","","","","","","","","","","","","","","","","","","","","","","78cebf1c96e546fb9ad19c7bb6eaa76d"
"Patrol","29","Apr 22, 2026","12:41:05 PM","118.11608166666669","-8.355506666666667","","May 1, 2026, 4:16:43 PM","Faldeo Adrean Falsa","Ground Check","Tipe Ekosistem","","","","","","","","","","","","","","","","","","Alami","Ekosistem Teresterial","Daratan Rendah (0-1000mdpl)","Pamah","","","","","","","","","","","","","","","","","","","","","","6ee948f8061c41a48540ebdd2edec04b"
"Patrol","28","Apr 22, 2026","12:39:06 PM","118.11604666666666","-8.355453333333333","","May 1, 2026, 3:24:06 PM","Faldeo Adrean Falsa","Satwa Liar","Perjumpaan Satwa","","","21.0","","30.0","","","","Tidak tahu","Cikukua tanduk - Philemon buceroides","","","","","Suara","","","","","","","","","Hidup","","","","","","","","","","","","Active","","","","","","","5125aef8271b423d85bb145f4d5826ff"
"Patrol","27","Apr 22, 2026","12:37:02 PM","118.11604666666666","-8.355453333333333","","May 1, 2026, 4:16:43 PM","Faldeo Adrean Falsa","Tumbuhan","","","","","","","","","","","","Toa - Ketimunan - Timonius timon","","","","","","","","","","","","","","Sehat","","","","","","","","","","","","","","Tumbuhan kayu keras","","","","f4e49595c7d74097a3c5dace29c9454d"
"Patrol","26","Apr 22, 2026","12:36:02 PM","118.11612500000001","-8.355441666666668","","May 1, 2026, 4:16:43 PM","Faldeo Adrean Falsa","Tumbuhan","","","","","","","","","","","","Tula - Legaran - Alstonia spectabilis","","","","","","","","","","","","","","Sehat","","","","","","","","","","","","","","Tumbuhan kayu keras","","","","a102e4bdb86b4fb986ff0b5c8bb89cdc"
"Patrol","25","Apr 22, 2026","12:33:29 PM","118.11615666666667","-8.355546666666667","","May 1, 2026, 4:16:43 PM","Faldeo Adrean Falsa","Tumbuhan","","","","","","","","","","","","Toa - Ketimunan - Timonius timon","","","","","","","","","","","","","","Sehat","","","","","","","","","","","","","","Tumbuhan kayu keras","","","","6b24f1227aa541b4962dd49b851dd87f"
"Patrol","24","Apr 22, 2026","12:32:39 PM","118.11616666666666","-8.355585","","May 1, 2026, 4:16:43 PM","Faldeo Adrean Falsa","Tumbuhan","","","","","","","","","","","","Sonokelir - Sonokeling - Dalbergia latifolia","","","","","","","","","","","","","","","","","","","","","","","","","","","","Tumbuhan kayu keras","","","","2098f2a1f828441d9bf571bdd6d4093c"
"Patrol","23","Apr 22, 2026","12:31:55 PM","118.11618666666666","-8.355671666666666","","May 1, 2026, 4:16:43 PM","Faldeo Adrean Falsa","Tumbuhan","","","","","","","","","","","","Ndaru - Weru - Albizia procera","","","","","","","","","","","","","","Sehat","","","","","","","","","","","","","","Tumbuhan kayu keras","","","","b43221e2660949089282b1d095162c50"
"Patrol","22","Apr 22, 2026","12:31:06 PM","118.11627333333333","-8.355658333333334","","May 1, 2026, 4:16:43 PM","Faldeo Adrean Falsa","Tumbuhan","","","","","","","","","","","","Sonokelir - Sonokeling - Dalbergia latifolia","","","","","","","","","","","","","","Sehat","","","","","","","","","","","","","","Tumbuhan kayu keras","","","","80bea0e5bd2843a2bebfbb51777076d2"
"Patrol","21","Apr 22, 2026","12:29:21 PM","118.11646333333334","-8.355693333333333","","May 1, 2026, 4:16:43 PM","Faldeo Adrean Falsa","Tumbuhan","","","","","","","","","","","","Ndaru - Weru - Albizia procera","","","","","","","","","","","","","","Sehat","","","","","","","","","","","","","","Tumbuhan kayu keras","","","","d25d72d836d649a0bdab2baff8a54331"
"Patrol","20","Apr 22, 2026","12:28:21 PM","118.116405","-8.355661666666666","","May 1, 2026, 4:16:43 PM","Faldeo Adrean Falsa","Tumbuhan","","","","","","","","","","","","Danta ndolo - Mahang - Macaranga tanarius","","","","","","","","","","","","","","Sehat","","","","","","","","","","","","","","Tumbuhan kayu keras","","","","0fc793db383b49e7a349a5f19e9c3b99"
"Patrol","19","Apr 22, 2026","12:13:16 PM","118.11668333333334","-8.355851666666666","","May 1, 2026, 4:16:43 PM","Faldeo Adrean Falsa","Tumbuhan","","","","","","","","","","","","Ndaru - Weru - Albizia procera","","","","6 pohon berjejer","","","","","","","","","","Sehat","","","","","","","","","","","","","","Tumbuhan kayu keras","","","","f0d4e0a83e764d428bd649b84fc81162"
"Patrol","18","Apr 22, 2026","12:11:49 PM","118.11695","-8.356016666666667","","May 1, 2026, 4:16:43 PM","Faldeo Adrean Falsa","Tumbuhan","","","","","","","","","","","","Ndaru - Weru - Albizia procera","","","","3 pohon berjejer","","","","","","","","","","Sehat","","","","","","","","","","","","","","Tumbuhan kayu keras","","","","00b43b3525714e5cb5e11cf869e51dfc"
"Patrol","17","Apr 22, 2026","12:10:43 PM","118.11717166666668","-8.356255","","May 1, 2026, 4:16:43 PM","Faldeo Adrean Falsa","Tumbuhan","","","","","","","","","","","","Tula - Legaran - Alstonia spectabilis","","","","Pancang 2 pohon","","","","","","","","","","Sehat","","","","","","","","","","","","","","Tumbuhan kayu keras","","","","9d3a115fa79542c1b1114ee9cddc01fa"
"Patrol","16","Apr 22, 2026","12:09:41 PM","118.11731833333333","-8.356388333333333","","May 1, 2026, 4:16:43 PM","Faldeo Adrean Falsa","Tumbuhan","","","","","","","","","","","","Ndaru - Weru - Albizia procera","","","","6 pohon berjejer","","","","","","","","","","Sehat","","","","","","","","","","","","","","Tumbuhan kayu keras","","","","03aeee5daba441d69747420cb03958cc"
"Patrol","15","Apr 22, 2026","12:08:14 PM","118.11740166666665","-8.35641","","May 1, 2026, 4:16:43 PM","Faldeo Adrean Falsa","Tumbuhan","","","","","","","","","","","","Danta ndolo - Andulpak - Homalanthus giganteus","","","","","","","","","","","","","","Sehat","","","","","","","","","","","","","","Tumbuhan kayu keras","","","","7dfe64fac5954f078d4eae5c18d37edb"
"Patrol","14","Apr 22, 2026","12:07:00 PM","118.11749166666665","-8.356543333333333","","May 1, 2026, 4:16:43 PM","Faldeo Adrean Falsa","Tumbuhan","","","","","","","","","","","","Sarume maju - Malaka - Phyllanthus emblica","","","","Berbuah","","","","","","","","","","Sehat","","","","","","","","","","","","","","Tumbuhan kayu keras","","","","505f7ab8e0024745869a405a50db3e9c"
"Patrol","13","Apr 22, 2026","12:05:55 PM","118.11755666666667","-8.356621666666666","","May 1, 2026, 4:16:43 PM","Faldeo Adrean Falsa","Tumbuhan","","","","","","","","","","","","Toa - Ketimunan - Timonius timon","","","","","","","","","","","","","","Sehat","","","","","","","","","","","","","","Tumbuhan kayu keras","","","","8c58d5851ceb4cbea93814a2027e090a"
"Patrol","12","Apr 22, 2026","12:05:12 PM","118.11754666666666","-8.35675","","May 1, 2026, 4:16:43 PM","Faldeo Adrean Falsa","Tumbuhan","","","","","","","","","","","","Ndaru - Weru - Albizia procera","","","","8 pohon berjejer","","","","","","","","","","Sehat","","","","","","","","","","","","","","Tumbuhan kayu keras","","","","ba8704aef75b46a4a3d129e053f58b91"
"Patrol","11","Apr 22, 2026","12:04:11 PM","118.11764166666666","-8.35693","","May 1, 2026, 4:16:43 PM","Faldeo Adrean Falsa","Tumbuhan","","","","","","","","","","","","Ndaru - Weru - Albizia procera","","","","","","","","","","","","","","Sehat","","","","","","","","","","","","","","Tumbuhan kayu keras","","","","a708ce8ada17467ab655535c6b00ca15"
"Patrol","10","Apr 22, 2026","12:03:17 PM","118.11781500000001","-8.357148333333333","","May 1, 2026, 4:16:43 PM","Faldeo Adrean Falsa","Tumbuhan","","","","","","","","","","","","Toa - Ketimunan - Timonius timon","","","","","","","","","","","","","","Sehat","","","","","","","","","","","","","","Tumbuhan kayu keras","","","","34545656ed2242f9967c7e283d29a569"
"Patrol","9","Apr 22, 2026","12:02:33 PM","118.11785499999999","-8.35724","","May 1, 2026, 4:16:43 PM","Faldeo Adrean Falsa","Tumbuhan","","","","","","","","","","","","Danta ndolo - Mahang - Macaranga tanarius","","","","","","","","","","","","","","Sehat","","","","","","","","","","","","","","Tumbuhan kayu keras","","","","e0dac7a2a3664b989105ba37e15ad1e2"
"Patrol","8","Apr 22, 2026","12:01:51 PM","118.11787666666666","-8.357223333333334","","May 1, 2026, 4:16:43 PM","Faldeo Adrean Falsa","Tumbuhan","","","","","","","","","","","","Toa - Ketimunan - Timonius timon","","","","2 pohon berjejer","","","","","","","","","","Sehat","","","","","","","","","","","","","","Tumbuhan kayu keras","","","","1cef2cf47e0948da89fdf57eed692d16"
"Patrol","7","Apr 22, 2026","12:00:53 PM","118.11795333333333","-8.357323333333333","","May 1, 2026, 4:16:43 PM","Faldeo Adrean Falsa","Tumbuhan","","","","","","","","","","","","Sarume maju - Malaka - Phyllanthus emblica","","","","Berbuah","","","","","","","","","","Sehat","","","","","","","","","","","","","","Tumbuhan kayu keras","","","","e8b3231679d146839c3d47270dae20d6"
"Patrol","6","Apr 22, 2026","12:00:11 PM","118.117935","-8.357348333333334","","May 1, 2026, 4:16:43 PM","Faldeo Adrean Falsa","Tumbuhan","","","","","","","","","","","","Ndaru - Weru - Albizia procera","","","","","","","","","","","","","","Sakit","","","","","","","","","","","","","","Tumbuhan kayu keras","","","","739dbfd32f42462db5b982328fb3a386"
"Patrol","5","Apr 22, 2026","11:59:08 AM","118.11798666666667","-8.357431666666667","","May 1, 2026, 4:16:43 PM","Faldeo Adrean Falsa","Tumbuhan","","","","","","","","","","","","Ndaru - Weru - Albizia procera","","","","5 pohon berjejer","","","","","","","","","","Sehat","","","","","","","","","","","","","","Tumbuhan kayu keras","","","","404815a8fbb84161a55593a430f38b40"
"Patrol","4","Apr 22, 2026","11:57:57 AM","118.11803499999999","-8.35753","","May 1, 2026, 4:16:43 PM","Faldeo Adrean Falsa","Tumbuhan","","","","","","","","","","","","Toa - Ketimunan - Timonius timon","","","","3 pohon berjejer","","","","","","","","","","Sehat","","","","","","","","","","","","","","Tumbuhan kayu keras","","","","ec5abaca9d5d4ff886517508beb391d7"
"Patrol","3","Apr 22, 2026","11:56:09 AM","118.11817500000001","-8.35778","","May 1, 2026, 4:16:43 PM","Faldeo Adrean Falsa","Tumbuhan","","","","","","","","","","","","Ndaru - Weru - Albizia procera","","","","6 pohon berjejer","","","","","","","","","","Sehat","","","","","","","","","","","","","","Tumbuhan kayu keras","","","","5481e826cb594ea7bd1b6b8d788499d8"
"Patrol","2","Apr 22, 2026","11:23:37 AM","117.97539499999999","-8.382763333333333","","May 1, 2026, 4:16:31 PM","Faldeo Adrean Falsa","Tumbuhan","","","","","","","","","","","","Sambi - Kesambi - Schleichera oleosa","","","","","","","","","","","","","","","","","","","","","","","","","","","","Tumbuhan kayu keras","","","","6b55468f41eb4a25960ed8fe05bd4a5e"
"Patrol","2","Apr 22, 2026","11:23:37 AM","117.97539499999999","-8.382763333333333","","May 1, 2026, 4:16:31 PM","Faldeo Adrean Falsa","Ground Check","Tipe Ekosistem","","","","","","","","","","","","","","","","","","Alami","Ekosistem Teresterial","Daratan Rendah (0-1000mdpl)","Hutan Pamah","","","","","","","","","","","","","","","","","","","","","","6b55468f41eb4a25960ed8fe05bd4a5e"
"Patrol","2","Apr 22, 2026","11:23:37 AM","117.97539499999999","-8.382763333333333","","May 1, 2026, 4:16:31 PM","Faldeo Adrean Falsa","Tumbuhan","","","","","","","","","","","","Toa - Ketimunan - Timonius timon","","","","HP Iga 105459-105530","","","","","","","","","","","","","","","","","","","","","","","","Tumbuhan kayu keras","","","","6b55468f41eb4a25960ed8fe05bd4a5e"
"Patrol","2","Apr 22, 2026","11:23:37 AM","117.97539499999999","-8.382763333333333","","May 1, 2026, 4:16:31 PM","Faldeo Adrean Falsa","Tumbuhan","","","","","","","","","","","","Jati doro - Simpur - Dillenia pentagyna","","","","","","","","","","","","","","","","","","","","","","","","","","","","Tumbuhan kayu keras","","","","6b55468f41eb4a25960ed8fe05bd4a5e"
"Patrol","2","Apr 22, 2026","11:23:37 AM","117.97539499999999","-8.382763333333333","","May 1, 2026, 4:16:31 PM","Faldeo Adrean Falsa","Satwa Liar","Perjumpaan Satwa","","","4.0","","30.0","","","","","Belum ada di list","","","","","Burung sampel A - 5733.jpg kamera","","","","","","","","","","","","","","","","","","","","","Unknown","","","","","","","6b55468f41eb4a25960ed8fe05bd4a5e"
"Patrol","2","Apr 22, 2026","11:23:37 AM","117.97539499999999","-8.382763333333333","","May 1, 2026, 4:16:31 PM","Faldeo Adrean Falsa","Tumbuhan","","","","","","","","","","","","Belum Ada di List","","","","","","","","","","","","","","","","","","","","","","","","","","","","Tumbuhan kayu keras","","","","6b55468f41eb4a25960ed8fe05bd4a5e"
"Patrol","2","Apr 22, 2026","11:23:37 AM","117.97539499999999","-8.382763333333333","","May 1, 2026, 4:16:31 PM","Faldeo Adrean Falsa","Ground Check","Tutupan Lahan","","","","","","","","","","","","","","","Hutan pamah HP Iqbal Utara - img_9183 Timur - img_9180 Selatan - img_9181 Barat - img_9182","Non Open Area","Lainnya (Tulis di Komen)","","","","","","","","","","","","","","","","","","","","","","","","","","6b55468f41eb4a25960ed8fe05bd4a5e"
"Patrol","2","Apr 22, 2026","11:23:37 AM","117.97539499999999","-8.382763333333333","","May 1, 2026, 4:16:31 PM","Faldeo Adrean Falsa","Tumbuhan","","","","","","","","","","","","Sarume maju - Malaka - Phyllanthus emblica","","","","","","","","","","","","","","","","","","","","","","","","","","","","Tumbuhan kayu keras","","","","6b55468f41eb4a25960ed8fe05bd4a5e"
"Patrol","2","Apr 22, 2026","11:23:37 AM","117.97539499999999","-8.382763333333333","","May 1, 2026, 4:16:31 PM","Faldeo Adrean Falsa","Tumbuhan","","","","","","","","","","","","Ndaru - Weru - Albizia procera","","","","","","","","","","","","","","","","","","","","","","","","","","","","Tumbuhan kayu keras","","","","6b55468f41eb4a25960ed8fe05bd4a5e"
"Patrol","2","Apr 22, 2026","11:23:37 AM","117.97539499999999","-8.382763333333333","","May 1, 2026, 4:16:31 PM","Faldeo Adrean Falsa","Tumbuhan","","","","","","","","","","","","Luhu - Walikukun - Schoutenia ovata","","","","","","","","","","","","","","","","","","","","","","","","","","","","Tumbuhan kayu keras","","","","6b55468f41eb4a25960ed8fe05bd4a5e"
"Patrol","2","Apr 22, 2026","11:23:37 AM","117.97539499999999","-8.382763333333333","","May 1, 2026, 4:16:31 PM","Faldeo Adrean Falsa","Satwa Liar","Perjumpaan Satwa","","","178.0","","70.0","","","","","Kirik-kirik australia - Merops ornatus","","","","","","","","","","","","","","","","","","","","","","","","","","Unknown","","","","","","","6b55468f41eb4a25960ed8fe05bd4a5e"
"Patrol","2","Apr 22, 2026","10:58:17 AM","118.17595833333334","-8.356026666666667","","May 1, 2026, 4:16:43 PM","Faldeo Adrean Falsa","Satwa Liar","Perjumpaan Satwa","","","303.0","","20.0","","","","Tidak tahu","Elang Ular Jari Pendek - Circaetus gallicus","","1.0","","","Betengger","","","","","","","","","Hidup","","","","","","","","","","","ekor","Dilindungi","","","","Tidak tahu","","","18f7497e56e84506b994a2f9baa6d217"
"Patrol","12","Apr 21, 2026","4:10:23 PM","118.03300166666668","-8.407141666666666","","May 1, 2026, 4:16:31 PM","Faldeo Adrean Falsa","Satwa Liar","Tanda Satwa","","","","","","","","","","Ayam Hutan Hijau - Gallus varius","","","","","","","","","","","","","","","","","","","","","","","","","","","","","Bagian tubuh satwa","","","","b145785ec3fc49f4992307c9a3c479ae"
"Patrol","10","Apr 21, 2026","4:04:56 PM","118.03377333333334","-8.405041666666667","","May 1, 2026, 4:16:31 PM","Faldeo Adrean Falsa","Tumbuhan","","","","","","","","","","","","Luhu - Walikukun - Schoutenia ovata","","","","","","","","","","","","","","","","","","","","","","","","","","","","Tumbuhan kayu keras","","","","a5f8788d81a04237affdce41e4aaf1e4"
"Patrol","10","Apr 21, 2026","4:04:56 PM","118.03377333333334","-8.405041666666667","","May 1, 2026, 4:16:31 PM","Faldeo Adrean Falsa","Tumbuhan","","","","","","","","","","","","Tumbuhan Tambora","","","","","","","","","","","","","","","","","","","","","","","","","","","","Tumbuhan kayu keras","","","","a5f8788d81a04237affdce41e4aaf1e4"
"Patrol","2","Apr 21, 2026","4:01:26 PM","118.03360166666668","-8.403916666666667","","May 1, 2026, 4:16:31 PM","Faldeo Adrean Falsa","Tumbuhan","","","","","","","","","","","","Sambi - Kesambi - Schleichera oleosa","","","","","","","","","","","","","","Sehat","","","","","","","","","","","","","","Tumbuhan kayu keras","","","","b01e63512509498d80c470ef08a15d10"
"Patrol","2","Apr 21, 2026","4:01:26 PM","118.03360166666668","-8.403916666666667","","May 1, 2026, 4:16:31 PM","Faldeo Adrean Falsa","Tumbuhan","","","","","","","","","","","","Belum Ada di List","","","","Loa - arif","","","","","","","","","","","","","","","","","","","","","","","","Tumbuhan kayu keras","","","","b01e63512509498d80c470ef08a15d10"
"Patrol","2","Apr 21, 2026","4:01:26 PM","118.03360166666668","-8.403916666666667","","May 1, 2026, 4:16:31 PM","Faldeo Adrean Falsa","Ground Check","Tipe Ekosistem","","","","","","","","","","","","","","","","","","Alami","Ekosistem Teresterial","Daratan Rendah (0-1000mdpl)","Hutan Pamah","","","","","","","","","","","","","","","","","","","","","","b01e63512509498d80c470ef08a15d10"
"Patrol","2","Apr 21, 2026","4:01:26 PM","118.03360166666668","-8.403916666666667","","May 1, 2026, 4:16:31 PM","Faldeo Adrean Falsa","Satwa Liar","Perjumpaan Satwa","","","210.0","","20.0","","","","Tidak tahu","Monyet Ekor Panjang - Macaca fascicularis","","","","","","","","","","","","","","Hidup","","","","","","","","","","","","Unknown","","","","","","","b01e63512509498d80c470ef08a15d10"
"Patrol","2","Apr 21, 2026","4:01:26 PM","118.03360166666668","-8.403916666666667","","May 1, 2026, 4:16:31 PM","Faldeo Adrean Falsa","Ground Check","Tutupan Lahan","","","","","","","","","","","","","","","Hutan pamah","Non Open Area","Lainnya (Tulis di Komen)","","","","","","","","","","","","","","","","","","","","","","","","","","b01e63512509498d80c470ef08a15d10"
"Patrol","2","Apr 21, 2026","4:01:26 PM","118.03360166666668","-8.403916666666667","","May 1, 2026, 4:16:31 PM","Faldeo Adrean Falsa","Tumbuhan","","","","","","","","","","","","Luhu - Walikukun - Schoutenia ovata","","","","","","","","","","","","","","Sehat","","","","","","","","","","","","","","Tumbuhan kayu keras","","","","b01e63512509498d80c470ef08a15d10"
"Patrol","2","Apr 21, 2026","4:01:26 PM","118.03360166666668","-8.403916666666667","","May 1, 2026, 4:16:31 PM","Faldeo Adrean Falsa","Tumbuhan","","","","","","","","","","","","Belum Ada di List","","","","Arif - soka","","","","","","","","","","","","","","","","","","","","","","","","Tumbuhan kayu keras","","","","b01e63512509498d80c470ef08a15d10"
"Patrol","2","Apr 21, 2026","4:01:26 PM","118.03360166666668","-8.403916666666667","","May 1, 2026, 4:16:31 PM","Faldeo Adrean Falsa","Satwa Liar","Perjumpaan Satwa","","","157.0","","50.0","","","","","Nuri Pipi Merah - Geoffroyus geoffroyi","","","","","Bunyi","","","","","","","","","","","","","","","","","","","","","Unknown","","","","","","","b01e63512509498d80c470ef08a15d10"
"Patrol","13","Apr 21, 2026","1:09:40 PM","118.12501499999999","-8.421145","","May 1, 2026, 4:16:32 PM","Faldeo Adrean Falsa","Aktivitas Manusia","Kebakaran Hutan dan Lahan","","","","","","","","","","","","1.0","","","Pembakaran hasil pemanenan jagung dan cuaca hujan sehingga padam sendiri","","","","","","","","","","","","","","","","","Ya","Non Alami","Tidak","unit","","","Didokumentasi","Masih terbakar","","","Tidak ada","102a663ebd214abab511d60c84fad680"
"Patrol","13","Apr 21, 2026","1:09:40 PM","118.12501499999999","-8.421145","","May 1, 2026, 4:16:32 PM","Faldeo Adrean Falsa","Satwa Liar","Tanda Satwa","","","","","","","","","","Rusa Timor - Rusa timorensis","","","","","Tanduk rusa. Ditemukan di pondok warga","","","","","","","","","","","","","","","","","","","","","","","","Bagian tubuh satwa","","","","102a663ebd214abab511d60c84fad680"
"Patrol","13","Apr 21, 2026","1:09:40 PM","118.12501499999999","-8.421145","","May 1, 2026, 4:16:32 PM","Faldeo Adrean Falsa","Aktivitas Manusia","Penggunaan Kawasan","","","","","","","","","","","","1.0","","Aktif","Pondok Lahan Jagung","","","","","","","","","","","","Membuka sendiri","","","","","Ya","","Ya","unit","","","Dilaporkan","Ladang","","Diatas 1 tahun","","102a663ebd214abab511d60c84fad680"
"Patrol","12","Apr 21, 2026","1:05:31 PM","118.14270833333333","-8.223498333333334","","May 1, 2026, 3:24:00 PM","Faldeo Adrean Falsa","Satwa Liar","Perjumpaan Satwa","","","152.0","","25.0","","","","Tidak tahu","Ayam Hutan Hijau - Gallus varius","","1.0","","","Bersuara","","","","","","","","","Hidup","","","","","","","","","","","ekor","Dilindungi","","","","Tidak tahu","","","9063d2df222647cea764f49efb657952"
"Patrol","11","Apr 21, 2026","12:54:20 PM","118.14235500000001","-8.223493333333332","","May 1, 2026, 4:16:44 PM","Faldeo Adrean Falsa","Aktivitas Manusia","Pengembalaan Ternak","Desa Kore","Kore","","","","","","P","","","","","","","","","","","","","","","","","","Grid 681","","","","","","","","","","","","","","","","","ab5fca09a3e84c9fa2b05fd2a7f8c19c"
"Patrol","10","Apr 21, 2026","12:43:05 PM","118.14216833333333","-8.22357","","May 1, 2026, 3:24:00 PM","Faldeo Adrean Falsa","Satwa Liar","Perjumpaan Satwa","","","130.0","","20.0","","","","Tidak tahu","Burung-madu sriganti - Cinnyris jugularis","","1.0","","","Bersuara","","","","","","","","","Hidup","","","","","","","","","","","ekor","Active","","","","Tidak tahu","","","db544db1cfc949689e0de4f3c7fea881"
"Patrol","9","Apr 21, 2026","12:40:39 PM","118.14219833333333","-8.223630000000002","","May 1, 2026, 4:16:44 PM","Faldeo Adrean Falsa","Tumbuhan","","","","","","","","","","","","Teride - Tembelekan - Lantana camara","","","","","","","","","","","","","","Sehat","","","","","","","","","","","","","","Tumbuhan Bawah","","","","a23eb5b0fd9b49bfa03c38c5c4875364"
"Patrol","2","Apr 21, 2026","12:32:20 PM","118.12542499999999","-8.419771666666666","","May 1, 2026, 4:16:32 PM","Faldeo Adrean Falsa","Ground Check","Tutupan Lahan","","","","","","","","","","","","","","","","Open Area","Ladang","","","","","","","","","","","","","","","","","","","","","","","","","","dd5ea5bc98a54d1dbfb33f137147ac47"
"Patrol","2","Apr 21, 2026","12:32:20 PM","118.12542499999999","-8.419771666666666","","May 1, 2026, 4:16:32 PM","Faldeo Adrean Falsa","Satwa Liar","Perjumpaan Satwa","","","136.0","","100.0","","","","","Belum ada di list","","1.0","","","Tipitaha, suara","","","","","","","","","","","","","","","","","","","","","Unknown","","","","","","","dd5ea5bc98a54d1dbfb33f137147ac47"
"Patrol","2","Apr 21, 2026","12:32:20 PM","118.12542499999999","-8.419771666666666","","May 1, 2026, 4:16:32 PM","Faldeo Adrean Falsa","Tumbuhan","","","","","","","","","","","","Luhu - Walikukun - Schoutenia ovata","","","","","","","","","","","","","","Sehat","","","","","","","","","","","","","","Tumbuhan kayu keras","","","","dd5ea5bc98a54d1dbfb33f137147ac47"
"Patrol","2","Apr 21, 2026","12:32:20 PM","118.12542499999999","-8.419771666666666","","May 1, 2026, 4:16:32 PM","Faldeo Adrean Falsa","Tumbuhan","","","","","","","","","","","","Sonokelir - Sonokeling - Dalbergia latifolia","","","","","","","","","","","","","","Sehat","","","","","","","","","","","","","","Tumbuhan kayu keras","","","","dd5ea5bc98a54d1dbfb33f137147ac47"
"Patrol","2","Apr 21, 2026","12:32:20 PM","118.12542499999999","-8.419771666666666","","May 1, 2026, 4:16:32 PM","Faldeo Adrean Falsa","Satwa Liar","Perjumpaan Satwa","","","121.0","","50.0","","","","","Kirik-kirik australia - Merops ornatus","","3.0","","","5730.jpg","","","","","","","","","","","","","","","","","","","","","Unknown","","","","","","","dd5ea5bc98a54d1dbfb33f137147ac47"
"Patrol","2","Apr 21, 2026","12:32:20 PM","118.12542499999999","-8.419771666666666","","May 1, 2026, 4:16:32 PM","Faldeo Adrean Falsa","Tumbuhan","","","","","","","","","","","","Belum Ada di List","","","","","","","","","","","","","","Sehat","","","","","","","","","","","","","","Tumbuhan kayu keras","","","","dd5ea5bc98a54d1dbfb33f137147ac47"
"Patrol","2","Apr 21, 2026","12:32:20 PM","118.12542499999999","-8.419771666666666","","May 1, 2026, 4:16:32 PM","Faldeo Adrean Falsa","Ground Check","Tipe Ekosistem","","","","","","","","","","","","","","","","","","Buatan","Ekosistem Teresterial","Daratan Rendah (0-1000mdpl)","Ladang","","","","","","","","","","","","","","","","","","","","","","dd5ea5bc98a54d1dbfb33f137147ac47"
"Patrol","2","Apr 21, 2026","12:32:20 PM","118.12542499999999","-8.419771666666666","","May 1, 2026, 4:16:32 PM","Faldeo Adrean Falsa","Tumbuhan","","","","","","","","","","","","Sambi - Kesambi - Schleichera oleosa","","","","","","","","","","","","","","Sehat","","","","","","","","","","","","","","Tumbuhan kayu keras","","","","dd5ea5bc98a54d1dbfb33f137147ac47"
"Patrol","2","Apr 21, 2026","12:32:20 PM","118.12542499999999","-8.419771666666666","","May 1, 2026, 4:16:32 PM","Faldeo Adrean Falsa","Tumbuhan","","","","","","","","","","","","Sarume maju - Malaka - Phyllanthus emblica","","","","","","","","","","","","","","Sehat","","","","","","","","","","","","","","Tumbuhan kayu keras","","","","dd5ea5bc98a54d1dbfb33f137147ac47"
"Patrol","2","Apr 21, 2026","12:32:20 PM","118.12542499999999","-8.419771666666666","","May 1, 2026, 4:16:32 PM","Faldeo Adrean Falsa","Tumbuhan","","","","","","","","","","","","Ndaru - Weru - Albizia procera","","","","","","","","","","","","","","Sehat","","","","","","","","","","","","","","Tumbuhan kayu keras","","","","dd5ea5bc98a54d1dbfb33f137147ac47"
"Patrol","2","Apr 21, 2026","12:32:20 PM","118.12542499999999","-8.419771666666666","","May 1, 2026, 4:16:32 PM","Faldeo Adrean Falsa","Aktivitas Manusia","Penggunaan Kawasan","","","","","","","","","","","","1.0","","","Pondok kerja","","","","","","","","","","","","","","","","","Ya","","Tidak","unit","","","","Ladang","","","","dd5ea5bc98a54d1dbfb33f137147ac47"
"Patrol","8","Apr 21, 2026","12:01:33 PM","118.142455","-8.223606666666665","","May 1, 2026, 4:16:44 PM","Faldeo Adrean Falsa","Ground Check","Tutupan Lahan","","","","","","","","","","","","","","","","Non Open Area","Savana/ Padang Rumput","","","","","","","","","","","","","","","","","","","","","","","","","","217e59606a694ef8b8bea6ff1d4f44be"
"Patrol","7","Apr 21, 2026","12:00:16 PM","118.14246166666665","-8.223611666666667","","May 1, 2026, 4:16:44 PM","Faldeo Adrean Falsa","Ground Check","Tipe Ekosistem","","","","","","","","","","","","","","","","","","Alami","Ekosistem Teresterial","Daratan Rendah (0-1000mdpl)","Savana","","","","","","","","","","","","","","","","","","","","","","e41c290672c7452c88854c1d64c3c0b4"
"Patrol","6","Apr 21, 2026","11:57:31 AM","118.14241333333332","-8.22348","","May 1, 2026, 4:16:44 PM","Faldeo Adrean Falsa","Tumbuhan","","","","","","","","","","","","Sareo - Terisi - Albizia lebbekoides","","","","Serumpun dipenuhi sareo","","","","","","","","","","Sehat","","","","","","","","","","","","","","Tumbuhan kayu keras","","","","0fc1726fb3b543669d40a3c491d913fc"
"Patrol","5","Apr 21, 2026","11:55:43 AM","118.14252666666668","-8.22343","","May 1, 2026, 4:16:44 PM","Faldeo Adrean Falsa","Tumbuhan","","","","","","","","","","","","Sareo - Terisi - Albizia lebbekoides","","","","Tiang/pancang","","","","","","","","","","Sehat","","","","","","","","","","","","","","Tumbuhan kayu keras","","","","dd0330a78358437c8a4768174fe3990e"
"Patrol","4","Apr 21, 2026","11:54:25 AM","118.14251333333335","-8.22339","","May 1, 2026, 4:16:44 PM","Faldeo Adrean Falsa","Tumbuhan","","","","","","","","","","","","Rangga - Bidara - Ziziphus mauritiana","","","","Pancang/tiang","","","","","","","","","","Sehat","","","","","","","","","","","","","","Tumbuhan kayu keras","","","","f392e437352d4c3397b889a0531e2094"
"Patrol","4","Apr 21, 2026","11:52:52 AM","118.14257083","-8.22335185","","May 1, 2026, 4:16:41 PM","Faldeo Adrean Falsa","Fitur","Media Informasi","","","","","","","","","","","","","","","","","","","","","","","Baik","","","","","","","","","","","Tidak","","","","","Papan Larangan","","","","34ad572729ea42579b147240764ed10c"
"Patrol","3","Apr 21, 2026","11:52:14 AM","118.14263333333335","-8.223435","","May 1, 2026, 4:16:44 PM","Faldeo Adrean Falsa","Tumbuhan","","","","","","","","","","","","Akasia Mangium - Acacia mangium","","","","Berbunga","","","","","","","","","","Sehat","","","","","","","","","","","","","","Tumbuhan kayu keras","","","","4f1fd7affd444f9a9b86f6f5fe857906"
"Patrol","3","Apr 21, 2026","11:51:33 AM","118.14274124","-8.22345583","","May 1, 2026, 4:16:41 PM","Faldeo Adrean Falsa","Ground Check","Tutupan Lahan","","","","","","","","","","","","","","","","Non Open Area","Savana/ Padang Rumput","","","","","","","","","","","","","","","","","","","","","","","","","","a7e42d5de55e4fdb817b954bf6f111e2"
"Patrol","2","Apr 21, 2026","11:50:54 AM","118.14273392","-8.22345222","","May 1, 2026, 4:16:41 PM","Faldeo Adrean Falsa","Ground Check","Tipe Ekosistem","","","","","","","","","","","","","","","","","","Alami","Ekosistem Teresterial","Daratan Rendah (0-1000mdpl)","Savana","","","","","","","","","","","","","","","","","","","","","","3eb1ff9f734c4c5db4baf1e36d42bcb0"
"Patrol","2","Apr 21, 2026","11:50:31 AM","118.14273666666668","-8.223468333333333","","May 1, 2026, 4:16:44 PM","Faldeo Adrean Falsa","Tumbuhan","","","","","","","","","","","","Akasia Mangium - Acacia mangium","","","","","","","","","","","","","","Sehat","","","","","","","","","","","","","","Tumbuhan kayu keras","","","","167e592c70ec4610908f8f524d2299a6"
"Patrol","25","Apr 16, 2026","4:19:24 PM","118.05714631453156","-8.405383606441319","","May 1, 2026, 4:16:55 PM","Faldeo Adrean Falsa","Fitur","Pal Batas","","","","","","","","","","","","","","","Tulisan kurang jelas","","","","","","","","Kondisi lainnya","","","","","","","","681","","","Ya","","","","","Beton","","","","18496f35aa214808957350134be4731d"
"Patrol","2","Apr 16, 2026","4:10:13 PM","118.05661557242274","-8.398799076676369","","May 1, 2026, 4:16:55 PM","Faldeo Adrean Falsa","Satwa Liar","Perjumpaan Satwa","","","209.0","","5.0","","","","Tidak tahu","Cekakak Sungai - Todiramphus chloris","","1.0","","","Terbang","","","","","","","","","Sehat","","","","","","","","","","","ekor","Tidak Dilindungi","","","","Tidak tahu","","","37de201c2ce8476db8406b491562f1b6"
"Patrol","2","Apr 16, 2026","4:10:13 PM","118.05661557242274","-8.398799076676369","","May 1, 2026, 4:16:55 PM","Faldeo Adrean Falsa","Ground Check","Tipe Ekosistem","","","","","","","","","","","","","","","","","","Alami","Ekosistem Teresterial","Daratan Rendah (0-1000mdpl)","Hutan Pamah","","","","","","","","","","","","","","","","","","","","","","37de201c2ce8476db8406b491562f1b6"
"Patrol","2","Apr 16, 2026","4:10:13 PM","118.05661557242274","-8.398799076676369","","May 1, 2026, 4:16:55 PM","Faldeo Adrean Falsa","Tumbuhan","","","","","","","","","","","","Tumbuhan Tambora","","","","2 Individu (Silo (Champereia manillana)","","","","","","","","","","Sehat","","","","","","","","","","","","","","Tumbuhan kayu keras","","","","37de201c2ce8476db8406b491562f1b6"
"Patrol","2","Apr 16, 2026","4:10:13 PM","118.05661557242274","-8.398799076676369","","May 1, 2026, 4:16:55 PM","Faldeo Adrean Falsa","Tumbuhan","","","","","","","","","","","","Danta ndolo - Mahang - Macaranga tanarius","","","","7 Individu","","","","","","","","","","Sehat","","","","","","","","","","","","","","Tumbuhan kayu keras","","","","37de201c2ce8476db8406b491562f1b6"
"Patrol","2","Apr 16, 2026","4:10:13 PM","118.05661557242274","-8.398799076676369","","May 1, 2026, 4:16:55 PM","Faldeo Adrean Falsa","Satwa Liar","Perjumpaan Satwa","","","55.0","","20.0","","","","Tidak tahu","Delimukan zamrud - Chalcophaps indica","","1.0","","","Terbang","","","","","","","","","Sehat","","","","","","","","","","","ekor","Dilindungi","","","","Tidak tahu","","","37de201c2ce8476db8406b491562f1b6"
"Patrol","2","Apr 16, 2026","4:10:13 PM","118.05661557242274","-8.398799076676369","","May 1, 2026, 4:16:55 PM","Faldeo Adrean Falsa","Tumbuhan","","","","","","","","","","","","Sarume maju - Malaka - Phyllanthus emblica","","","","3 Individu","","","","","","","","","","Sehat","","","","","","","","","","","","","","Tumbuhan kayu keras","","","","37de201c2ce8476db8406b491562f1b6"
"Patrol","2","Apr 16, 2026","4:10:13 PM","118.05661557242274","-8.398799076676369","","May 1, 2026, 4:16:55 PM","Faldeo Adrean Falsa","Penyuluhan dan Pemberdayaan Masyarakat","Anjangsana","","","","","","Anjangsana","","","","","","","","","Sosialisasi anjangsana terkait deteksi dini kebakaran hutan dan batas kawasan, serta penyuluhan rencana penanaman pohon kemiri di zona tradisional So Tompo","","","","","","","","","","","","","","Ida","","","","","","","","","","","","","","37de201c2ce8476db8406b491562f1b6"
"Patrol","2","Apr 16, 2026","4:10:13 PM","118.05661557242274","-8.398799076676369","","May 1, 2026, 4:16:55 PM","Faldeo Adrean Falsa","Satwa Liar","Perjumpaan Satwa","","","60.0","","25.0","","","","Tidak tahu","Kepudang kuduk-hitam - Oriolus chinensis","","1.0","","","Hinggap","","","","","","","","","Sehat","","","","","","","","","","","ekor","Dilindungi","","","","Dewasa","","","37de201c2ce8476db8406b491562f1b6"
"Patrol","2","Apr 16, 2026","4:10:13 PM","118.05661557242274","-8.398799076676369","","May 1, 2026, 4:16:55 PM","Faldeo Adrean Falsa","Satwa Liar","Perjumpaan Satwa","","","135.0","","25.0","","","","Tidak tahu","Nuri Pipi Merah - Geoffroyus geoffroyi","","2.0","","","Suara","","","","","","","","","Sehat","","","","","","","","","","","ekor","Dilindungi","","","","Tidak tahu","","","37de201c2ce8476db8406b491562f1b6"
"Patrol","2","Apr 16, 2026","4:10:13 PM","118.05661557242274","-8.398799076676369","","May 1, 2026, 4:16:55 PM","Faldeo Adrean Falsa","Tumbuhan","","","","","","","","","","","","Rida - Pulai - Alstonia scholaris","","","","3 Individu","","","","","","","","","","Sehat","","","","","","","","","","","","","","Tumbuhan kayu keras","","","","37de201c2ce8476db8406b491562f1b6"
"Patrol","2","Apr 16, 2026","4:10:13 PM","118.05661557242274","-8.398799076676369","","May 1, 2026, 4:16:55 PM","Faldeo Adrean Falsa","Tumbuhan","","","","","","","","","","","","Tula - Legaran - Alstonia spectabilis","","","","15 Individu","","","","","","","","","","Sehat","","","","","","","","","","","","","","Tumbuhan kayu keras","","","","37de201c2ce8476db8406b491562f1b6"
"Patrol","2","Apr 16, 2026","4:10:13 PM","118.05661557242274","-8.398799076676369","","May 1, 2026, 4:16:55 PM","Faldeo Adrean Falsa","Tumbuhan","","","","","","","","","","","","Ndaru - Weru - Albizia procera","","","","3 Individu","","","","","","","","","","Sehat","","","","","","","","","","","","","","Tumbuhan kayu keras","","","","37de201c2ce8476db8406b491562f1b6"
"Patrol","2","Apr 16, 2026","4:10:13 PM","118.05661557242274","-8.398799076676369","","May 1, 2026, 4:16:55 PM","Faldeo Adrean Falsa","Satwa Liar","Perjumpaan Satwa","","","300.0","","25.0","","","","Jantan","Ayam Hutan Hijau - Gallus varius","","1.0","","","Suara","","","","","","","","","Sehat","","","","","","","","","","","ekor","Dilindungi","","","","Dewasa","","","37de201c2ce8476db8406b491562f1b6"
"Patrol","2","Apr 16, 2026","4:10:13 PM","118.05661557242274","-8.398799076676369","","May 1, 2026, 4:16:55 PM","Faldeo Adrean Falsa","Satwa Liar","Perjumpaan Satwa","","","195.0","","25.0","","","","Tidak tahu","Wiwik rimba - Cacomantis variolosus","","1.0","","","Suara","","","","","","","","","Sehat","","","","","","","","","","","ekor","Tidak Dilindungi","","","","Dewasa","","","37de201c2ce8476db8406b491562f1b6"
"Patrol","2","Apr 16, 2026","4:10:13 PM","118.05661557242274","-8.398799076676369","","May 1, 2026, 4:16:55 PM","Faldeo Adrean Falsa","Satwa Liar","Perjumpaan Satwa","","","43.0","","10.0","","","","Tidak tahu","Cucak kutilang - Pycnonotus aurigaster","","3.0","","","Suara","","","","","","","","","Sehat","","","","","","","","","","","ekor","Tidak Dilindungi","","","","Tidak tahu","","","37de201c2ce8476db8406b491562f1b6"
"Patrol","2","Apr 16, 2026","4:10:13 PM","118.05661557242274","-8.398799076676369","","May 1, 2026, 4:16:55 PM","Faldeo Adrean Falsa","Satwa Liar","Perjumpaan Satwa","","","340.0","","25.0","","","","Tidak tahu","Cekakak Tunggir Putih - Caridonax fulgidus","","1.0","","","Suara","","","","","","","","","Sehat","","","","","","","","","","","ekor","Dilindungi","","","","Dewasa","","","37de201c2ce8476db8406b491562f1b6"
"Patrol","2","Apr 16, 2026","4:10:13 PM","118.05661557242274","-8.398799076676369","","May 1, 2026, 4:16:55 PM","Faldeo Adrean Falsa","Tumbuhan","","","","","","","","","","","","Sonokelir - Sonokeling - Dalbergia latifolia","","","","1 Individu","","","","","","","","","","Sehat","","","","","","","","","","","","","","Tumbuhan kayu keras","","","","37de201c2ce8476db8406b491562f1b6"
"Patrol","2","Apr 16, 2026","4:10:13 PM","118.05661557242274","-8.398799076676369","","May 1, 2026, 4:16:55 PM","Faldeo Adrean Falsa","Satwa Liar","Perjumpaan Satwa","","","167.0","","25.0","","","","Tidak tahu","Gelatik-batu kelabu - Parus cinereus","","2.0","","","Suara","","","","","","","","","Sehat","","","","","","","","","","","ekor","Dilindungi","","","","Tidak tahu","","","37de201c2ce8476db8406b491562f1b6"
"Patrol","2","Apr 16, 2026","4:10:13 PM","118.05661557242274","-8.398799076676369","","May 1, 2026, 4:16:55 PM","Faldeo Adrean Falsa","Ground Check","Tutupan Lahan","","","","","","","","","","","","","","","","Non Open Area","Semak","","","","","","","","","","","","","","","","","","","","","","","","","","37de201c2ce8476db8406b491562f1b6"
"Patrol","2","Apr 16, 2026","4:10:13 PM","118.05661557242274","-8.398799076676369","","May 1, 2026, 4:16:55 PM","Faldeo Adrean Falsa","Satwa Liar","Perjumpaan Satwa","","","60.0","","15.0","","","","Tidak tahu","Burung-madu sriganti - Cinnyris jugularis","","2.0","","","Terbang","","","","","","","","","Sehat","","","","","","","","","","","ekor","Tidak Dilindungi","","","","Tidak tahu","","","37de201c2ce8476db8406b491562f1b6"
"Patrol","2","Apr 16, 2026","4:10:13 PM","118.05661557242274","-8.398799076676369","","May 1, 2026, 4:16:55 PM","Faldeo Adrean Falsa","Penyuluhan dan Pemberdayaan Masyarakat","Anjangsana","","","","","","Anjangsana","","","","","","","","","Anjangsana terkait deteksi kebakaran hutan serta himbauan dan informasi terkait adanya rencana penanaman bibit kemiri di zona tradisional So Tompo","","","","","","","","","","","","","","Hasanudin (Kepala Dusun So Tompo)","","","","","","","","","","","","","","37de201c2ce8476db8406b491562f1b6"
"Patrol","2","Apr 16, 2026","4:10:13 PM","118.05661557242274","-8.398799076676369","","May 1, 2026, 4:16:55 PM","Faldeo Adrean Falsa","Tumbuhan","","","","","","","","","","","","Mposu - Awar-awar - Ficus septica","","","","5 Individu","","","","","","","","","","Sehat","","","","","","","","","","","","","","Tumbuhan kayu keras","","","","37de201c2ce8476db8406b491562f1b6"
"Patrol","2","Apr 16, 2026","4:10:13 PM","118.05661557242274","-8.398799076676369","","May 1, 2026, 4:16:55 PM","Faldeo Adrean Falsa","Satwa Liar","Perjumpaan Satwa","","","73.0","","25.0","","","","Tidak tahu","Elang Flores - Nisaetus floris","","1.0","","","Mengeram","","","","","","","","","Sehat","","","","","","","","","","","ekor","Dilindungi","","","","Dewasa","","","37de201c2ce8476db8406b491562f1b6"
"Patrol","8","Apr 15, 2026","4:03:12 PM","117.82491999999999","-8.347975","","May 1, 2026, 4:16:56 PM","Faldeo Adrean Falsa","Tumbuhan","","","","","","","","","","","","Jati doro - Simpur - Dillenia pentagyna","","","","","","","","","","","","","","Sehat","","","","","","","","","","","","","","Tumbuhan kayu keras","","","","b894118144ed4e13aa054c4fe0ab03a8"
"Patrol","17","Apr 15, 2026","1:44:41 PM","117.98129528333332","-8.3656108","","May 1, 2026, 3:23:51 PM","Faldeo Adrean Falsa","Satwa Liar","Tanda Satwa","","","","","","","","","","Cikukua tanduk - Philemon buceroides","","","","","","","","","","","","","","","","","","","","","","","","","","","","","Suara","","Baru (dalam 1 minggu)","","a20173949d324ec5b877ddb5eb8a10e1"
"Patrol","2","Apr 15, 2026","1:02:43 PM","117.98385662958026","-8.364672199822962","","May 1, 2026, 4:16:56 PM","Faldeo Adrean Falsa","Tumbuhan","","","","","","","","","","","","Jati doro - Simpur - Dillenia pentagyna","","","","1 individu","","","","","","","","","","Sehat","","","","","","","","","","","","","","Tumbuhan kayu keras","","","","9b390481dda9418691e823abae4fb666"
"Patrol","2","Apr 15, 2026","1:02:43 PM","117.98385662958026","-8.364672199822962","","May 1, 2026, 4:16:56 PM","Faldeo Adrean Falsa","Satwa Liar","Perjumpaan Satwa","","","292.0","","15.0","","","","Tidak tahu","Cucak kutilang - Pycnonotus aurigaster","","3.0","","","Suara","","","","","","","","","Sehat","","","","","","","","","","","ekor","Tidak Dilindungi","","","","Dewasa","","","9b390481dda9418691e823abae4fb666"
"Patrol","2","Apr 15, 2026","1:02:43 PM","117.98385662958026","-8.364672199822962","","May 1, 2026, 4:16:56 PM","Faldeo Adrean Falsa","Satwa Liar","Perjumpaan Satwa","","","150.0","","15.0","","","","Tidak tahu","Isap-madu australia - Lichmera indistincta","","3.0","","","Suara","","","","","","","","","Sehat","","","","","","","","","","","ekor","Dilindungi","","","","Dewasa","","","9b390481dda9418691e823abae4fb666"
"Patrol","2","Apr 15, 2026","1:02:43 PM","117.98385662958026","-8.364672199822962","","May 1, 2026, 4:16:56 PM","Faldeo Adrean Falsa","Ground Check","Tutupan Lahan","","","","","","","","","","","","","","","","Non Open Area","Savana/ Padang Rumput","","","","","","","","","","","","","","","","","","","","","","","","","","9b390481dda9418691e823abae4fb666"
"Patrol","2","Apr 15, 2026","1:02:43 PM","117.98385662958026","-8.364672199822962","","May 1, 2026, 4:16:56 PM","Faldeo Adrean Falsa","Tumbuhan","","","","","","","","","","","","Sarume maju - Malaka - Phyllanthus emblica","","","","4 individu","","","","","","","","","","Sehat","","","","","","","","","","","","","","Tumbuhan kayu keras","","","","9b390481dda9418691e823abae4fb666"
"Patrol","2","Apr 15, 2026","1:02:43 PM","117.98385662958026","-8.364672199822962","","May 1, 2026, 4:16:56 PM","Faldeo Adrean Falsa","Satwa Liar","Perjumpaan Satwa","","","157.0","","20.0","","","","Tidak tahu","Opior wallacea - Heleia wallacei","","10.0","","","Suara","","","","","","","","","Sehat","","","","","","","","","","","ekor","Dilindungi","","","","Dewasa","","","9b390481dda9418691e823abae4fb666"
"Patrol","2","Apr 15, 2026","1:02:43 PM","117.98385662958026","-8.364672199822962","","May 1, 2026, 4:16:56 PM","Faldeo Adrean Falsa","Tumbuhan","","","","","","","","","","","","Toa - Ketimunan - Timonius timon","","","","6 individu","","","","","","","","","","Sehat","","","","","","","","","","","","","","Tumbuhan kayu keras","","","","9b390481dda9418691e823abae4fb666"
"Patrol","2","Apr 15, 2026","1:02:43 PM","117.98385662958026","-8.364672199822962","","May 1, 2026, 4:16:56 PM","Faldeo Adrean Falsa","Satwa Liar","Perjumpaan Satwa","","","70.0","","20.0","","","","Jantan","Ayam Hutan Hijau - Gallus varius","","1.0","","","Suara","","","","","","","","","Sehat","","","","","","","","","","","ekor","Dilindungi","","","","Dewasa","","","9b390481dda9418691e823abae4fb666"
"Patrol","2","Apr 15, 2026","1:02:43 PM","117.98385662958026","-8.364672199822962","","May 1, 2026, 4:16:56 PM","Faldeo Adrean Falsa","Tumbuhan","","","","","","","","","","","","Mposu - Awar-awar - Ficus septica","","","","3 Individu","","","","","","","","","","Sehat","","","","","","","","","","","","","","Tumbuhan kayu keras","","","","9b390481dda9418691e823abae4fb666"
"Patrol","2","Apr 15, 2026","1:02:43 PM","117.98385662958026","-8.364672199822962","","May 1, 2026, 4:16:56 PM","Faldeo Adrean Falsa","Satwa Liar","Perjumpaan Satwa","","","250.0","","5.0","","","","Jantan","Burung-madu sriganti - Cinnyris jugularis","","1.0","","","Hinggap","","","","","","","","","Sehat","","","","","","","","","","","ekor","Tidak Dilindungi","","","","Dewasa","","","9b390481dda9418691e823abae4fb666"
"Patrol","2","Apr 15, 2026","1:02:43 PM","117.98385662958026","-8.364672199822962","","May 1, 2026, 4:16:56 PM","Faldeo Adrean Falsa","Tumbuhan","","","","","","","","","","","","Danta ndolo - Mahang - Macaranga tanarius","","","","2 Individu","","","","","","","","","","Sehat","","","","","","","","","","","","","","Tumbuhan kayu keras","","","","9b390481dda9418691e823abae4fb666"
"Patrol","2","Apr 15, 2026","1:02:43 PM","117.98385662958026","-8.364672199822962","","May 1, 2026, 4:16:56 PM","Faldeo Adrean Falsa","Ground Check","Tipe Ekosistem","","","","","","","","","","","","","","","","","","Alami","Ekosistem Teresterial","Daratan Rendah (0-1000mdpl)","Hutan Pamah","","","","","","","","","","","","","","","","","","","","","","9b390481dda9418691e823abae4fb666"
"Patrol","2","Apr 15, 2026","1:02:43 PM","117.98385662958026","-8.364672199822962","","May 1, 2026, 4:16:56 PM","Faldeo Adrean Falsa","Satwa Liar","Perjumpaan Satwa","","","237.0","","20.0","","","","Tidak tahu","Bubut alang-alang - Centropus bengalensis","","1.0","","","","","","","","","","","","Sehat","","","","","","","","","","","ekor","Tidak Dilindungi","","","","Tidak tahu","","","9b390481dda9418691e823abae4fb666"
"Patrol","16","Apr 15, 2026","1:00:18 PM","117.98407566666668","-8.365323933333334","","May 1, 2026, 4:16:56 PM","Faldeo Adrean Falsa","Tumbuhan","","","","","","","","","","","","Jati doro - Simpur - Dillenia pentagyna","","","","","","","","","","","","","","Sehat","","","","","","","","","","","","","","Tumbuhan kayu keras","","","","e18dac6a028146ad904740155ac88329"
"Patrol","7","Apr 15, 2026","1:00:02 PM","117.98415500000002","-8.36496","","May 1, 2026, 4:16:56 PM","Faldeo Adrean Falsa","Tumbuhan","","","","","","","","","","","","Jati doro - Simpur - Dillenia pentagyna","","","","","","","","","","","","","","Sehat","","","","","","","","","","","","","","Tumbuhan kayu keras","","","","f5ec018502dd4984ad4b3d4f66361996"
"Patrol","6","Apr 15, 2026","12:58:36 PM","117.98430000000002","-8.36496","","May 1, 2026, 4:16:56 PM","Faldeo Adrean Falsa","Tumbuhan","","","","","","","","","","","","Rida - Pulai - Alstonia scholaris","","","","","","","","","","","","","","","","","","","","","","","","","","","","Tumbuhan kayu keras","","","","c1e8b6d6779241a69ed77eadf6f75949"
"Patrol","15","Apr 15, 2026","12:58:34 PM","117.98408533333334","-8.365101033333334","","May 1, 2026, 4:16:56 PM","Faldeo Adrean Falsa","Tumbuhan","","","","","","","","","","","","Danta ndolo - Andulpak - Homalanthus giganteus","","","","","","","","","","","","","","Sehat","","","","","","","","","","","","","","Tumbuhan kayu keras","","","","6e9e40508ccf4c6baa85aa13e1225373"
"Patrol","2","Apr 15, 2026","12:56:31 PM","117.98401166666666","-8.364726666666666","","May 1, 2026, 4:16:56 PM","Faldeo Adrean Falsa","Tumbuhan","","","","","","","","","","","","Rida - Pulai - Alstonia scholaris","","","","","","","","","","","","","","Sehat","","","","","","","","","","","","","","Tumbuhan kayu keras","","","","3327b4fa1e4141d3909ebc5259002794"
"Patrol","2","Apr 15, 2026","12:56:31 PM","117.98401166666666","-8.364726666666666","","May 1, 2026, 4:16:56 PM","Faldeo Adrean Falsa","Tumbuhan","","","","","","","","","","","","Due - Beringin - Ficus benjamina","","","","","","","","","","","","","","Sehat","","","","","","","","","","","","","","Tumbuhan kayu keras","","","","3327b4fa1e4141d3909ebc5259002794"
"Patrol","2","Apr 15, 2026","12:56:31 PM","117.98401166666666","-8.364726666666666","","May 1, 2026, 4:16:56 PM","Faldeo Adrean Falsa","Tumbuhan","","","","","","","","","","","","Jati doro - Simpur - Dillenia pentagyna","","","","","","","","","","","","","","Sehat","","","","","","","","","","","","","","Tumbuhan kayu keras","","","","3327b4fa1e4141d3909ebc5259002794"
"Patrol","2","Apr 15, 2026","12:56:31 PM","117.98401166666666","-8.364726666666666","","May 1, 2026, 4:16:56 PM","Faldeo Adrean Falsa","Tumbuhan","","","","","","","","","","","","Rida - Pulai - Alstonia scholaris","","","","","","","","","","","","","","Sehat","","","","","","","","","","","","","","Tumbuhan kayu keras","","","","3327b4fa1e4141d3909ebc5259002794"
"Patrol","14","Apr 15, 2026","12:51:01 PM","117.98406156666667","-8.364639166666667","","May 1, 2026, 3:23:51 PM","Faldeo Adrean Falsa","Satwa Liar","Perjumpaan Satwa","","","250.0","","10.0","","","","Betina","Burung-madu sriganti - Cinnyris jugularis","","3.0","","","","","","","","","","","","Sehat","","","","","","","","","","","ekor","Dilindungi","","","","Dewasa","","","08812ea5f55043e7a16790d468a18911"
"Patrol","13","Apr 15, 2026","12:26:41 PM","117.98407678333334","-8.364613566666666","","May 1, 2026, 3:23:50 PM","Faldeo Adrean Falsa","Satwa Liar","Tanda Satwa","","","","","","","","","","Cucak kutilang - Pycnonotus aurigaster","","","","","","","","","","","","","","","","","","","","","","","","","","","","","Suara","","Baru (dalam 1 minggu)","","f138318fad94452591e5fd47c893ecf0"
"Patrol","12","Apr 15, 2026","12:24:52 PM","117.98407764999999","-8.36463625","","May 1, 2026, 3:23:51 PM","Faldeo Adrean Falsa","Satwa Liar","Perjumpaan Satwa","","","190.0","","20.0","","","","Tidak tahu","Isap-madu australia - Lichmera indistincta","","3.0","","","","","","","","","","","","Sehat","","","","","","","","","","","ekor","Dilindungi","","","","Remaja","","","f2d3770904f248f6a2207ec7749a38c1"
"Patrol","11","Apr 15, 2026","12:23:26 PM","117.98408053333333","-8.36462555","","May 1, 2026, 3:23:50 PM","Faldeo Adrean Falsa","Satwa Liar","Tanda Satwa","","","","","","","","","","Ayam Hutan Hijau - Gallus varius","","","","","Penemuan suara ayam jantan berjenis kelamin jantan","","","","","","","","","","","","","","","","","","","","","","","","Suara","","Baru (dalam 1 minggu)","","c6d718f9a00749198ea34c4cbfc5d180"
"Patrol","10","Apr 15, 2026","12:16:58 PM","117.98403981666667","-8.364672333333335","","May 1, 2026, 3:23:50 PM","Faldeo Adrean Falsa","Satwa Liar","Perjumpaan Satwa","","","341.0","","15.0","","","","Tidak tahu","Walet tenggara - Collocalia sumbawae","","15.0","","","","","","","","","","","","Sehat","","","","","","","","","","","ekor","Dilindungi","","","","Remaja","","","ef9c9d66e1944eb8acdfb76e033f1aa2"
"Patrol","9","Apr 15, 2026","12:15:34 PM","117.98400698333334","-8.364681333333333","","May 1, 2026, 4:16:56 PM","Faldeo Adrean Falsa","Tumbuhan","","","","","","","","","","","","Toa - Ketimunan - Timonius timon","","","","","","","","","","","","","","Sehat","","","","","","","","","","","","","","Tumbuhan kayu keras","","","","89ff8a2beb6f475fb540d18c51db991c"
"Patrol","8","Apr 15, 2026","12:14:49 PM","117.98401065000002","-8.364666116666665","","May 1, 2026, 4:16:56 PM","Faldeo Adrean Falsa","Tumbuhan","","","","","","","","","","","","Toa - Ketimunan - Timonius timon","","","","","","","","","","","","","","Sehat","","","","","","","","","","","","","","Tumbuhan kayu keras","","","","4d76ebd1856e43d08dc68c7eaf601249"
"Patrol","7","Apr 15, 2026","12:12:01 PM","117.98406545000002","-8.364619816666668","","May 1, 2026, 4:16:56 PM","Faldeo Adrean Falsa","Tumbuhan","","","","","","","","","","","","Toa - Ketimunan - Timonius timon","","","","","","","","","","","","","","Sehat","","","","","","","","","","","","","","Tumbuhan kayu keras","","","","0d41c26bb2aa4b7898eb35dee49cd2d2"
"Patrol","6","Apr 15, 2026","12:10:57 PM","117.98406750000001","-8.36464675","","May 1, 2026, 4:16:56 PM","Faldeo Adrean Falsa","Tumbuhan","","","","","","","","","","","","Sarume maju - Malaka - Phyllanthus emblica","","","","","","","","","","","","","","Sehat","","","","","","","","","","","","","","Tumbuhan kayu keras","","","","b62216f38c4449b582c1e3bd0269fb7a"
"Patrol","5","Apr 15, 2026","12:09:15 PM","117.98404863333332","-8.3646727","","May 1, 2026, 3:23:51 PM","Faldeo Adrean Falsa","Satwa Liar","Perjumpaan Satwa","","","157.0","","10.0","","","","Betina","Opior wallacea - Heleia wallacei","","3.0","","","","","","","","","","","","Sehat","","","","","","","","","","","ekor","Dilindungi","","","","Remaja","","","5c1e9181fed3475e822dc6bdddb00916"
"Patrol","4","Apr 15, 2026","12:05:58 PM","117.98402521666667","-8.364642583333334","","May 1, 2026, 3:23:51 PM","Faldeo Adrean Falsa","Satwa Liar","Perjumpaan Satwa","","","237.0","","10.0","","","","Jantan","Bubut alang-alang - Centropus bengalensis","","3.0","","","Terdengar suara ","","","","","","","","","Sehat","","","","","","","","","","","ekor","Dilindungi","","","","Remaja","","","84eade862aff4af2812e27f9f8f597d5"
"Patrol","2","Apr 15, 2026","12:04:11 PM","117.98405659999999","-8.36464625","","May 1, 2026, 3:23:51 PM","Faldeo Adrean Falsa","Satwa Liar","Tanda Satwa","","","","","","","","","","Bubut alang-alang - Centropus bengalensis","","","","","","","","","","","","","","","","","","","","","","","","","","","","","Suara","","Baru (dalam 1 minggu)","","0f41a15dbad448d280d71d15890b1079"
"Patrol","2","Apr 15, 2026","12:04:11 PM","117.98405659999999","-8.36464625","","May 1, 2026, 3:23:51 PM","Faldeo Adrean Falsa","Satwa Liar","Tanda Satwa","","","","","","","","","","Cucak kutilang - Pycnonotus aurigaster","","","","","","","","","","","","","","","","","","","","","","","","","","","","","Suara","","Baru (dalam 1 minggu)","","0f41a15dbad448d280d71d15890b1079"
"Patrol","11","Apr 14, 2026","4:02:31 PM","117.82487166666667","-8.347891666666667","","May 1, 2026, 4:16:56 PM","Faldeo Adrean Falsa","Penyuluhan dan Pemberdayaan Masyarakat","Anjangsana","","","","","","Penyuluhan dan sosialisasi lainnya","","","","","","","","","","","","","","","","","","","","","","","Kadus Karya Sari","","","","","","","","","","","","","","8597ab19cb314f16973ca03cae38b4f7"
"Patrol","15","Apr 14, 2026","3:01:38 PM","117.89813620000001","-8.359567816666667","","May 1, 2026, 4:16:56 PM","Faldeo Adrean Falsa","Penyuluhan dan Pemberdayaan Masyarakat","Sosialisasi","Desa karya sari","","","","","Anjangsana","","","","","","","2.0","","Kunjungan ke kepala dusun desa karya sari untuk sosialisasi tentang penanaman kemiri","","","","","","","","","","","","","Kunjungan ke Kadus karyasari","","","","","","","orang","","","","","","","","9cb2c316216d4d4bb322d2947f0a5e49"
"Patrol","13","Apr 14, 2026","2:59:53 PM","117.89814546704292","-8.359605758450925","","May 1, 2026, 4:16:56 PM","Faldeo Adrean Falsa","Penyuluhan dan Pemberdayaan Masyarakat","Anjangsana","","","","","","Anjangsana","","","","","","","","","Anjangsana terkait penanaman pohon kemiri di kawasan zona tradisional karyasari resor Doropeti","","","","","","","","","","","","","","Kepala Dusun Karyasari","","","","","","","","","","","","","","00353766ef814a829c72b7d8f44488a0"
"Patrol","10","Apr 14, 2026","2:09:22 PM","117.90107833333334","-8.347758333333333","","May 1, 2026, 4:16:56 PM","Faldeo Adrean Falsa","Aktivitas Manusia","Penggunaan Kawasan","","","","","","","","","","","","3.0","","Aktif","","","","","","","","","","","","","Lainnya","","","","","Bukan","","Ya","hektar","","","Didokumentasi","Ladang","","Diatas 1 tahun","","cba7c759983f495eba1a6ee43e235fad"
"Patrol","5","Apr 14, 2026","2:07:36 PM","117.90114999999999","-8.347773333333333","","May 1, 2026, 4:16:56 PM","Faldeo Adrean Falsa","Tumbuhan","","","","","","","","","","","","Monggo Kala - Salam - Syzygium polyanthum","","","","","","","","","","","","","","Sehat","","","","","","","","","","","","","","Tumbuhan kayu keras","","","","6065c23556864f469fd6babacc6f0e73"
"Patrol","5","Apr 14, 2026","2:07:36 PM","117.90114999999999","-8.347773333333333","","May 1, 2026, 4:16:56 PM","Faldeo Adrean Falsa","Tumbuhan","","","","","","","","","","","","Sareo - Terisi - Albizia lebbekoides","","","","","","","","","","","","","","Sehat","","","","","","","","","","","","","","Tumbuhan kayu keras","","","","6065c23556864f469fd6babacc6f0e73"
"Patrol","5","Apr 14, 2026","2:07:36 PM","117.90114999999999","-8.347773333333333","","May 1, 2026, 4:16:56 PM","Faldeo Adrean Falsa","Tumbuhan","","","","","","","","","","","","Owo - Ara ratu - Ficus albipila","","","","","","","","","","","","","","Sehat","","","","","","","","","","","","","","Tumbuhan kayu keras","","","","6065c23556864f469fd6babacc6f0e73"
"Patrol","5","Apr 14, 2026","2:07:36 PM","117.90114999999999","-8.347773333333333","","May 1, 2026, 4:16:56 PM","Faldeo Adrean Falsa","Tumbuhan","","","","","","","","","","","","Kabaho kafa - Mengkirai - Trema orientale","","","","","","","","","","","","","","Sehat","","","","","","","","","","","","","","Tumbuhan kayu keras","","","","6065c23556864f469fd6babacc6f0e73"
"Patrol","5","Apr 14, 2026","2:07:36 PM","117.90114999999999","-8.347773333333333","","May 1, 2026, 4:16:56 PM","Faldeo Adrean Falsa","Tumbuhan","","","","","","","","","","","","Owo - Ara ratu - Ficus albipila","","","","","","","","","","","","","","Sehat","","","","","","","","","","","","","","Tumbuhan kayu keras","","","","6065c23556864f469fd6babacc6f0e73"
"Patrol","12","Apr 14, 2026","2:06:55 PM","117.90110763162374","-8.34775525610894","","May 1, 2026, 4:16:56 PM","Faldeo Adrean Falsa","Penyuluhan dan Pemberdayaan Masyarakat","Anjangsana","","","","","","Anjangsana","","","","","","","","","Sosialisasi terkait penanaman pohon kemiri di zona tradisional","","","","","","","","","","","","","","Abakar","","","","","","","","","","","","","","5039915d2ab84f0da73e7442c21a2340"
"Patrol","57","Apr 14, 2026","1:48:49 PM","118.06683333333334","-8.139838333333334","","May 1, 2026, 3:23:50 PM","Faldeo Adrean Falsa","Ground Check","Tipe Ekosistem","","","","","","","","","","","","","","","","","","Alami","Ekosistem Teresterial","Pegunungan Atas (1500-2400mdpl)","Pegunungan Atas","","","","","","","","","","","","","","","","","","","","","","30dd64d78d9e44f5baab8a1849e50b21"
"Patrol","56","Apr 14, 2026","1:46:05 PM","118.06681833333332","-8.139926666666666","","May 1, 2026, 3:23:50 PM","Faldeo Adrean Falsa","Tumbuhan","","","","","","","","","","","","Tumbuhan Tambora","","","","diameter 110cm, tinggi 45m, lebar tajuk 10x10m","","","","","","","","","","Sehat","","","","","","","","","","","","","","Tumbuhan kayu keras","","","","31d852a63efa4bd09323bed2b2402375"
"Patrol","55","Apr 14, 2026","1:38:50 PM","118.06710333333334","-8.139088333333332","","May 1, 2026, 3:23:50 PM","Faldeo Adrean Falsa","Tumbuhan","","","","","","","","","","","","Tumbuhan Tambora","","","","diameter 60cm, tinggi 45m","","","","","","","","","","Sehat","","","","","","","","","","","","","","Tumbuhan kayu keras","","","","1340e1fe6f16450189def9bbb16ca7ac"
"Patrol","54","Apr 14, 2026","1:37:48 PM","118.06708666666667","-8.139055","","May 1, 2026, 3:23:50 PM","Faldeo Adrean Falsa","Tumbuhan","","","","","","","","","","","","Tumbuhan Tambora","","","","9 individu","","","","","","","","","","Sehat","","","","","","","","","","","","","","Tumbuhan Bawah","","","","8a6312d381cc47b0ab9fb1a5c75a7cb9"
"Patrol","53","Apr 14, 2026","1:29:55 PM","118.06786333333334","-8.137336666666666","","May 1, 2026, 3:23:50 PM","Faldeo Adrean Falsa","Tumbuhan","","","","","","","","","","","","Sori bura - Jambu anum - Syzygium racemosum","","","","diameter 38cm, tinggi 23m","","","","","","","","","","Sehat","","","","","","","","","","","","","","Tumbuhan kayu keras","","","","c51a9d105c994f7ba722453f9c485f5f"
"Patrol","51","Apr 14, 2026","1:28:29 PM","118.06784833333334","-8.137400000000001","","May 1, 2026, 3:23:50 PM","Faldeo Adrean Falsa","Tumbuhan","","","","","","","","","","","","Sarume ara -  - Acronychia trifoliolata","","","","anakan","","","","","","","","","","Sehat","","","","","","","","","","","","","","Tumbuhan kayu keras","","","","174dc822eb994af8b1e9ccee0a3caa7e"
"Patrol","51","Apr 14, 2026","1:28:29 PM","118.06784833333334","-8.137400000000001","","May 1, 2026, 3:23:50 PM","Faldeo Adrean Falsa","Tumbuhan","","","","","","","","","","","","Soka - Lempokan - Ardisia javanica","","","","diameter 8cm tinggi 5m, lebar tajuk 2x1,5m","","","","","","","","","","Sehat","","","","","","","","","","","","","","Tumbuhan kayu keras","","","","174dc822eb994af8b1e9ccee0a3caa7e"
"Patrol","50","Apr 14, 2026","1:26:24 PM","118.06787333333332","-8.137363333333333","","May 1, 2026, 3:23:50 PM","Faldeo Adrean Falsa","Tumbuhan","","","","","","","","","","","","Pato - Popohan/Getasan - Buchanania arborescens","","","","diameter 43cm, tinggi 25m, lebar tajuk 6x4m","","","","","","","","","","Sehat","","","","","","","","","","","","","","Tumbuhan kayu keras","","","","788c3ec2e1364ed5b1df847c60970852"
"Patrol","49","Apr 14, 2026","1:24:27 PM","118.06786333333334","-8.137351666666666","","May 1, 2026, 3:23:50 PM","Faldeo Adrean Falsa","Tumbuhan","","","","","","","","","","","","Katowi - - Palaquium amboinense","","","","diameter 63cm, tinggi 35m lebar tajuk 10x6m","","","","","","","","","","Sehat","","","","","","","","","","","","","","Tumbuhan kayu keras","","","","025be0b5885f451db199d7b7e12d39b4"
"Patrol","48","Apr 14, 2026","1:14:19 PM","118.06854","-8.136246666666667","","May 1, 2026, 3:23:50 PM","Faldeo Adrean Falsa","Tumbuhan","","","","","","","","","","","","Sala - Bayur - Pterospermum diversifolium","","","","anakan","","","","","","","","","","Sehat","","","","","","","","","","","","","","Tumbuhan kayu keras","","","","ba04867069c749d4a0205a6f8e9be87d"
"Patrol","47","Apr 14, 2026","1:13:09 PM","118.068475","-8.136185000000001","","May 1, 2026, 3:23:50 PM","Faldeo Adrean Falsa","Tumbuhan","","","","","","","","","","","","Sarume ara -  - Acronychia trifoliolata","","","","diameter 9cm, tinggi 5m, lebar tajuk 2x1,5m","","","","","","","","","","Sehat","","","","","","","","","","","","","","Tumbuhan kayu keras","","","","39d9f19688d04297ae0fcc0f37624036"
"Patrol","46","Apr 14, 2026","1:11:22 PM","118.06853166666666","-8.136226666666666","","May 1, 2026, 3:23:50 PM","Faldeo Adrean Falsa","Tumbuhan","","","","","","","","","","","","Katowi - - Palaquium amboinense","","","","diameter 82cm, tinggi 50m, lebar tajuk 15x16m","","","","","","","","","","Sehat","","","","","","","","","","","","","","Tumbuhan kayu keras","","","","6c5ffda721f44f8f9b0129915a22ada8"
"Patrol","45","Apr 14, 2026","1:09:25 PM","118.068565","-8.136213333333334","","May 1, 2026, 3:23:50 PM","Faldeo Adrean Falsa","Satwa Liar","Perjumpaan Satwa","","","190.0","","30.0","","","","Tidak tahu","Gosong Kaki Merah - Megapodius reinwardt","","1.0","","","terbang dari jarak 30m lalu hinggap","","","","","","","","","Sehat","","","","","","","","","","","ekor","Dilindungi","","","","Dewasa","","","7219703263f14eed9356fd62e567a24e"
"Patrol","44","Apr 14, 2026","1:05:23 PM","118.06880000000001","-8.135883333333334","","May 1, 2026, 3:23:50 PM","Faldeo Adrean Falsa","Tumbuhan","","","","","","","","","","","","Due - Beringin - Ficus benjamina","","","","diameter 80cm, tinggi 35m, lebar tajuk 10x12m","","","","","","","","","","Sehat","","","","","","","","","","","","","","Tumbuhan kayu keras","","","","e40ef407b59f473e8df85868994a54c4"
"Patrol","43","Apr 14, 2026","1:04:05 PM","118.06884666666669","-8.135789999999998","","May 1, 2026, 3:23:49 PM","Faldeo Adrean Falsa","Tumbuhan","","","","","","","","","","","","Sori bura - Jambu anum - Syzygium racemosum","","","","dominan jenis sori bura dan katowi","","","","","","","","","","Sehat","","","","","","","","","","","","","","Tumbuhan kayu keras","","","","6b3ad939d5dd400ba171c68e8b88d8f6"
"Patrol","42","Apr 14, 2026","12:58:42 PM","118.06891499999999","-8.135535","","May 1, 2026, 3:23:49 PM","Faldeo Adrean Falsa","Tumbuhan","","","","","","","","","","","","Tumbuhan Tambora","","","","diameter 75cm, tinggi 50m","","","","","","","","","","Sehat","","","","","","","","","","","","","","Tumbuhan kayu keras","","","","5b92027e0c6d44a4a6483847ba859d8c"
"Patrol","41","Apr 14, 2026","12:56:05 PM","118.06900833333333","-8.135673333333333","","May 1, 2026, 3:23:49 PM","Faldeo Adrean Falsa","Tumbuhan","","","","","","","","","","","","Sori bura - Jambu anum - Syzygium racemosum","","","","diameter 38cm, tinggi 32m ","","","","","","","","","","Sehat","","","","","","","","","","","","","","Tumbuhan kayu keras","","","","f31fc934995446a9b6732d87ad84e9f3"
"Patrol","40","Apr 14, 2026","12:54:56 PM","118.06908666666668","-8.135713333333333","","May 1, 2026, 3:23:49 PM","Faldeo Adrean Falsa","Tumbuhan","","","","","","","","","","","","Due - Beringin - Ficus benjamina","","","","diameter 130cm, tinggi 43m, lebar tajuk 12x15m","","","","","","","","","","Sehat","","","","","","","","","","","","","","Tumbuhan kayu keras","","","","4517640af0d44c35a438be50282a61de"
"Patrol","38","Apr 14, 2026","12:52:33 PM","118.06920333333333","-8.135538333333333","","May 1, 2026, 3:23:49 PM","Faldeo Adrean Falsa","Tumbuhan","","","","","","","","","","","","Tumbuhan Tambora","","","","diameter 120cm, tinggi 40m, lebar tajuk 10x8m","","","","","","","","","","Sehat","","","","","","","","","","","","","","Tumbuhan kayu keras","","","","dcce6640d58a4e11bcacc305d8e9f97e"
"Patrol","38","Apr 14, 2026","12:52:33 PM","118.06920333333333","-8.135538333333333","","May 1, 2026, 3:23:49 PM","Faldeo Adrean Falsa","Tumbuhan","","","","","","","","","","","","Monggo Kala - Salam - Syzygium polyanthum","","","","diameter 44cm, tinggi 30m, lebar tajuk 6x4m","","","","","","","","","","Sehat","","","","","","","","","","","","","","Tumbuhan kayu keras","","","","dcce6640d58a4e11bcacc305d8e9f97e"
"Patrol","37","Apr 14, 2026","12:48:43 PM","118.06927333333333","-8.135166666666667","","May 1, 2026, 3:23:49 PM","Faldeo Adrean Falsa","Tumbuhan","","","","","","","","","","","","Patikan kebo - - Euphorbia hirta","","","","diameter 54cm, tinggi 33m, lebar tajuk 3x4m","","","","","","","","","","Sehat","","","","","","","","","","","","","","Tumbuhan kayu keras","","","","250373daebb04a35a43975d73c32ee7c"
"Patrol","36","Apr 14, 2026","12:46:04 PM","118.06932166666665","-8.13505","","May 1, 2026, 3:23:49 PM","Faldeo Adrean Falsa","Tumbuhan","","","","","","","","","","","","Haju Afi - - Diospyros maritima","","","","diameter 38m, tinggi 16m lebar tajuk 3x2m","","","","","","","","","","Sehat","","","","","","","","","","","","","","Tumbuhan kayu keras","","","","0a98b2f0cb0b43ce85adfc170528f74f"
"Patrol","35","Apr 14, 2026","12:44:48 PM","118.069445","-8.135058333333335","","May 1, 2026, 3:23:49 PM","Faldeo Adrean Falsa","Satwa Liar","Tanda Satwa","","","","","","","","","","Babi Hutan - Sus scrofa","","","","","bekas garukan tanah","","","","","","","","","","","","","","","","","","","","","","","","Suara","","Baru (dalam 1 minggu)","","f44e0b443da34394b79080b39d97d04d"
"Patrol","14","Apr 14, 2026","12:40:11 PM","117.90111540000001","-8.335744233333333","","May 1, 2026, 4:16:56 PM","Faldeo Adrean Falsa","Tumbuhan","","","","","","","","","","","","Kemiri - Aleurites moluccana","","","","","","","","","","","","","","Sehat","","","","","","","","","","","","","","Tumbuhan kayu keras","","","","2081b9122712427b857e18a41a76c1b5"
"Patrol","34","Apr 14, 2026","12:39:40 PM","118.06964","-8.134701666666666","","May 1, 2026, 3:23:49 PM","Faldeo Adrean Falsa","Tumbuhan","","","","","","","","","","","","Soka - Lempokan - Ardisia javanica","","","","diameter 7cm, tinggi 11m, lebar tajuk 3x2m","","","","","","","","","","Sehat","","","","","","","","","","","","","","Tumbuhan kayu keras","","","","a32e4fab3d0e4997b91d3801675858cd"
"Patrol","33","Apr 14, 2026","12:38:08 PM","118.06969833333332","-8.134756666666668","","May 1, 2026, 3:23:49 PM","Faldeo Adrean Falsa","Tumbuhan","","","","","","","","","","","","Katowi - - Palaquium amboinense","","","","diameter 50cm, tinggi 36m, lebar tajuk 5x4m","","","","","","","","","","Sehat","","","","","","","","","","","","","","Tumbuhan kayu keras","","","","f206178909cf47b68bfd5f750d964ca1"
"Patrol","32","Apr 14, 2026","12:36:11 PM","118.06972499999999","-8.134604999999999","","May 1, 2026, 3:23:49 PM","Faldeo Adrean Falsa","Tumbuhan","","","","","","","","","","","","Owo - Ara ratu - Ficus albipila","","","","diameter 53cm, tinggi 40m, lebar tajuk 6x4m","","","","","","","","","","Sehat","","","","","","","","","","","","","","Tumbuhan fungsi lainnya","","","","706e15f592a54ac390aa26317b8fad11"
"Patrol","31","Apr 14, 2026","12:34:49 PM","118.06966666666668","-8.134653333333334","","May 1, 2026, 3:23:49 PM","Faldeo Adrean Falsa","Tumbuhan","","","","","","","","","","","","Tumbuhan Tambora","","","","batang coklat kehitaman, kulit batang beralur dangkal hingga mengelupas, duduk daun majemuk berhadapan. diameter 62cm, tinggi 45m, lebar tajuk 8x6m","","","","","","","","","","Sehat","","","","","","","","","","","","","","Tumbuhan kayu keras","","","","e739bfc8fde7457a8b29b9aad06ff4ea"
"Patrol","30","Apr 14, 2026","12:31:39 PM","118.06960499999998","-8.134545000000001","","May 1, 2026, 3:23:49 PM","Faldeo Adrean Falsa","Tumbuhan","","","","","","","","","","","","Monggo Kala - Salam - Syzygium polyanthum","","","","diameter 55cm, tinggi 37m, lebar tajuk 4x5m","","","","","","","","","","Sehat","","","","","","","","","","","","","","Tumbuhan kayu keras","","","","93eb401730154886a49dce6a63c68845"
"Patrol","29","Apr 14, 2026","12:29:56 PM","118.06972666666667","-8.134363333333333","","May 1, 2026, 3:23:49 PM","Faldeo Adrean Falsa","Tumbuhan","","","","","","","","","","","","Tumbuhan Tambora","","","","diameter 80cm, tinggi 35m, lebar tajuk 7x8m, kulit batang mengelupas, daun seperti ketapang kecil","","","","","","","","","","Sehat","","","","","","","","","","","","","","Tumbuhan kayu keras","","","","1a34ce2a99d348d1861188ec7686f273"
"Patrol","28","Apr 14, 2026","12:27:01 PM","118.06972166666668","-8.134413333333333","","May 1, 2026, 3:23:49 PM","Faldeo Adrean Falsa","Satwa Liar","Tanda Satwa","","","","","","","","","","Delimukan zamrud - Chalcophaps indica","","","","","kok kok kok","","","","","","","","","","","","","","","","","","","","","","","","Suara","","Baru (dalam 1 minggu)","","6c1eb71b2b8f472da86e35b5f68aadd7"
"Patrol","27","Apr 14, 2026","12:26:00 PM","118.06980666666665","-8.13436","","May 1, 2026, 3:23:49 PM","Faldeo Adrean Falsa","Satwa Liar","Tanda Satwa","","","","","","","","","","Monyet Ekor Panjang - Macaca fascicularis","","","","","bersuara","","","","","","","","","","","","","","","","","","","","","","","","Suara","","Baru (dalam 1 minggu)","","6c1490e309154e2880f09bbfe8fbe38e"
"Patrol","26","Apr 14, 2026","12:25:09 PM","118.06979166666666","-8.134343333333334","","May 1, 2026, 3:23:47 PM","Faldeo Adrean Falsa","Satwa Liar","Tanda Satwa","","","","","","","","","","Burung-madu sriganti - Cinnyris jugularis","","","","","suara cit cit cit","","","","","","","","","","","","","","","","","","","","","","","","Suara","","Baru (dalam 1 minggu)","","b187b4250267464086721484148bd335"
"Patrol","25","Apr 14, 2026","12:24:12 PM","118.06984333333334","-8.134345","","May 1, 2026, 3:23:47 PM","Faldeo Adrean Falsa","Tumbuhan","","","","","","","","","","","","Sori bura - Jambu anum - Syzygium racemosum","","","","Diameter 28cm, tinggi 30m, lebar tajuk 5x4m","","","","","","","","","","Sehat","","","","","","","","","","","","","","Tumbuhan kayu keras","","","","790e3cc91ece448692db17bae4cfaea6"
"Patrol","10","Apr 14, 2026","12:23:14 PM","117.90210180915892","-8.332928381860256","","May 1, 2026, 4:16:56 PM","Faldeo Adrean Falsa","Satwa Liar","Perjumpaan Satwa","","","180.0","","3.0","","","","Tidak tahu","Nuri Pipi Merah - Geoffroyus geoffroyi","","1.0","","","Hinggap","","","","","","","","","Sehat","","","","","","","","","","","ekor","Dilindungi","","","","Tidak tahu","","","b1b599f1bc604ab49b80a7fe2211d262"
"Patrol","10","Apr 14, 2026","12:23:14 PM","117.90210180915892","-8.332928381860256","","May 1, 2026, 4:16:56 PM","Faldeo Adrean Falsa","Tumbuhan","","","","","","","","","","","","Kalanggo - Rajumas - Duabanga moluccana","","","","1 Individu","","","","","","","","","","Sehat","","","","","","","","","","","","","","Tumbuhan kayu keras","","","","b1b599f1bc604ab49b80a7fe2211d262"
"Patrol","13","Apr 14, 2026","12:19:40 PM","117.90219129999998","-8.332852883333334","","May 1, 2026, 4:16:56 PM","Faldeo Adrean Falsa","Tumbuhan","","","","","","","","","","","","Kalanggo - Rajumas - Duabanga moluccana","","","","","","","","","","","","","","Sehat","","","","","","","","","","","","","","Tumbuhan kayu keras","","","","e20775e48e4a4b7abbcf5fe4285569b5"
"Patrol","2","Apr 14, 2026","12:11:06 PM","117.90203819051385","-8.333007674664259","","May 1, 2026, 4:16:56 PM","Faldeo Adrean Falsa","Satwa Liar","Perjumpaan Satwa","","","180.0","","30.0","","","","Tidak tahu","Kipasan flores - Rhipidura diluta","","1.0","","","Suara","","","","","","","","","Sehat","","","","","","","","","","","ekor","Tidak Dilindungi","","","","Tidak tahu","","","125fb565c0ad4c4f96461d11a8f80681"
"Patrol","2","Apr 14, 2026","12:11:06 PM","117.90203819051385","-8.333007674664259","","May 1, 2026, 4:16:56 PM","Faldeo Adrean Falsa","Satwa Liar","Perjumpaan Satwa","","","160.0","","15.0","","","","Tidak tahu","Delimukan zamrud - Chalcophaps indica","","1.0","","","Suara","","","","","","","","","Sehat","","","","","","","","","","","ekor","Tidak Dilindungi","","","","Dewasa","","","125fb565c0ad4c4f96461d11a8f80681"
"Patrol","2","Apr 14, 2026","12:11:06 PM","117.90203819051385","-8.333007674664259","","May 1, 2026, 4:16:56 PM","Faldeo Adrean Falsa","Satwa Liar","Perjumpaan Satwa","","","180.0","","5.0","","","","Betina","Cabai dahi-hitam - Dicaeum igniferum","","1.0","","","","","","","","","","","","Sehat","","","","","","","","","","","ekor","Tidak Dilindungi","","","","Dewasa","","","125fb565c0ad4c4f96461d11a8f80681"
"Patrol","2","Apr 14, 2026","12:11:06 PM","117.90203819051385","-8.333007674664259","","May 1, 2026, 4:16:56 PM","Faldeo Adrean Falsa","Satwa Liar","Perjumpaan Satwa","","","260.0","","10.0","","","","Tidak tahu","Wiwik rimba - Cacomantis variolosus","","1.0","","","","","","","","","","","","Sehat","","","","","","","","","","","ekor","Tidak Dilindungi","","","","Remaja","","","125fb565c0ad4c4f96461d11a8f80681"
"Patrol","2","Apr 14, 2026","12:11:06 PM","117.90203819051385","-8.333007674664259","","May 1, 2026, 4:16:56 PM","Faldeo Adrean Falsa","Satwa Liar","Perjumpaan Satwa","","","120.0","","10.0","","","","Tidak tahu","Nuri Pipi Merah - Geoffroyus geoffroyi","","1.0","","","Terbang","","","","","","","","","Sehat","","","","","","","","","","","ekor","Dilindungi","","","","Tidak tahu","","","125fb565c0ad4c4f96461d11a8f80681"
"Patrol","2","Apr 14, 2026","12:11:06 PM","117.90203819051385","-8.333007674664259","","May 1, 2026, 4:16:56 PM","Faldeo Adrean Falsa","Satwa Liar","Perjumpaan Satwa","","","240.0","","25.0","","","","Tidak tahu","Burung-madu sriganti - Cinnyris jugularis","","1.0","","","","","","","","","","","","Sehat","","","","","","","","","","","ekor","Tidak Dilindungi","","","","Dewasa","","","125fb565c0ad4c4f96461d11a8f80681"
"Patrol","2","Apr 14, 2026","12:11:06 PM","117.90203819051385","-8.333007674664259","","May 1, 2026, 4:16:56 PM","Faldeo Adrean Falsa","Tumbuhan","","","","","","","","","","","","Danta ndolo - Mahang - Macaranga tanarius","","","","4 individu","","","","","","","","","","Sehat","","","","","","","","","","","","","","Tumbuhan kayu keras","","","","125fb565c0ad4c4f96461d11a8f80681"
"Patrol","2","Apr 14, 2026","12:11:06 PM","117.90203819051385","-8.333007674664259","","May 1, 2026, 4:16:56 PM","Faldeo Adrean Falsa","Tumbuhan","","","","","","","","","","","","Maladi haju - Jelatang gajah - Dendrocnide stimulans","","","","3 Individu","","","","","","","","","","Sehat","","","","","","","","","","","","","","Tumbuhan kayu keras","","","","125fb565c0ad4c4f96461d11a8f80681"
"Patrol","24","Apr 14, 2026","12:05:06 PM","118.06985666666667","-8.134291666666666","","May 1, 2026, 3:23:49 PM","Faldeo Adrean Falsa","Satwa Liar","Tanda Satwa","","","","","","","","","","Cekakak Tunggir Putih - Caridonax fulgidus","","","","","berikcau","","","","","","","","","","","","","","","","","","","","","","","","Suara","","Baru (dalam 1 minggu)","","e3a336c964d24997bf6ca8105e889be7"
"Patrol","23","Apr 14, 2026","12:04:09 PM","118.06978499999998","-8.134298333333334","","May 1, 2026, 3:23:49 PM","Faldeo Adrean Falsa","Tumbuhan","","","","","","","","","","","","Monggo Kala - Salam - Syzygium polyanthum","","","","diameter 63cm, tinggi 38m, lebar tajuk 7x6m","","","","","","","","","","Sehat","","","","","","","","","","","","","","Tumbuhan kayu keras","","","","6f6bd13090d7476b8d6ace802cb84432"
"Patrol","22","Apr 14, 2026","12:00:46 PM","118.07005499999998","-8.134033333333333","","May 1, 2026, 3:23:47 PM","Faldeo Adrean Falsa","Satwa Liar","Tanda Satwa","","","","","","","","","","Kehicap ranting - Hypothymis azurea","","","","","berkucau pio, pio, pio","","","","","","","","","","","","","","","","","","","","","","","","Suara","","Baru (dalam 1 minggu)","","913275f9b84547a1bea77e6b70e3ab17"
"Patrol","21","Apr 14, 2026","11:59:54 AM","118.07008833333333","-8.13396","","May 1, 2026, 3:23:49 PM","Faldeo Adrean Falsa","Tumbuhan","","","","","","","","","","","","Monggo Kala - Salam - Syzygium polyanthum","","","","diameter 62cm, tinggi 35m, lebar tajuk 6x5m","","","","","","","","","","Sehat","","","","","","","","","","","","","","Tumbuhan kayu keras","","","","ba06b36b51da4dfbb327483c319f41ad"
"Patrol","12","Apr 14, 2026","11:58:22 AM","117.90200808333333","-8.333015600000001","","May 1, 2026, 3:23:42 PM","Faldeo Adrean Falsa","Satwa Liar","Tanda Satwa","","","","","","","","","","Nuri Pipi Merah - Geoffroyus geoffroyi","","","","","","","","","","","","","","","","","","","","","","","","","","","","","Bagian tubuh satwa","","Cukup baru (1 - 2 minggu)","","503fbc458284411cb2911f8876bd5d72"
"Patrol","20","Apr 14, 2026","11:57:59 AM","118.06997333333332","-8.134005","","May 1, 2026, 3:23:47 PM","Faldeo Adrean Falsa","Tumbuhan","","","","","","","","","","","","Soka - Lempokan - Ardisia javanica","","","","diameter 21cm, tinggi 20m lebar tajuk 3x2m","","","","","","","","","","Sehat","","","","","","","","","","","","","","Tumbuhan kayu keras","","","","890a28ff3a25438aa149b390cd0540fa"
"Patrol","11","Apr 14, 2026","11:54:16 AM","117.90201108333333","-8.333050233333333","","May 1, 2026, 3:23:42 PM","Faldeo Adrean Falsa","Satwa Liar","Tanda Satwa","","","","","","","","","","Walet tenggara - Collocalia sumbawae","","","","","","","","","","","","","","","","","","","","","","","","","","","","","Suara","","Baru (dalam 1 minggu)","","3bfc7f8661d149d695cde3941f7d58a0"
"Patrol","19","Apr 14, 2026","11:49:21 AM","118.07025333333334","-8.133498333333334","","May 1, 2026, 3:23:47 PM","Faldeo Adrean Falsa","Tumbuhan","","","","","","","","","","","","Rino - Cenderai - Grewia eriocarpa","","","","tepi daun bergerigi","","","","","","","","","","Sehat","","","","","","","","","","","","","","Tumbuhan kayu keras","","","","189cfeb7d7c44006b9a4f53a7d8f5779"
"Patrol","10","Apr 14, 2026","11:48:07 AM","117.90201436666666","-8.333021083333334","","May 1, 2026, 3:23:43 PM","Faldeo Adrean Falsa","Satwa Liar","Tanda Satwa","","","","","","","","","","Cabai dahi-hitam - Dicaeum igniferum","","","","","","","","","","","","","","","","","","","","","","","","","","","","","Bagian tubuh satwa","","Baru (dalam 1 minggu)","","02a05f3db1ce453496905405e1dad0e9"
"Patrol","18","Apr 14, 2026","11:48:07 AM","118.070285","-8.133479999999999","","May 1, 2026, 3:23:49 PM","Faldeo Adrean Falsa","Tumbuhan","","","","","","","","","","","","Tula - Legaran - Alstonia spectabilis","","","","diameter 13cm, tinggi 9m","","","","","","","","","","Sehat","","","","","","","","","","","","","","Tumbuhan obat","","","","b580fc5c07d54bd7a864cdedc6770b01"
"Patrol","17","Apr 14, 2026","11:46:47 AM","118.07047333333334","-8.133485","","May 1, 2026, 3:23:47 PM","Faldeo Adrean Falsa","Satwa Liar","Tanda Satwa","","","","","","","","","","Babi Hutan - Sus scrofa","","","","","jejak kaki","","","","","","","","","","","","","","","","","","","","","","","","Tanda satwa","","Baru (dalam 1 minggu)","","3d9d13a1e2a14bfb8232b44524051f26"
"Patrol","16","Apr 14, 2026","11:45:24 AM","118.07043","-8.13339","","May 1, 2026, 3:23:47 PM","Faldeo Adrean Falsa","Tumbuhan","","","","","","","","","","","","Monggo Kala - Salam - Syzygium polyanthum","","","","diameter 40cm, tinggi 35m, lebar tajuk 4x5m","","","","","","","","","","Sehat","","","","","","","","","","","","","","Tumbuhan kayu keras","","","","b8270bd9828c4464a558f76192ac9e9b"
"Patrol","15","Apr 14, 2026","11:43:27 AM","118.07049833333333","-8.13333","","May 1, 2026, 3:23:49 PM","Faldeo Adrean Falsa","Tumbuhan","","","","","","","","","","","","Pato - Popohan/Getasan - Buchanania arborescens","","","","anakan","","","","","","","","","","Sehat","","","","","","","","","","","","","","Tumbuhan kayu keras","","","","1d03d5a2a645444ab42d5426b64ccf41"
"Patrol","14","Apr 14, 2026","11:42:27 AM","118.07054166666667","-8.133115","","May 1, 2026, 3:23:49 PM","Faldeo Adrean Falsa","Satwa Liar","Tanda Satwa","","","","","","","","","","Kipasan flores - Rhipidura diluta","","","","","berkicau","","","","","","","","","","","","","","","","","","","","","","","","Suara","","Baru (dalam 1 minggu)","","047e7ba6d3f241be942b507f05ca7755"
"Patrol","13","Apr 14, 2026","11:41:38 AM","118.07051000000001","-8.133208333333332","","May 1, 2026, 3:23:49 PM","Faldeo Adrean Falsa","Satwa Liar","Tanda Satwa","","","","","","","","","","Kirik-kirik laut - Merops philippinus","","","","","kicau","","","","","","","","","","","","","","","","","","","","","","","","Suara","","Baru (dalam 1 minggu)","","e84a5356caac490ebbe286f927593bf5"
"Patrol","9","Apr 14, 2026","11:41:15 AM","117.90199493333333","-8.33300545","","May 1, 2026, 3:23:43 PM","Faldeo Adrean Falsa","Satwa Liar","Tanda Satwa","","","","","","","","","","Delimukan zamrud - Chalcophaps indica","","","","","","","","","","","","","","","","","","","","","","","","","","","","","Suara","","Cukup baru (1 - 2 minggu)","","ec88254ac818447fbd1f1ad0dd752b33"
"Patrol","8","Apr 14, 2026","11:40:37 AM","117.90199493333333","-8.33300545","","May 1, 2026, 3:23:43 PM","Faldeo Adrean Falsa","Satwa Liar","Tanda Satwa","","","","","","","","","","Kipasan flores - Rhipidura diluta","","","","","","","","","","","","","","","","","","","","","","","","","","","","","Suara","","Baru (dalam 1 minggu)","","06c6c5b51a694cff8681d591351a3b5e"
"Patrol","12","Apr 14, 2026","11:38:56 AM","118.07053833333333","-8.133064999999998","","May 1, 2026, 3:23:47 PM","Faldeo Adrean Falsa","Tumbuhan","","","","","","","","","","","","Tumbuhan Tambora","","","","anakan","","","","","","","","","","Sehat","","","","","","","","","","","","","","Tumbuhan kayu keras","","","","7266264fee59464e9f521c6af5753d07"
"Patrol","11","Apr 14, 2026","11:37:50 AM","118.07060333333332","-8.133073333333334","","May 1, 2026, 3:23:47 PM","Faldeo Adrean Falsa","Tumbuhan","","","","","","","","","","","","Sori bura - Jambu anum - Syzygium racemosum","","","","diameter 44cm, tinggi 16m","","","","","","","","","","Sehat","","","","","","","","","","","","","","Tumbuhan kayu keras","","","","4f3c67f9c1f4425babeb238dca0caf1b"
"Patrol","10","Apr 14, 2026","11:36:19 AM","118.07055666666665","-8.132966666666666","","May 1, 2026, 3:23:49 PM","Faldeo Adrean Falsa","Tumbuhan","","","","","","","","","","","","Tumbuhan Tambora","","","","buah warna orange, daun seperti tula","","","","","","","","","","Sehat","","","","","","","","","","","","","","Tumbuhan fungsi lainnya","","","","6f8911a22a15446eb3db678247f4bc10"
"Patrol","9","Apr 14, 2026","11:34:08 AM","118.07055999999999","-8.132955","","May 1, 2026, 3:23:47 PM","Faldeo Adrean Falsa","Tumbuhan","","","","","","","","","","","","Monggo Kala - Salam - Syzygium polyanthum","","","","diameter 42cm, tinggi 24m","","","","","","","","","","Sehat","","","","","","","","","","","","","","Tumbuhan kayu keras","","","","7e5dfeac77e7400aa050081d8bd665cf"
"Patrol","8","Apr 14, 2026","11:33:03 AM","118.07058833333333","-8.132859999999999","","May 1, 2026, 3:23:49 PM","Faldeo Adrean Falsa","Tumbuhan","","","","","","","","","","","","Sori bura - Jambu anum - Syzygium racemosum","","","","diameter 36cm, tinggi 15m, lebar tajuk 3x4m","","","","","","","","","","Sehat","","","","","","","","","","","","","","Tumbuhan kayu keras","","","","dc915dded41546a4bb2a548489b5671a"
"Patrol","7","Apr 14, 2026","11:30:16 AM","118.07061333333334","-8.132679999999999","","May 1, 2026, 3:23:49 PM","Faldeo Adrean Falsa","Tumbuhan","","","","","","","","","","","","Mpori ngame - Alang-alang - Imperata cylindrica","","","","masih hinau","","","","","","","","","","Sehat","","","","","","","","","","","","","","Tumbuhan Bawah","","","","a5c2a2eb170142c89ebf9e4d73237408"
"Patrol","6","Apr 14, 2026","11:28:56 AM","118.07060166666666","-8.132675","","May 1, 2026, 3:23:49 PM","Faldeo Adrean Falsa","Tumbuhan","","","","","","","","","","","","Soka - Lempokan - Ardisia javanica","","","","daun kecil","","","","","","","","","","Sehat","","","","","","","","","","","","","","Tumbuhan kayu keras","","","","1577e0f9fcdd449d9d037c28c5e601f3"
"Patrol","5","Apr 14, 2026","11:27:56 AM","118.07063666666666","-8.132626666666665","","May 1, 2026, 3:23:49 PM","Faldeo Adrean Falsa","Tumbuhan","","","","","","","","","","","","Sarume ara -  - Acronychia trifoliolata","","","","buah warna kuning sebesar biji jagung, duduk daun berhadapan ","","","","","","","","","","Sehat","","","","","","","","","","","","","","Tumbuhan kayu keras","","","","cb77f2ab8718437b9940b1c7d4d5e1ad"
"Patrol","7","Apr 14, 2026","11:26:43 AM","117.90210048333331","-8.332709666666666","","May 1, 2026, 4:16:56 PM","Faldeo Adrean Falsa","Tumbuhan","","","","","","","","","","","","Owo - Ara ratu - Ficus albipila","","","","","","","","","","","","","","Sehat","","","","","","","","","","","","","","Tumbuhan kayu keras","","","","b65bb966ad474c78b60abacf6298c8e7"
"Patrol","6","Apr 14, 2026","11:22:51 AM","117.90204954999999","-8.332966566666666","","May 1, 2026, 4:16:56 PM","Faldeo Adrean Falsa","Tumbuhan","","","","","","","","","","","","Maladi haju - Jelatang gajah - Dendrocnide stimulans","","","","","","","","","","","","","","Sehat","","","","","","","","","","","","","","Tumbuhan kayu keras","","","","199f212b577049c385051db01f6a06c4"
"Patrol","3","Apr 14, 2026","11:22:13 AM","118.07059833333332","-8.132663333333333","","May 1, 2026, 3:23:49 PM","Faldeo Adrean Falsa","Tumbuhan","","","","","","","","","","","","Sarume maju - Malaka - Phyllanthus emblica","","","","kulit batang mengelupas, tinggi 12m, diameter 23cm","","","","","","","","","","Sehat","","","","","","","","","","","","","","Tumbuhan kayu keras","","","","de48029728c14203b56e78d08a3cdcb4"
"Patrol","3","Apr 14, 2026","11:22:13 AM","118.07059833333332","-8.132663333333333","","May 1, 2026, 3:23:49 PM","Faldeo Adrean Falsa","Tumbuhan","","","","","","","","","","","","Haju Afi - - Diospyros maritima","","","","batang warna hitam, diameter 3 cm","","","","","","","","","","Sehat","","","","","","","","","","","","","","Tumbuhan kayu keras","","","","de48029728c14203b56e78d08a3cdcb4"
"Patrol","4","Apr 14, 2026","11:21:07 AM","117.90209666666667","-8.332955","","May 1, 2026, 3:23:45 PM","Faldeo Adrean Falsa","Satwa Liar","Perjumpaan Satwa","","","310.0","","20.0","","","","Jantan","Isap-madu australia - Lichmera indistincta","","1.0","","","","","","","","","","","","Sehat","","","","","","","","","","","ekor","Dilindungi","","","","Dewasa","","","73b0de473af244df947b0a922d012573"
"Patrol","2","Apr 14, 2026","11:19:29 AM","118.07063166666667","-8.132634999999999","","May 1, 2026, 3:23:49 PM","Faldeo Adrean Falsa","Tumbuhan","","","","","","","","","","","","Sala - Bayur - Pterospermum diversifolium","","","","daun bertoreh menjari 3, tangkai daun panjang berbuli halus","","","","","","","","","","Sehat","","","","","","","","","","","","","","Tumbuhan kayu keras","","","","76ea41372fc84cba81e88ce461f94556"
"Patrol","5","Apr 14, 2026","11:11:13 AM","117.90199948333333","-8.333023066666668","","May 1, 2026, 3:23:43 PM","Faldeo Adrean Falsa","Satwa Liar","Perjumpaan Satwa","","","","","10.0","","","","Jantan","Isap-madu australia - Lichmera indistincta","","3.0","","","","","","","","","","","","Sehat","","","","","","","","","","","ekor","Dilindungi","","","","Remaja","","","da424a0ffcdc403cb8e5686653bf21ed"
"Patrol","4","Apr 14, 2026","11:09:33 AM","117.90202686666667","-8.332993066666667","","May 1, 2026, 3:23:43 PM","Faldeo Adrean Falsa","Satwa Liar","Tanda Satwa","","","","","","","","","","Wiwik rimba - Cacomantis variolosus","","","","","","","","","","","","","","","","","","","","","","","","","","","","","Suara","","Baru (dalam 1 minggu)","","0b331bd8d50149d6ae5d8d1a63fd7a6b"
"Patrol","2","Apr 14, 2026","11:08:56 AM","117.902025","-8.333008333333334","","May 1, 2026, 4:16:56 PM","Faldeo Adrean Falsa","Tumbuhan","","","","","","","","","","","","Danta ndolo - Mahang - Macaranga tanarius","","","","","","","","","","","","","","Sehat","","","","","","","","","","","","","","Tumbuhan Bawah","","","","e5685580d0934bd58f69952d08ad0a65"
"Patrol","2","Apr 14, 2026","11:08:56 AM","117.902025","-8.333008333333334","","May 1, 2026, 4:16:56 PM","Faldeo Adrean Falsa","Tumbuhan","","","","","","","","","","","","Kabaho kafa - Mengkirai - Trema orientale","","","","Sehat","","","","","","","","","","Sehat","","","","","","","","","","","","","","Tumbuhan kayu keras","","","","e5685580d0934bd58f69952d08ad0a65"
"Patrol","2","Apr 14, 2026","11:07:31 AM","117.90202686666667","-8.332993066666667","","May 1, 2026, 4:16:56 PM","Faldeo Adrean Falsa","Tumbuhan","","","","","","","","","","","","Kabaho kafa - Mengkirai - Trema orientale","","","","","","","","","","","","","","Sehat","","","","","","","","","","","","","","Tumbuhan kayu keras","","","","8b5ad5028cae4a168552713e019940c7"
"Patrol","2","Apr 14, 2026","11:07:31 AM","117.90202686666667","-8.332993066666667","","May 1, 2026, 4:16:56 PM","Faldeo Adrean Falsa","Tumbuhan","","","","","","","","","","","","Danta ndolo - Mahang - Macaranga tanarius","","","","","","","","","","","","","","Sehat","","","","","","","","","","","","","","Tumbuhan kayu keras","","","","8b5ad5028cae4a168552713e019940c7"
"Patrol","14","Apr 9, 2026","12:25:23 PM","117.98949333333333","-8.3921","","May 1, 2026, 4:17:05 PM","Faldeo Adrean Falsa","Aktivitas Manusia","Pembalakan","","","","","","","","","","","Katowi - - Palaquium amboinense","1.0","","","","","","","","","","","","","","","","","","","","Ya","","Ya","batang","","","Didokumentasi","Pembalak","","Cukup lama (>1 bulan)","","7c1acf4690234459911aca185dde0c5c"
"Patrol","13","Apr 9, 2026","12:04:26 PM","117.99460666666667","-8.382708333333333","","May 1, 2026, 4:17:05 PM","Faldeo Adrean Falsa","Ground Check","Tipe Ekosistem","","","","","","","","","","","","","","","","","","Alami","Ekosistem Teresterial","Daratan Rendah (0-1000mdpl)","Hutan Pamah","","","","","","","","","","","","","","","","","","","","","","39a354c9e22d4cbd9627065720700d89"
"Patrol","12","Apr 9, 2026","12:02:39 PM","117.99460666666667","-8.382708333333333","","May 1, 2026, 4:17:05 PM","Faldeo Adrean Falsa","Ground Check","Tutupan Lahan","","","","","","","","","","","","","","","","Non Open Area","Semak","","","","","","","","","","","","","","","","","","","","","","","","","","8529377fa0f74df0848f7defe67f083c"
"Patrol","11","Apr 9, 2026","12:00:18 PM","117.99451833333333","-8.382641666666666","","May 1, 2026, 4:17:05 PM","Faldeo Adrean Falsa","Tumbuhan","","","","","","","","","","","","Tula - Legaran - Alstonia spectabilis","","","","1","","","","","","","","","","","","","","","","","","","","","","","","Tumbuhan kayu keras","","","","491ec943d9b74b9e8d762e96166f9166"
"Patrol","10","Apr 9, 2026","11:55:25 AM","117.99449833333334","-8.382898333333333","","May 1, 2026, 3:23:31 PM","Faldeo Adrean Falsa","Satwa Liar","Perjumpaan Satwa","","","150.0","","50.0","","","","","Gagak kampung - Corvus macrorhynchos","","2.0","","","","","","","","","","","","","","","","","","","","","","","ekor","Tidak Dilindungi","","","","","","","2afcab11257240eeb7aa8297d4d65c52"
"Patrol","9","Apr 9, 2026","11:53:35 AM","117.99445666666666","-8.382793333333332","","May 1, 2026, 3:23:31 PM","Faldeo Adrean Falsa","Satwa Liar","Perjumpaan Satwa","","","159.0","","20.0","","","","","Apung sawah - Anthus rufulus","","1.0","","","Jalan di tanah","","","","","","","","","","","","","","","","","","","","ekor","Tidak Dilindungi","","","","","","","d746010c01d447c59fc5c295ba3106e1"
"Patrol","8","Apr 9, 2026","11:49:32 AM","117.99457166666667","-8.382608333333334","","May 1, 2026, 3:23:31 PM","Faldeo Adrean Falsa","Satwa Liar","Perjumpaan Satwa","","","90.0","","20.0","","","","","Nuri Pipi Merah - Geoffroyus geoffroyi","","3.0","","","Terbang dan bersuara","","","","","","","","","","","","","","","","","","","","ekor","Tidak Dilindungi","","","","","","","9aad76f578d443fe9b67877f52ce3f78"
"Patrol","7","Apr 9, 2026","11:47:10 AM","117.99457166666667","-8.382608333333334","","May 1, 2026, 3:23:31 PM","Faldeo Adrean Falsa","Satwa Liar","Perjumpaan Satwa","","","35.0","","50.0","","","","","Walet tenggara - Collocalia sumbawae","","2.0","","","Terbang","","","","","","","","","","","","","","","","","","","","ekor","Tidak Dilindungi","","","","","","","3ac0b6b8c2a040dc9931f8019da0af1e"
"Patrol","6","Apr 9, 2026","11:42:35 AM","117.99500666666667","-8.382681666666667","","May 1, 2026, 4:17:05 PM","Faldeo Adrean Falsa","Tumbuhan","","","","","","","","","","","","Sarume maju - Malaka - Phyllanthus emblica","","","","1","","","","","","","","","","","","","","","","","","","","","","","","Tumbuhan pakan satwa","","","","406946686b8049c2b625d60a86ad0a2c"
"Patrol","5","Apr 9, 2026","11:40:31 AM","117.99490833333333","-8.382698333333334","","May 1, 2026, 4:17:05 PM","Faldeo Adrean Falsa","Tumbuhan","","","","","","","","","","","","Danta ndolo - Mahang - Macaranga tanarius","","","","1","","","","","","","","","","","","","","","","","","","","","","","","Tumbuhan pakan satwa","","","","5544b783a2e84be8ba9fe309f30f8073"
"Patrol","4","Apr 9, 2026","11:38:25 AM","117.99476333333332","-8.382513333333332","","May 1, 2026, 4:17:05 PM","Faldeo Adrean Falsa","Tumbuhan","","","","","","","","","","","","Ndaru - Weru - Albizia procera","","","","2","","","","","","","","","","","","","","","","","","","","","","","","Tumbuhan kayu keras","","","","666f4018067e4dabad0557755da323cf"
"Patrol","3","Apr 9, 2026","11:36:31 AM","117.99460333333333","-8.382548333333334","","May 1, 2026, 4:17:05 PM","Faldeo Adrean Falsa","Tumbuhan","","","","","","","","","","","","Papi - Tesek - Dodonaea viscosa","","","","3","","","","","","","","","","","","","","","","","","","","","","","","Tumbuhan fungsi lainnya","","","","09bc6971f27445658e8ebde95eb56caf"
"Patrol","2","Apr 9, 2026","10:59:43 AM","117.98610500000001","-8.398595","","May 1, 2026, 4:17:05 PM","Faldeo Adrean Falsa","Penyuluhan dan Pemberdayaan Masyarakat","Sosialisasi","Jalur pintu 7","","","","","Penyuluhan dan sosialisasi lainnya","","","","","","","1.0","","Dekat pal batas","","","","","","","","","","","","","","","","","","","","individu","","","","","","","","aadb0ef78f514276967d8e593911e03d"
"Patrol","16","Apr 8, 2026","4:26:31 PM","118.13527500000001","-8.348268333333333","","May 1, 2026, 3:23:30 PM","Faldeo Adrean Falsa","Satwa Liar","Perjumpaan Satwa","","","40.0","","70.0","","","","Tidak tahu","Elang Flores - Nisaetus floris","","1.0","","","","","","","","","","","","Sehat","","","","","","","","","","","ekor","Dilindungi","","","","Tidak tahu","","","ff6fda2d9fef4edfac891d9b83c95a4d"
"Patrol","15","Apr 8, 2026","4:18:05 PM","118.12799666666666","-8.346253333333333","","May 1, 2026, 4:17:20 PM","Faldeo Adrean Falsa","Aktivitas Manusia","Pengambilan HHBK","","","","","","","","","","","","","","","Pondok pengambil madu","","","","","","","","","","","","","","","","","Bukan","","","","","","","Madu","","","","b25b830dfa2443149de6c45ed921281d"
"Patrol","2","Apr 8, 2026","4:04:21 PM","118.12581666666668","-8.337858333333333","","May 1, 2026, 4:17:20 PM","Faldeo Adrean Falsa","Satwa Liar","Perjumpaan Satwa","","","210.0","","100.0","","","","Tidak tahu","Burung-madu sriganti - Cinnyris jugularis","","1.0","","","","","","","","","","","","Sehat","","","","","","","","","","","ekor","Tidak Dilindungi","","","","Tidak tahu","","","759d6b3fdf664feca467ce8c222e6128"
"Patrol","2","Apr 8, 2026","4:04:21 PM","118.12581666666668","-8.337858333333333","","May 1, 2026, 4:17:20 PM","Faldeo Adrean Falsa","Satwa Liar","Perjumpaan Satwa","","","225.0","","100.0","","","","Tidak tahu","Gelatik-batu kelabu - Parus cinereus","","1.0","","","","","","","","","","","","Sehat","","","","","","","","","","","ekor","Tidak Dilindungi","","","","Tidak tahu","","","759d6b3fdf664feca467ce8c222e6128"
"Patrol","2","Apr 8, 2026","4:04:21 PM","118.12581666666668","-8.337858333333333","","May 1, 2026, 4:17:20 PM","Faldeo Adrean Falsa","Tumbuhan","","","","","","","","","","","","Toa - Ketimunan - Timonius timon","","","","","","","","","","","","","","Sehat","","","","","","","","","","","","","","Tumbuhan kayu keras","","","","759d6b3fdf664feca467ce8c222e6128"
"Patrol","2","Apr 8, 2026","4:04:21 PM","118.12581666666668","-8.337858333333333","","May 1, 2026, 4:17:20 PM","Faldeo Adrean Falsa","Tumbuhan","","","","","","","","","","","","Danta ndolo - Andulpak - Homalanthus giganteus","","","","","","","","","","","","","","Sehat","","","","","","","","","","","","","","Tumbuhan kayu keras","","","","759d6b3fdf664feca467ce8c222e6128"
"Patrol","2","Apr 8, 2026","4:04:21 PM","118.12581666666668","-8.337858333333333","","May 1, 2026, 4:17:20 PM","Faldeo Adrean Falsa","Tumbuhan","","","","","","","","","","","","Sareo - Terisi - Albizia lebbekoides","","","","","","","","","","","","","","Sehat","","","","","","","","","","","","","","Tumbuhan kayu keras","","","","759d6b3fdf664feca467ce8c222e6128"
"Patrol","2","Apr 8, 2026","4:04:21 PM","118.12581666666668","-8.337858333333333","","May 1, 2026, 4:17:20 PM","Faldeo Adrean Falsa","Tumbuhan","","","","","","","","","","","","Sambi - Kesambi - Schleichera oleosa","","","","","","","","","","","","","","Sehat","","","","","","","","","","","","","","Tumbuhan kayu keras","","","","759d6b3fdf664feca467ce8c222e6128"
"Patrol","2","Apr 8, 2026","4:04:21 PM","118.12581666666668","-8.337858333333333","","May 1, 2026, 4:17:20 PM","Faldeo Adrean Falsa","Satwa Liar","Tanda Satwa","","","","","","","","","","Ayam Hutan Hijau - Gallus varius","","","","","","","","","","","","","","","","","","","","","","","","","","","","","Suara","","Baru (dalam 1 minggu)","","759d6b3fdf664feca467ce8c222e6128"
"Patrol","2","Apr 8, 2026","4:04:21 PM","118.12581666666668","-8.337858333333333","","May 1, 2026, 4:17:20 PM","Faldeo Adrean Falsa","Satwa Liar","Tanda Satwa","","","","","","","","","","Nuri Pipi Merah - Geoffroyus geoffroyi","","","","","","","","","","","","","","","","","","","","","","","","","","","","","Suara","","Baru (dalam 1 minggu)","","759d6b3fdf664feca467ce8c222e6128"
"Patrol","2","Apr 8, 2026","4:04:21 PM","118.12581666666668","-8.337858333333333","","May 1, 2026, 4:17:20 PM","Faldeo Adrean Falsa","Tumbuhan","","","","","","","","","","","","Due - Beringin - Ficus benjamina","","","","","","","","","","","","","","Sehat","","","","","","","","","","","","","","Tumbuhan kayu keras","","","","759d6b3fdf664feca467ce8c222e6128"
"Patrol","2","Apr 8, 2026","4:04:21 PM","118.12581666666668","-8.337858333333333","","May 1, 2026, 4:17:20 PM","Faldeo Adrean Falsa","Ground Check","Tipe Ekosistem","","","","","","","","","","","","","","","","","","Alami","Ekosistem Teresterial","Daratan Rendah (0-1000mdpl)","Savana","","","","","","","","","","","","","","","","","","","","","","759d6b3fdf664feca467ce8c222e6128"
"Patrol","2","Apr 8, 2026","4:04:21 PM","118.12581666666668","-8.337858333333333","","May 1, 2026, 4:17:20 PM","Faldeo Adrean Falsa","Tumbuhan","","","","","","","","","","","","Papi - Tesek - Dodonaea viscosa","","","","","","","","","","","","","","Sehat","","","","","","","","","","","","","","Tumbuhan kayu keras","","","","759d6b3fdf664feca467ce8c222e6128"
"Patrol","2","Apr 8, 2026","4:04:21 PM","118.12581666666668","-8.337858333333333","","May 1, 2026, 4:17:20 PM","Faldeo Adrean Falsa","Satwa Liar","Perjumpaan Satwa","","","287.0","","600.0","","","","Tidak tahu","Tiong-lampu biasa - Eurystomus orientalis","","2.0","","","","","","","","","","","","Sehat","","","","","","","","","","","ekor","Tidak Dilindungi","","","","Tidak tahu","","","759d6b3fdf664feca467ce8c222e6128"
"Patrol","2","Apr 8, 2026","4:04:21 PM","118.12581666666668","-8.337858333333333","","May 1, 2026, 4:17:20 PM","Faldeo Adrean Falsa","Ground Check","Tutupan Lahan","","","","","","","","","","","","","","","","Non Open Area","Savana/ Padang Rumput","","","","","","","","","","","","","","","","","","","","","","","","","","759d6b3fdf664feca467ce8c222e6128"
"Patrol","15","Apr 8, 2026","2:55:48 PM","118.10689499999998","-8.316840000000001","","May 1, 2026, 4:17:20 PM","Faldeo Adrean Falsa","Satwa Liar","Perjumpaan Satwa","","","83.0","","15.0","","","","Tidak tahu","Nuri Pipi Merah - Geoffroyus geoffroyi","","2.0","","","","","","","","","","","","Sehat","","","","","","","","","","","ekor","Tidak Dilindungi","","","","Tidak tahu","","","f38b10c989654c3e832435d165460d06"
"Patrol","15","Apr 8, 2026","2:55:48 PM","118.10689499999998","-8.316840000000001","","May 1, 2026, 4:17:20 PM","Faldeo Adrean Falsa","Tumbuhan","","","","","","","","","","","","Mbune - - Glochidion zeylanicum","","","","","","","","","","","","","","Sehat","","","","","","","","","","","","","","Tumbuhan kayu keras","","","","f38b10c989654c3e832435d165460d06"
"Patrol","15","Apr 8, 2026","2:55:48 PM","118.10689499999998","-8.316840000000001","","May 1, 2026, 4:17:20 PM","Faldeo Adrean Falsa","Ground Check","Tipe Ekosistem","","","","","","","","","","","","","","","","","","Alami","Ekosistem Teresterial","Daratan Rendah (0-1000mdpl)","Hutan Pamah","","","","","","","","","","","","","","","","","","","","","","f38b10c989654c3e832435d165460d06"
"Patrol","15","Apr 8, 2026","2:55:48 PM","118.10689499999998","-8.316840000000001","","May 1, 2026, 4:17:20 PM","Faldeo Adrean Falsa","Ground Check","Tutupan Lahan","","","","","","","","","","","","","","","","Non Open Area","Hutan Monsun","","","","","","","","","","","","","","","","","","","","","","","","","","f38b10c989654c3e832435d165460d06"
"Patrol","15","Apr 8, 2026","2:55:48 PM","118.10689499999998","-8.316840000000001","","May 1, 2026, 4:17:20 PM","Faldeo Adrean Falsa","Tumbuhan","","","","","","","","","","","","Belum Ada di List","","","","","","","","","","","","","","Sehat","","","","","","","","","","","","","","Tumbuhan kayu keras","","","","f38b10c989654c3e832435d165460d06"
"Patrol","15","Apr 8, 2026","2:55:48 PM","118.10689499999998","-8.316840000000001","","May 1, 2026, 4:17:20 PM","Faldeo Adrean Falsa","Satwa Liar","Perjumpaan Satwa","","","99.0","","200.0","","","","Tidak tahu","Cikukua tanduk - Philemon buceroides","","1.0","","","","","","","","","","","","Tidak tahu","","","","","","","","","","","ekor","Tidak Dilindungi","","","","Tidak tahu","","","f38b10c989654c3e832435d165460d06"
"Patrol","15","Apr 8, 2026","2:55:48 PM","118.10689499999998","-8.316840000000001","","May 1, 2026, 4:17:20 PM","Faldeo Adrean Falsa","Tumbuhan","","","","","","","","","","","","Luhu - Walikukun - Schoutenia ovata","","","","","","","","","","","","","","Sehat","","","","","","","","","","","","","","Tumbuhan kayu keras","","","","f38b10c989654c3e832435d165460d06"
"Patrol","15","Apr 8, 2026","2:55:48 PM","118.10689499999998","-8.316840000000001","","May 1, 2026, 4:17:20 PM","Faldeo Adrean Falsa","Tumbuhan","","","","","","","","","","","","Belum Ada di List","","","","Jambu batu","","","","","","","","","","Sehat","","","","","","","","","","","","","","Tumbuhan pakan satwa","","","","f38b10c989654c3e832435d165460d06"
"Patrol","15","Apr 8, 2026","2:55:48 PM","118.10689499999998","-8.316840000000001","","May 1, 2026, 4:17:20 PM","Faldeo Adrean Falsa","Satwa Liar","Perjumpaan Satwa","","","307.0","","300.0","","","","Tidak tahu","Ayam Hutan Hijau - Gallus varius","","1.0","","","","","","","","","","","","Sehat","","","","","","","","","","","ekor","Tidak Dilindungi","","","","Tidak tahu","","","f38b10c989654c3e832435d165460d06"
"Patrol","15","Apr 8, 2026","2:55:48 PM","118.10689499999998","-8.316840000000001","","May 1, 2026, 4:17:20 PM","Faldeo Adrean Falsa","Tumbuhan","","","","","","","","","","","","Monggo Kala - Salam - Syzygium polyanthum","","","","","","","","","","","","","","Sehat","","","","","","","","","","","","","","Tumbuhan kayu keras","","","","f38b10c989654c3e832435d165460d06"
"Patrol","15","Apr 8, 2026","2:55:48 PM","118.10689499999998","-8.316840000000001","","May 1, 2026, 4:17:20 PM","Faldeo Adrean Falsa","Tumbuhan","","","","","","","","","","","","Sori bura - Jambu anum - Syzygium racemosum","","","","","","","","","","","","","","Sehat","","","","","","","","","","","","","","Tumbuhan kayu keras","","","","f38b10c989654c3e832435d165460d06"
"Patrol","14","Apr 8, 2026","1:49:27 PM","118.13467333333334","-8.309023333333332","","May 1, 2026, 4:17:20 PM","Faldeo Adrean Falsa","Aktivitas Manusia","Pengembalaan Ternak","Lanci jaya","Lanci jaya","","","","","","L","","","","","","","","","","","","","","","","","","Plasma","","","","","","","","","","","","","","","","","4d1355f7c64a46159162f06a8383b282"
"Patrol","10","Apr 8, 2026","1:23:02 PM","118.16236666666667","-8.320185","","May 1, 2026, 4:17:20 PM","Faldeo Adrean Falsa","Tumbuhan","","","","","","","","","","","","Sambi - Kesambi - Schleichera oleosa","","","","","","","","","","","","","","Sehat","","","","","","","","","","","","","","Tumbuhan kayu keras","","","","ba57c57fb08046a6a5e3af9639394fb8"
"Patrol","10","Apr 8, 2026","1:23:02 PM","118.16236666666667","-8.320185","","May 1, 2026, 4:17:20 PM","Faldeo Adrean Falsa","Satwa Liar","Perjumpaan Satwa","","","74.0","","10.0","","","","Tidak tahu","Belum ada di list","","1.0","","","","","","","","","","","","Sehat","","","","","","","","","","","ekor","Tidak Dilindungi","","","","Tidak tahu","","","ba57c57fb08046a6a5e3af9639394fb8"
"Patrol","10","Apr 8, 2026","1:23:02 PM","118.16236666666667","-8.320185","","May 1, 2026, 4:17:20 PM","Faldeo Adrean Falsa","Satwa Liar","Perjumpaan Satwa","","","74.0","","10.0","","","","Tidak tahu","Sepah kerdil - Pericrocotus lansbergei","","2.0","","","","","","","","","","","","Sehat","","","","","","","","","","","ekor","Tidak Dilindungi","","","","Tidak tahu","","","ba57c57fb08046a6a5e3af9639394fb8"
"Patrol","10","Apr 8, 2026","1:23:02 PM","118.16236666666667","-8.320185","","May 1, 2026, 4:17:20 PM","Faldeo Adrean Falsa","Satwa Liar","Tanda Satwa","","","","","","","","","","Ayam Hutan Hijau - Gallus varius","","","","","","","","","","","","","","","","","","","","","","","","","","","","","Suara","","Baru (dalam 1 minggu)","","ba57c57fb08046a6a5e3af9639394fb8"
"Patrol","14","Apr 8, 2026","1:20:17 PM","117.90787166666665","-8.345483333333334","","May 1, 2026, 4:17:06 PM","Faldeo Adrean Falsa","Penyuluhan dan Pemberdayaan Masyarakat","Sosialisasi","Desa Soritatangan,Dusun Karyasari","","","","","Penyuluhan dan sosialisasi lainnya","","","","","","","1.0","","Zona Khusus Karyasari ","","","","","","","","","","","","","Karyasari ","","","","","","","individu","","","","","","","","446e8d7a5f304444ac6e08116e5196ed"
"Patrol","4","Apr 8, 2026","1:07:13 PM","118.16106666666668","-8.320923333333333","","May 1, 2026, 4:17:20 PM","Faldeo Adrean Falsa","Satwa Liar","Perjumpaan Satwa","","","225.0","","30.0","","","","Tidak tahu","Belum ada di list","","1.0","","","","","","","","","","","","Sehat","","","","","","","","","","","ekor","Tidak Dilindungi","","","","Tidak tahu","","","5ad4efc0a7784390bfb22b0907755961"
"Patrol","4","Apr 8, 2026","1:07:13 PM","118.16106666666668","-8.320923333333333","","May 1, 2026, 4:17:20 PM","Faldeo Adrean Falsa","Ground Check","Tipe Ekosistem","","","","","","","","","","","","","","","","","","Alami","Ekosistem Teresterial","Daratan Rendah (0-1000mdpl)","Savana","","","","","","","","","","","","","","","","","","","","","","5ad4efc0a7784390bfb22b0907755961"
"Patrol","4","Apr 8, 2026","1:07:13 PM","118.16106666666668","-8.320923333333333","","May 1, 2026, 4:17:20 PM","Faldeo Adrean Falsa","Satwa Liar","Perjumpaan Satwa","","","155.0","","150.0","","","","Tidak tahu","Kirik-kirik australia - Merops ornatus","","5.0","","","","","","","","","","","","Sehat","","","","","","","","","","","ekor","Tidak Dilindungi","","","","Tidak tahu","","","5ad4efc0a7784390bfb22b0907755961"
"Patrol","4","Apr 8, 2026","1:07:13 PM","118.16106666666668","-8.320923333333333","","May 1, 2026, 4:17:20 PM","Faldeo Adrean Falsa","Satwa Liar","Perjumpaan Satwa","","","3.0","","20.0","","","","Tidak tahu","Isap-madu australia - Lichmera indistincta","","1.0","","","","","","","","","","","","Sehat","","","","","","","","","","","ekor","Tidak Dilindungi","","","","Tidak tahu","","","5ad4efc0a7784390bfb22b0907755961"
"Patrol","4","Apr 8, 2026","1:07:13 PM","118.16106666666668","-8.320923333333333","","May 1, 2026, 4:17:20 PM","Faldeo Adrean Falsa","Tumbuhan","","","","","","","","","","","","Ndaru - Weru - Albizia procera","","","","","","","","","","","","","","Sehat","","","","","","","","","","","","","","Tumbuhan kayu keras","","","","5ad4efc0a7784390bfb22b0907755961"
"Patrol","4","Apr 8, 2026","1:07:13 PM","118.16106666666668","-8.320923333333333","","May 1, 2026, 4:17:20 PM","Faldeo Adrean Falsa","Ground Check","Tutupan Lahan","","","","","","","","","","","","","","","","Non Open Area","Savana/ Padang Rumput","","","","","","","","","","","","","","","","","","","","","","","","","","5ad4efc0a7784390bfb22b0907755961"
"Patrol","13","Apr 8, 2026","12:34:11 PM","117.91177833333334","-8.343406666666668","","May 1, 2026, 3:23:28 PM","Faldeo Adrean Falsa","Satwa Liar","Perjumpaan Satwa","","","245.0","","15.0","","","","Tidak tahu","Cucak kutilang - Pycnonotus aurigaster","","3.0","","","","","","","","","","","","","","","","","","","","","","","ekor","Tidak Dilindungi","","","","","","","65c74e32d3b54697b6ad087a45715969"
"Patrol","12","Apr 8, 2026","12:22:26 PM","117.91247999999999","-8.341090000000001","","May 1, 2026, 4:17:06 PM","Faldeo Adrean Falsa","Ground Check","Tutupan Lahan","","","","","","","","","","","","","","","Pelanggaran tipihut perambahan di zona tradisional ","Open Area","Ladang","","","","","","","","","","","","","","","","","","","","","","","","","","06a0a72af0fb44ccacbcaf6deac76b86"
"Patrol","11","Apr 8, 2026","12:21:18 PM","117.91247999999999","-8.341090000000001","","May 1, 2026, 4:17:06 PM","Faldeo Adrean Falsa","Aktivitas Manusia","Penggunaan Kawasan","","","","","","","","","","","","1.0","","Aktif","Pondok perambahan jagung di zona tradisional karya sari ","","","","","","","","","","","","Membuka sendiri","","","","","Ya","","Ya","unit","","","Didokumentasi","Ladang","","Sangat lama (>3bulan)","","464ed4338f214d989f62460afa112321"
"Patrol","3","Apr 8, 2026","12:16:28 PM","118.16488166666667","-8.325664999999999","","May 1, 2026, 4:17:20 PM","Faldeo Adrean Falsa","Aktivitas Manusia","Kebakaran Hutan dan Lahan","","","","","","","","","","","","0.2","","","","","","","","","","","","","","","","","","","","Ya","Non Alami","Ya","hektar","","","Didokumentasi","Bekas kebakaran","","","Alang- alang","73b55409bcfb40a3a4c4fc1bdbb80d04"
"Patrol","10","Apr 8, 2026","12:16:08 PM","117.91245333333333","-8.340668333333333","","May 1, 2026, 4:17:06 PM","Faldeo Adrean Falsa","Aktivitas Manusia","Penggunaan Kawasan","","","","","","","","","","","","10.0","","Aktif","Pembukaan lahan jagung di zona tradisional (zona tidak seharusnya)","","","","","","","","","","","","Membuka sendiri","","","","","Ya","","Ya","hektar","","","Didokumentasi","Ladang","","Sangat lama (>3bulan)","","6a4a6e3a49784e9390519b462413fff5"
"Patrol","9","Apr 8, 2026","12:04:13 PM","117.91183000000001","-8.342493333333334","","May 1, 2026, 4:17:06 PM","Faldeo Adrean Falsa","Tumbuhan","","","","","","","","","","","","Rida - Pulai - Alstonia scholaris","","","","","","","","","","","","","","","","","","","","","","","","","","","","Tumbuhan kayu keras","","","","600cb332e3fa4cd4bff37dde5043b9f6"
"Patrol","7","Apr 8, 2026","12:03:21 PM","117.91183000000001","-8.342493333333334","","May 1, 2026, 4:17:06 PM","Faldeo Adrean Falsa","Tumbuhan","","","","","","","","","","","","Golkar - Kerinyuh - Chromolaena odorata","","","","","","","","","","","","","","","","","","","","","","","","","","","","Tumbuhan Bawah","","","","e18382e222d246eda88867d52f820c75"
"Patrol","7","Apr 8, 2026","12:03:21 PM","117.91183000000001","-8.342493333333334","","May 1, 2026, 4:17:06 PM","Faldeo Adrean Falsa","Tumbuhan","","","","","","","","","","","","Danta ndolo - Mahang - Macaranga tanarius","","","","","","","","","","","","","","","","","","","","","","","","","","","","Tumbuhan pakan satwa","","","","e18382e222d246eda88867d52f820c75"
"Patrol","6","Apr 8, 2026","11:59:18 AM","117.91185166666668","-8.34264","","May 1, 2026, 4:17:06 PM","Faldeo Adrean Falsa","Fitur","Fitur Alami","","","","","","","","","","","","","","","Sungai musiman","","","","","","","","","","","","","","","","","","","Tidak","","","","","Alur","","","","b82d5c3470c44881a933226bccec022f"
"Patrol","5","Apr 8, 2026","11:54:09 AM","117.911845","-8.343121666666667","","May 1, 2026, 4:17:06 PM","Faldeo Adrean Falsa","Fitur","Fitur Alami","","","","","","","","","","","","","","","Sungai","","","","","","","","","","","","","","","","","","","Tidak","","","","","Alur","","","","ac67d4da0e714c24b93b0af63db9c482"
"Patrol","4","Apr 8, 2026","11:52:17 AM","117.91179833333332","-8.343386666666667","","May 1, 2026, 4:17:06 PM","Faldeo Adrean Falsa","Ground Check","Tutupan Lahan","","","","","","","","","","","","","","","Ladang masyarakat ","Open Area","Ladang","","","","","","","","","","","","","","","","","","","","","","","","","","da3e1dbc17d445bd821068d45e17fc37"
"Patrol","2","Apr 8, 2026","11:47:03 AM","118.18331166666667","-8.326303333333334","","May 1, 2026, 3:23:29 PM","Faldeo Adrean Falsa","Satwa Liar","Tanda Satwa","","","","","","","","","","Cikukua tanduk - Philemon buceroides","","","","","","","","","","","","","","","","","","","","","","","","","","","","","Suara","","Baru (dalam 1 minggu)","","87864b24bbdd490188a95d46da603e10"
"Patrol","3","Apr 8, 2026","11:17:52 AM","117.90538999999998","-8.348491666666666","","May 1, 2026, 3:23:28 PM","Faldeo Adrean Falsa","Satwa Liar","Perjumpaan Satwa","","","105.0","","20.0","","","","Tidak tahu","Cucak kutilang - Pycnonotus aurigaster","","4.0","","","Bertengger ","","","","","","","","","Sehat","","","","","","","","","","","ekor","Unknown","","","","Tidak tahu","","","6ba5265c57cf428c81c1ceda37c1a7e1"
"Patrol","2","Apr 8, 2026","11:15:40 AM","117.90538999999998","-8.348491666666666","","May 1, 2026, 4:17:06 PM","Faldeo Adrean Falsa","Ground Check","Tutupan Lahan","","","","","","","","","","","","","","","Jalan rusak sehingga tidak bisa dilalui ","Open Area","Ladang","","","","","","","","","","","","","","","","","","","","","","","","","","a98f2329675a47b3a65879556040ff18"
"Patrol","4","Apr 7, 2026","4:39:43 PM","118.11641333333334","-8.229091666666667","","May 1, 2026, 4:17:20 PM","Faldeo Adrean Falsa","Tumbuhan","","","","","","","","","","","","Tula - Legaran - Alstonia spectabilis","","","","","","","","","","","","","","Sehat","","","","","","","","","","","","","","Tumbuhan kayu keras","","","","7b311b5ac037426883502fece826d399"
"Patrol","4","Apr 7, 2026","4:39:43 PM","118.11641333333334","-8.229091666666667","","May 1, 2026, 4:17:20 PM","Faldeo Adrean Falsa","Tumbuhan","","","","","","","","","","","","Toa - Ketimunan - Timonius timon","","","","","","","","","","","","","","Sehat","","","","","","","","","","","","","","Tumbuhan kayu keras","","","","7b311b5ac037426883502fece826d399"
"Patrol","4","Apr 7, 2026","4:39:43 PM","118.11641333333334","-8.229091666666667","","May 1, 2026, 4:17:20 PM","Faldeo Adrean Falsa","Satwa Liar","Perjumpaan Satwa","","","5.0","","150.0","","","","Tidak tahu","Gelatik-batu kelabu - Parus cinereus","","1.0","","","","","","","","","","","","Sehat","","","","","","","","","","","ekor","Tidak Dilindungi","","","","Tidak tahu","","","7b311b5ac037426883502fece826d399"
"Patrol","4","Apr 7, 2026","4:39:43 PM","118.11641333333334","-8.229091666666667","","May 1, 2026, 4:17:20 PM","Faldeo Adrean Falsa","Ground Check","Tipe Ekosistem","","","","","","","","","","","","","","","","","","Alami","Ekosistem Teresterial","Daratan Rendah (0-1000mdpl)","Savana","","","","","","","","","","","","","","","","","","","","","","7b311b5ac037426883502fece826d399"
"Patrol","4","Apr 7, 2026","4:39:43 PM","118.11641333333334","-8.229091666666667","","May 1, 2026, 4:17:20 PM","Faldeo Adrean Falsa","Satwa Liar","Tanda Satwa","","","","","","","","","","Ayam Hutan Hijau - Gallus varius","","","","","","","","","","","","","","","","","","","","","","","","","","","","","Suara","","Baru (dalam 1 minggu)","","7b311b5ac037426883502fece826d399"
"Patrol","4","Apr 7, 2026","4:39:43 PM","118.11641333333334","-8.229091666666667","","May 1, 2026, 4:17:20 PM","Faldeo Adrean Falsa","Tumbuhan","","","","","","","","","","","","Sareo - Terisi - Albizia lebbekoides","","","","","","","","","","","","","","Sehat","","","","","","","","","","","","","","Tumbuhan kayu keras","","","","7b311b5ac037426883502fece826d399"
"Patrol","4","Apr 7, 2026","4:39:43 PM","118.11641333333334","-8.229091666666667","","May 1, 2026, 4:17:20 PM","Faldeo Adrean Falsa","Tumbuhan","","","","","","","","","","","","Sarume maju - Malaka - Phyllanthus emblica","","","","","","","","","","","","","","Sehat","","","","","","","","","","","","","","Tumbuhan kayu keras","","","","7b311b5ac037426883502fece826d399"
"Patrol","4","Apr 7, 2026","4:39:43 PM","118.11641333333334","-8.229091666666667","","May 1, 2026, 4:17:20 PM","Faldeo Adrean Falsa","Tumbuhan","","","","","","","","","","","","Belum Ada di List","","","","Ncahu wera","","","","","","","","","","Sehat","","","","","","","","","","","","","","Tumbuhan kayu keras","","","","7b311b5ac037426883502fece826d399"
"Patrol","4","Apr 7, 2026","4:39:43 PM","118.11641333333334","-8.229091666666667","","May 1, 2026, 4:17:20 PM","Faldeo Adrean Falsa","Tumbuhan","","","","","","","","","","","","Belum Ada di List","","","","","","","","","","","","","","Sehat","","","","","","","","","","","","","","Tumbuhan kayu keras","","","","7b311b5ac037426883502fece826d399"
"Patrol","4","Apr 7, 2026","4:39:43 PM","118.11641333333334","-8.229091666666667","","May 1, 2026, 4:17:20 PM","Faldeo Adrean Falsa","Tumbuhan","","","","","","","","","","","","Rufe -  - Piliostigma malabaricum","","","","","","","","","","","","","","Sehat","","","","","","","","","","","","","","Tumbuhan kayu keras","","","","7b311b5ac037426883502fece826d399"
"Patrol","4","Apr 7, 2026","4:39:43 PM","118.11641333333334","-8.229091666666667","","May 1, 2026, 4:17:20 PM","Faldeo Adrean Falsa","Satwa Liar","Perjumpaan Satwa","","","349.0","","50.0","","","","Tidak tahu","Srigunting wallacea - Dicrurus densus","","4.0","","","","","","","","","","","","Sehat","","","","","","","","","","","ekor","Tidak Dilindungi","","","","Tidak tahu","","","7b311b5ac037426883502fece826d399"
"Patrol","4","Apr 7, 2026","4:39:43 PM","118.11641333333334","-8.229091666666667","","May 1, 2026, 4:17:20 PM","Faldeo Adrean Falsa","Tumbuhan","","","","","","","","","","","","Sambi - Kesambi - Schleichera oleosa","","","","","","","","","","","","","","Sehat","","","","","","","","","","","","","","Tumbuhan kayu keras","","","","7b311b5ac037426883502fece826d399"
"Patrol","4","Apr 7, 2026","4:39:43 PM","118.11641333333334","-8.229091666666667","","May 1, 2026, 4:17:20 PM","Faldeo Adrean Falsa","Tumbuhan","","","","","","","","","","","","Kerano - Nyawai - Ficus variegata","","","","","","","","","","","","","","Sehat","","","","","","","","","","","","","","Tumbuhan kayu keras","","","","7b311b5ac037426883502fece826d399"
"Patrol","4","Apr 7, 2026","4:39:43 PM","118.11641333333334","-8.229091666666667","","May 1, 2026, 4:17:20 PM","Faldeo Adrean Falsa","Tumbuhan","","","","","","","","","","","","Danta ndolo - Andulpak - Homalanthus giganteus","","","","","","","","","","","","","","Sehat","","","","","","","","","","","","","","Tumbuhan kayu keras","","","","7b311b5ac037426883502fece826d399"
"Patrol","4","Apr 7, 2026","4:39:43 PM","118.11641333333334","-8.229091666666667","","May 1, 2026, 4:17:20 PM","Faldeo Adrean Falsa","Ground Check","Tutupan Lahan","","","","","","","","","","","","","","","","Non Open Area","Savana/ Padang Rumput","","","","","","","","","","","","","","","","","","","","","","","","","","7b311b5ac037426883502fece826d399"
"Patrol","4","Apr 7, 2026","4:39:43 PM","118.11641333333334","-8.229091666666667","","May 1, 2026, 4:17:20 PM","Faldeo Adrean Falsa","Satwa Liar","Tanda Satwa","","","","","","","","","","Cikukua tanduk - Philemon buceroides","","","","","","","","","","","","","","","","","","","","","","","","","","","","","Suara","","Baru (dalam 1 minggu)","","7b311b5ac037426883502fece826d399"
"Patrol","12","Apr 7, 2026","4:05:54 PM","118.05412043","-8.39500624","","May 1, 2026, 4:17:06 PM","Faldeo Adrean Falsa","Aktivitas Manusia","Pengembalaan Ternak","Rora Kab. Bima","Kab. Bima","","","","","","L","","","","","","","","","","","","","","","","","","Dorotabe Barat","","","","","","","","","","","","","","","","","29d41216365440d0a2f6b66b9d1f6d8c"
"Patrol","11","Apr 7, 2026","3:49:38 PM","118.05410438","-8.39502697","","May 1, 2026, 4:17:06 PM","Faldeo Adrean Falsa","Ground Check","Tutupan Lahan","","","","","","","","","","","","","","","","Non Open Area","Semak","","","","","","","","","","","","","","","","","","","","","","","","","","3dc607ac5d244dcdbfb14ac49e072249"
"Patrol","10","Apr 7, 2026","3:45:09 PM","118.05423279","-8.39500808","","May 1, 2026, 4:17:06 PM","Faldeo Adrean Falsa","Ground Check","Tipe Ekosistem","","","","","","","","","","","","","","","","","","Alami","Ekosistem Teresterial","Pegunungan Bawah (1000-1500mdpl)","Hutan Pegunungan Bawah","","","","","","","","","","","","","","","","","","","","","","fce8101ec9364915ad5236e5db292b5d"
"Patrol","9","Apr 7, 2026","3:39:34 PM","118.05425631","-8.3951335","","May 1, 2026, 3:23:25 PM","Faldeo Adrean Falsa","Satwa Liar","Perjumpaan Satwa","","","98.0","","15.0","","","","","Isap-madu australia - Lichmera indistincta","","2.0","","","","","","","","","","","","","","","","","","","","","","","ekor","Tidak Dilindungi","","","","","","","a5ba37a5448d47eabdc824f90a7dc4b8"
"Patrol","8","Apr 7, 2026","3:38:02 PM","118.05425581","-8.39513329","","May 1, 2026, 3:23:25 PM","Faldeo Adrean Falsa","Satwa Liar","Perjumpaan Satwa","","","249.0","","30.0","","","","Tidak tahu","Nuri Pipi Merah - Geoffroyus geoffroyi","","2.0","","","","","","","","","","","","Sehat","","","","","","","","","","","ekor","Dilindungi","","","","Tidak tahu","","","36a8c87253c0431195d0343e4303d466"
"Patrol","7","Apr 7, 2026","3:36:00 PM","118.05426762","-8.39500818","","May 1, 2026, 3:23:25 PM","Faldeo Adrean Falsa","Satwa Liar","Perjumpaan Satwa","","","110.0","","20.0","","","","Tidak tahu","Opior jambul - Heleia dohertyi","","3.0","","","","","","","","","","","","Sehat","","","","","","","","","","","ekor","Tidak Dilindungi","","","","Tidak tahu","","","a614b2a0f948408296da7cb79e8ddc3e"
"Patrol","6","Apr 7, 2026","3:33:32 PM","118.05420828","-8.39494034","","May 1, 2026, 4:17:06 PM","Faldeo Adrean Falsa","Tumbuhan","","","","","","","","","","","","Tula - Legaran - Alstonia spectabilis","","","","","","","","","","","","","","","","","","","","","","","","","","","","Tumbuhan kayu keras","","","","9bb3a7f9999642e49c62d98c5fa2ec53"
"Patrol","3","Apr 7, 2026","3:32:04 PM","118.11761","-8.228703333333334","","May 1, 2026, 3:23:26 PM","Faldeo Adrean Falsa","Satwa Liar","Perjumpaan Satwa","","","7.0","","30.0","","","","Tidak tahu","Bubut alang-alang - Centropus bengalensis","","1.0","","","","","","","","","","","","Sehat","","","","","","","","","","","ekor","Tidak Dilindungi","","","","Tidak tahu","","","18d4d44fc38a411f838724093c03e990"
"Patrol","5","Apr 7, 2026","3:32:01 PM","118.05418409","-8.39492268","","May 1, 2026, 4:17:06 PM","Faldeo Adrean Falsa","Tumbuhan","","","","","","","","","","","","Ndaru - Weru - Albizia procera","","","","","","","","","","","","","","","","","","","","","","","","","","","","Tumbuhan kayu keras","","","","1a159a33ec894353a8bc69772b254b28"
"Patrol","4","Apr 7, 2026","3:30:47 PM","118.05400376","-8.39495557","","May 1, 2026, 4:17:06 PM","Faldeo Adrean Falsa","Tumbuhan","","","","","","","","","","","","Sambi - Kesambi - Schleichera oleosa","","","","","","","","","","","","","","","","","","","","","","","","","","","","Tumbuhan kayu keras","","","","1b4b9d37d6ee4729b368f066861a55a0"
"Patrol","3","Apr 7, 2026","3:28:51 PM","118.05410091","-8.39501419","","May 1, 2026, 4:17:06 PM","Faldeo Adrean Falsa","Tumbuhan","","","","","","","","","","","","Papi - Tesek - Dodonaea viscosa","","","","","","","","","","","","","","","","","","","","","","","","","","","","Tumbuhan fungsi lainnya","","","","8ccb5704843e479cbb32b6a1b190fd56"
"Patrol","2","Apr 7, 2026","3:26:16 PM","118.05410778","-8.39501467","","May 1, 2026, 4:17:06 PM","Faldeo Adrean Falsa","Tumbuhan","","","","","","","","","","","","Sarume maju - Malaka - Phyllanthus emblica","","","","","","","","","","","","","","Sehat","","","","","","","","","","","","","","Tumbuhan pakan satwa","","","","7f17a2313de347a799062b4d281c387a"
"Patrol","2","Apr 7, 2026","3:01:51 PM","118.14225833333333","-8.223719999999998","","May 1, 2026, 4:17:20 PM","Faldeo Adrean Falsa","Fitur","Pal Batas","","","","","","","","","","","","","","","","","","","","","","","Rusak","","","","","","","","TN 206","","","Ya","","","","","Beton","","","","b7a785291b1d416197fd81433ab1e1db"
"Patrol","16","Apr 7, 2026","12:24:31 PM","118.11843729322979","-8.431088184538135","","May 1, 2026, 3:23:24 PM","Faldeo Adrean Falsa","Satwa Liar","Perjumpaan Satwa","","","345.0","","20.0","","","","Tidak tahu","Kirik-kirik australia - Merops ornatus","","1.0","","","","","","","","","","","","Sehat","","","","","","","","","","","ekor","Unknown","","","","Tidak tahu","","","f8247765ad9e4258b38ef9df8d8cbadf"
"Patrol","17","Apr 7, 2026","12:24:27 PM","118.11844969999999","-8.431085729999994","","May 1, 2026, 4:17:06 PM","Faldeo Adrean Falsa","Penyuluhan dan Pemberdayaan Masyarakat","Sosialisasi","So Tompo ","","","","","Penyuluhan dan sosialisasi lainnya","","","","","","","3.0","","","","","","","","","","","","","","","So Tompo ","","","","","","","orang","","","","","","","","32c1d0c55f904101a609d20a51f3eb7c"
"Patrol","14","Apr 7, 2026","12:05:13 PM","118.11812726155472","-8.430998881674629","","May 1, 2026, 4:17:06 PM","Faldeo Adrean Falsa","Ground Check","Tutupan Lahan","","","","","","","","","","","","","","","So Tompo ","Open Area","Semak","","","","","","","","","","","","","","","","","","","","","","","","","","64df663b0fc84d91ad1abbef0ab576e7"
"Patrol","11","Apr 7, 2026","12:05:05 PM","118.11812799","-8.430998830000004","","May 1, 2026, 4:17:06 PM","Faldeo Adrean Falsa","Ground Check","Tutupan Lahan","","","","","","","","","","","","","","","So Tompo ","Open Area","Semak","","","","","","","","","","","","","","","","","","","","","","","","","","6fffd66704234832974fc772f623ab2e"
"Patrol","15","Apr 7, 2026","12:05:04 PM","118.11812799","-8.430998830000004","","May 1, 2026, 4:17:06 PM","Faldeo Adrean Falsa","Tumbuhan","","","","","","","","","","","","Luhu - Walikukun - Schoutenia ovata","","","","4 pohon","","","","","","","","","","Sehat","","","","","","","","","","","","","","Tumbuhan kayu keras","","","","46c8832f3bb04342ab2a230582361a7f"
"Patrol","12","Apr 7, 2026","12:05:03 PM","118.11812799","-8.430998830000004","","May 1, 2026, 4:17:06 PM","Faldeo Adrean Falsa","Tumbuhan","","","","","","","","","","","","Golkar - Kerinyuh - Chromolaena odorata","","","","Semak","","","","","","","","","","Sehat","","","","","","","","","","","","","","Tumbuhan Bawah","","","","0fc9b9c92198478f98b39b862cc820d4"
"Patrol","12","Apr 7, 2026","12:05:03 PM","118.11812799","-8.430998830000004","","May 1, 2026, 4:17:06 PM","Faldeo Adrean Falsa","Tumbuhan","","","","","","","","","","","","Ndaru - Weru - Albizia procera","","","","","","","","","","","","","","Sehat","","","","","","","","","","","","","","Tumbuhan kayu keras","","","","0fc9b9c92198478f98b39b862cc820d4"
"Patrol","10","Apr 7, 2026","12:00:34 PM","118.11901180193283","-8.430638263915188","","May 1, 2026, 4:17:06 PM","Faldeo Adrean Falsa","Penyuluhan dan Pemberdayaan Masyarakat","Sosialisasi","Sumba Barat ","","","","","Penyuluhan dan sosialisasi lainnya","","","","","","","8.0","","Membantu panen jagung lahan masyarakat so tompo","","","","","","","","","","","","","Gera","","","","","","","orang","","","","","","","","f30018fb60e84236953e8442fcb803d8"
"Patrol","9","Apr 7, 2026","11:37:09 AM","118.11967404","-8.43057065","","May 1, 2026, 3:23:23 PM","Faldeo Adrean Falsa","Satwa Liar","Perjumpaan Satwa","","","139.0","","70.0","","","","Tidak tahu","Kirik-kirik laut - Merops philippinus","","1.0","","","Bertengger ","","","","","","","","","Sehat","","","","","","","","","","","ekor","Dilindungi","","","","Tidak tahu","","","04c05ea34fcc49c081069541359cbaaa"
"Patrol","4","Apr 7, 2026","11:27:23 AM","118.11961196","-8.43053261","","May 1, 2026, 4:17:06 PM","Faldeo Adrean Falsa","Tumbuhan","","","","","","","","","","","","Sonokelir - Sonokeling - Dalbergia latifolia","","","","1 buah","","","","","","","","","","Sehat","","","","","","","","","","","","","","Tumbuhan kayu keras","","","","3ca3b5c3f46b4a59bc854a3316162bc1"
"Patrol","4","Apr 7, 2026","11:27:23 AM","118.11961196","-8.43053261","","May 1, 2026, 4:17:06 PM","Faldeo Adrean Falsa","Tumbuhan","","","","","","","","","","","","Jati doro - Simpur - Dillenia pentagyna","","","","1 buah","","","","","","","","","","Sehat","","","","","","","","","","","","","","Tumbuhan kayu keras","","","","3ca3b5c3f46b4a59bc854a3316162bc1"
"Patrol","4","Apr 7, 2026","11:27:23 AM","118.11961196","-8.43053261","","May 1, 2026, 4:17:06 PM","Faldeo Adrean Falsa","Tumbuhan","","","","","","","","","","","","Jati doro - Simpur - Dillenia pentagyna","","","","1 buah","","","","","","","","","","Sehat","","","","","","","","","","","","","","Tumbuhan kayu keras","","","","3ca3b5c3f46b4a59bc854a3316162bc1"
"Patrol","4","Apr 7, 2026","11:27:23 AM","118.11961196","-8.43053261","","May 1, 2026, 4:17:06 PM","Faldeo Adrean Falsa","Tumbuhan","","","","","","","","","","","","Ndaru - Weru - Albizia procera","","","","","","","","","","","","","","Sehat","","","","","","","","","","","","","","Tumbuhan kayu keras","","","","3ca3b5c3f46b4a59bc854a3316162bc1"
"Patrol","4","Apr 7, 2026","11:27:23 AM","118.11961196","-8.43053261","","May 1, 2026, 4:17:06 PM","Faldeo Adrean Falsa","Tumbuhan","","","","","","","","","","","","Luhu - Walikukun - Schoutenia ovata","","","","1 buah","","","","","","","","","","Sehat","","","","","","","","","","","","","","Tumbuhan kayu keras","","","","3ca3b5c3f46b4a59bc854a3316162bc1"
"Patrol","3","Apr 7, 2026","11:20:07 AM","118.11956701","-8.43049812","","May 1, 2026, 3:23:24 PM","Faldeo Adrean Falsa","Satwa Liar","Perjumpaan Satwa","","","185.0","","50.0","","","","Jantan","Ayam Hutan Hijau - Gallus varius","","1.0","","","229 Mdpl","","","","","","","","","Hidup","","","","","","","","","","","ekor","Dilindungi","","","","Dewasa","","","c2843694e08348799c4e818a4c4f41d2"
"Patrol","2","Apr 7, 2026","11:12:57 AM","118.11959839","-8.4304908","","May 1, 2026, 4:17:06 PM","Faldeo Adrean Falsa","Aktivitas Manusia","Penggunaan Kawasan","","","","","","","","","","","","2.0","","Aktif","Perambahan Zona tradisional So Tompo ","","","","","","","","","","","","Lainnya","","","","","Ya","","Ya","hektar","","","Didokumentasi","Pelaku pembukaan lahan","","Diatas 1 tahun","","b6f6edd66d714ace8440aea143ec0dfd"
"Patrol","70","Apr 2, 2026","1:51:58 PM","118.06643000000001","-8.129011666666665","","May 1, 2026, 3:23:38 PM","Faldeo Adrean Falsa","Tumbuhan","","","","","","","","","","","","Sori bura - Jambu anum - Syzygium racemosum","","","","anakan","","","","","","","","","","Sehat","","","","","","","","","","","","","","Tumbuhan kayu keras","","","","36f5fdc653bf49998711171c94f7adb2"
"Patrol","69","Apr 2, 2026","1:50:49 PM","118.06651833333332","-8.12904","","May 1, 2026, 3:23:38 PM","Faldeo Adrean Falsa","Tumbuhan","","","","","","","","","","","","- - Neonauclea calycina","","","","diameter 21cm, tinggi 14m, lebar tajuk 4x3","","","","","","","","","","Sehat","","","","","","","","","","","","","","Tumbuhan fungsi lainnya","","","","1b7e4c8703f1460887ec6ba262a69a5c"
"Patrol","68","Apr 2, 2026","1:48:58 PM","118.06655666666666","-8.129033333333332","","May 1, 2026, 3:23:38 PM","Faldeo Adrean Falsa","Satwa Liar","Perjumpaan Satwa","","","20.0","","12.0","","","","Tidak tahu","Burung-madu sriganti - Cinnyris jugularis","","1.0","","","berkicau","","","","","","","","","Sehat","","","","","","","","","","","ekor","Dilindungi","","","","Dewasa","","","0a9ec3284ccf4a51aba416b7f6b1d5d3"
"Patrol","67","Apr 2, 2026","1:47:21 PM","118.06644333333334","-8.12902","","May 1, 2026, 3:23:38 PM","Faldeo Adrean Falsa","Tumbuhan","","","","","","","","","","","","Pato - Popohan/Getasan - Buchanania arborescens","","","","diameter 65cm, tinggi 22m, lebar tajuk 5x5","","","","","","","","","","Sehat","","","","","","","","","","","","","","Tumbuhan kayu keras","","","","ec7f35632efd4610a74d569df567af2d"
"Patrol","66","Apr 2, 2026","1:45:33 PM","118.06631833333334","-8.129045","","May 1, 2026, 3:23:38 PM","Faldeo Adrean Falsa","Tumbuhan","","","","","","","","","","","","Monggo Kala - Salam - Syzygium polyanthum","","","","diameter 85cm, tinggi 30m, lebar tajuk 6x8m","","","","","","","","","","Sehat","","","","","","","","","","","","","","Tumbuhan kayu keras","","","","e64956f4d2e445baaf9014452e5149a3"
"Patrol","65","Apr 2, 2026","1:44:07 PM","118.06645833333332","-8.12901","","May 1, 2026, 3:23:38 PM","Faldeo Adrean Falsa","Tumbuhan","","","","","","","","","","","","Sala - Bayur - Pterospermum diversifolium","","","","daun bertoreh dalam, bagian bawah daun berwarna lebih terang, anakan","","","","","","","","","","Sehat","","","","","","","","","","","","","","Tumbuhan kayu keras","","","","2e7e9163b4124e0dbac4e23c80dfdbe6"
"Patrol","64","Apr 2, 2026","1:40:22 PM","118.06620333333333","-8.128876666666667","","May 1, 2026, 3:23:38 PM","Faldeo Adrean Falsa","Satwa Liar","Perjumpaan Satwa","","","12.0","","20.0","","","","Tidak tahu","Cekakak Sungai - Todiramphus chloris","","1.0","","","tengger","","","","","","","","","Sehat","","","","","","","","","","","ekor","Tidak Dilindungi","","","","Dewasa","","","8873f72140a14c3faa1d634337f67669"
"Patrol","63","Apr 2, 2026","1:39:10 PM","118.06628","-8.128919999999999","","May 1, 2026, 3:23:38 PM","Faldeo Adrean Falsa","Satwa Liar","Perjumpaan Satwa","","","200.0","","4.0","","","","Tidak tahu","Kupu-kupu","","1.0","","","warna hitam totol putih","","","","","","","","","Sehat","","","","","","","","","","","ekor","Tidak Dilindungi","","","","Tidak tahu","","","055076d559a24636b8d57631e16260da"
"Patrol","62","Apr 2, 2026","1:36:58 PM","118.06622833333334","-8.128858333333334","","May 1, 2026, 3:23:38 PM","Faldeo Adrean Falsa","Tumbuhan","","","","","","","","","","","","Luhu - Walikukun - Schoutenia ovata","","","","diameter 8cm, tinggi 5m, diameter tajuk 3x2m, kulit batang mengelupas tepi daun bergerigi","","","","","","","","","","Sehat","","","","","","","","","","","","","","Tumbuhan kayu keras","","","","5259a14038af4f21b959139e03bc39d2"
"Patrol","61","Apr 2, 2026","1:34:38 PM","118.06616333333335","-8.128908333333333","","May 1, 2026, 3:23:38 PM","Faldeo Adrean Falsa","Tumbuhan","","","","","","","","","","","","Mangge - Asam jawa - Tamarindus indica","","","","kulit batang coklat kehitaman, kulit batang beralur dangkal, diameter 9cm, tinggi 5m","","","","","","","","","","Sehat","","","","","","","","","","","","","","Tumbuhan kayu keras","","","","1bc58dcb5f4a4b468490788500fc6fc4"
"Patrol","60","Apr 2, 2026","1:32:42 PM","118.06622166666666","-8.128981666666666","","May 1, 2026, 3:23:38 PM","Faldeo Adrean Falsa","Tumbuhan","","","","","","","","","","","","Rino - Cenderai - Grewia eriocarpa","","","","batang coklat, bentuk daun lonjong, ujung daun meruncing, kulit batang mengelupas","","","","","","","","","","Sehat","","","","","","","","","","","","","","Tumbuhan Bawah","","","","2983335018c94cbfa582b9424723c750"
"Patrol","59","Apr 2, 2026","1:02:32 PM","118.06217166666666","-8.13245","","May 1, 2026, 3:23:38 PM","Faldeo Adrean Falsa","Satwa Liar","Perjumpaan Satwa","","","190.0","","40.0","","","","Tidak tahu","Cekakak Tunggir Putih - Caridonax fulgidus","","1.0","","","bekicau","","","","","","","","","Sehat","","","","","","","","","","","ekor","Tidak Dilindungi","","","","Dewasa","","","0e92bd894e734b909495edb16ce7234c"
"Patrol","58","Apr 2, 2026","1:00:43 PM","118.06207666666666","-8.132521666666666","","May 1, 2026, 3:23:38 PM","Faldeo Adrean Falsa","Tumbuhan","","","","","","","","","","","","Tumbuhan Tambora","","","","diameter 73cm, tinggi 40m, lebar tajuk 10x10m","","","","","","","","","","Sehat","","","","","","","","","","","","","","Tumbuhan kayu keras","","","","b26b1af2c93e4a738281db070530b0ae"
"Patrol","57","Apr 2, 2026","12:59:03 PM","118.062055","-8.132533333333333","","May 1, 2026, 3:23:38 PM","Faldeo Adrean Falsa","Tumbuhan","","","","","","","","","","","","Mposu - Awar-awar - Ficus septica","","","","anakan","","","","","","","","","","Sehat","","","","","","","","","","","","","","Tumbuhan fungsi lainnya","","","","fc5aad6b63e94bdcb0495bd5b636c30c"
"Patrol","56","Apr 2, 2026","12:57:45 PM","118.06211333333334","-8.13246","","May 1, 2026, 3:23:38 PM","Faldeo Adrean Falsa","Satwa Liar","Tanda Satwa","","","","","","","","","","Kehicap ranting - Hypothymis azurea","","","","","berkicau","","","","","","","","","","","","","","","","","","","","","","","","Suara","","Baru (dalam 1 minggu)","","d42a366c10bc4b37a4b3c78e53cf5930"
"Patrol","55","Apr 2, 2026","12:56:51 PM","118.06200833333332","-8.13252","","May 1, 2026, 3:23:38 PM","Faldeo Adrean Falsa","Tumbuhan","","","","","","","","","","","","Sabia - Cabai jawa - Piper retrofractum","","","","tanaman merambat","","","","","","","","","","Sehat","","","","","","","","","","","","","","Tumbuhan obat","","","","e5995d95b8f64dada8d51441b26d2fd6"
"Patrol","54","Apr 2, 2026","12:55:46 PM","118.06200166666667","-8.132493333333334","","May 1, 2026, 3:23:38 PM","Faldeo Adrean Falsa","Tumbuhan","","","","","","","","","","","","- - Neonauclea calycina","","","","diameter 18cm, tinggi 18m, lebar tajuk 2x2m","","","","","","","","","","Sehat","","","","","","","","","","","","","","Tumbuhan fungsi lainnya","","","","f8b134b80599421e8ea59e15630b9ceb"
"Patrol","53","Apr 2, 2026","12:53:36 PM","118.06201000000001","-8.132489999999999","","May 1, 2026, 3:23:38 PM","Faldeo Adrean Falsa","Tumbuhan","","","","","","","","","","","","Soka - Lempokan - Ardisia javanica","","","","diameter 3cm, tinggi 5m, lebar tajuk 1x1","","","","","","","","","","Sehat","","","","","","","","","","","","","","Tumbuhan kayu keras","","","","8e8e0d50956b46e7abd64bb7c6826fe5"
"Patrol","52","Apr 2, 2026","12:52:08 PM","118.06224166666668","-8.132441666666667","","May 1, 2026, 3:23:38 PM","Faldeo Adrean Falsa","Tumbuhan","","","","","","","","","","","","Pato - Popohan/Getasan - Buchanania arborescens","","","","diameter 10cm, tinggi 10m lebar tajuk 3x2","","","","","","","","","","Sehat","","","","","","","","","","","","","","Tumbuhan kayu keras","","","","6e9ae7e2cf0e4e0dbb1747f99de38ba9"
"Patrol","51","Apr 2, 2026","12:48:34 PM","118.06204333333332","-8.132471666666667","","May 1, 2026, 3:23:38 PM","Faldeo Adrean Falsa","Tumbuhan","","","","","","","","","","","","Rida - Pulai - Alstonia scholaris","","","","diameter 140cm, tinggi 45m, lebar tajuk 10x10m","","","","","","","","","","Sehat","","","","","","","","","","","","","","Tumbuhan obat","","","","7687ca09c6aa435285a2fa5c470d4baf"
"Patrol","50","Apr 2, 2026","12:46:55 PM","118.062145","-8.132451666666666","","May 1, 2026, 3:23:38 PM","Faldeo Adrean Falsa","Tumbuhan","","","","","","","","","","","","Monggo Kala - Salam - Syzygium polyanthum","","","","diameter 85cm, tinggi 35m, lebar tajuk 5x4m","","","","","","","","","","Sehat","","","","","","","","","","","","","","Tumbuhan kayu keras","","","","6c7aadcf4a804d00bba6d888d84e9a10"
"Patrol","49","Apr 2, 2026","12:41:31 PM","118.06254833333332","-8.132386666666667","","May 1, 2026, 3:23:38 PM","Faldeo Adrean Falsa","Tumbuhan","","","","","","","","","","","","Monggo Kala - Salam - Syzygium polyanthum","","","","diameter 44cm, tinggi 22m lebar tajuk 3x2m","","","","","","","","","","Sehat","","","","","","","","","","","","","","Tumbuhan kayu keras","","","","c8e844ed1c4e43758ff62177e3414c79"
"Patrol","48","Apr 2, 2026","12:35:46 PM","118.062805","-8.132113333333333","","May 1, 2026, 3:23:38 PM","Faldeo Adrean Falsa","Tumbuhan","","","","","","","","","","","","Katowi - - Palaquium amboinense","","","","diameter 12cm, tinggi 12m, lebar tajuk 3x2m","","","","","","","","","","Sehat","","","","","","","","","","","","","","Tumbuhan kayu keras","","","","4a70a23047aa43c39bb86636a0ef1738"
"Patrol","47","Apr 2, 2026","12:33:59 PM","118.06268999999999","-8.132101666666667","","May 1, 2026, 3:23:38 PM","Faldeo Adrean Falsa","Tumbuhan","","","","","","","","","","","","Tumbuhan Tambora","","","","duduk daun  menjari 3, kulit batang beralur dangkal warna kulit batang coklat crem, diameter 14cm, tinggi 9, lebar tajuk 2x4","","","","","","","","","","Sehat","","","","","","","","","","","","","","Tumbuhan fungsi lainnya","","","","eebc6faf6a51472eac7dd5b5e8e5b509"
"Patrol","46","Apr 2, 2026","12:31:10 PM","118.06268166666665","-8.132036666666666","","May 1, 2026, 3:23:38 PM","Faldeo Adrean Falsa","Tumbuhan","","","","","","","","","","","","Monggo Kala - Salam - Syzygium polyanthum","","","","diameter 60cm, tinggi 25m lebar tajuk 5x5m","","","","","","","","","","Sehat","","","","","","","","","","","","","","Tumbuhan kayu keras","","","","e651b051145345878df78796c39e6d36"
"Patrol","45","Apr 2, 2026","12:27:34 PM","118.06277166666665","-8.131945","","May 1, 2026, 3:23:38 PM","Faldeo Adrean Falsa","Tumbuhan","","","","","","","","","","","","Rida - Pulai - Alstonia scholaris","","","","diameter 120cm, tinggi 38m lebar tajuk 8x7m","","","","","","","","","","Sehat","","","","","","","","","","","","","","Tumbuhan obat","","","","2908d4f1e8494fc89cb17dfeac2bfe4e"
"Patrol","44","Apr 2, 2026","12:25:53 PM","118.06273166666666","-8.131841666666666","","May 1, 2026, 3:23:38 PM","Faldeo Adrean Falsa","Tumbuhan","","","","","","","","","","","","Owo - Ara ratu - Ficus albipila","","","","berbanir, diameter 45cm, tinggi 28m, lebar tajuk 7x4m","","","","","","","","","","Sehat","","","","","","","","","","","","","","Tumbuhan fungsi lainnya","","","","61596e2fcc464b249654e0ce5c1c3cd5"
"Patrol","43","Apr 2, 2026","12:24:10 PM","118.06278833333333","-8.13189","","May 1, 2026, 3:23:38 PM","Faldeo Adrean Falsa","Tumbuhan","","","","","","","","","","","","Monggo Kala - Salam - Syzygium polyanthum","","","","diameter 56cm, tinggi 30m, lebar tajuk 6x4m","","","","","","","","","","Sehat","","","","","","","","","","","","","","Tumbuhan kayu keras","","","","eac7c9bbc14a400d8abde3ed828bec1a"
"Patrol","42","Apr 2, 2026","12:22:05 PM","118.06268999999999","-8.131730000000001","","May 1, 2026, 3:23:38 PM","Faldeo Adrean Falsa","Tumbuhan","","","","","","","","","","","","Monggo Kala - Salam - Syzygium polyanthum","","","","diameter 120cm, tinggi 35m lebar tajuk 10x10m","","","","","","","","","","Sehat","","","","","","","","","","","","","","Tumbuhan kayu keras","","","","671babff97da4737bcba34946b3bcf6a"
"Patrol","41","Apr 2, 2026","12:20:14 PM","118.06279","-8.131693333333335","","May 1, 2026, 3:23:38 PM","Faldeo Adrean Falsa","Satwa Liar","Tanda Satwa","","","","","","","","","","Cikukua tanduk - Philemon buceroides","","","","","berkicau","","","","","","","","","","","","","","","","","","","","","","","","Suara","","Baru (dalam 1 minggu)","","0c4de5b55a2446d3adf7a6131a32eace"
"Patrol","40","Apr 2, 2026","12:19:23 PM","118.06284499999998","-8.131616666666668","","May 1, 2026, 3:23:38 PM","Faldeo Adrean Falsa","Satwa Liar","Perjumpaan Satwa","","","290.0","","16.0","","","","Tidak tahu","Delimukan zamrud - Chalcophaps indica","","1.0","","","tengger","","","","","","","","","Sehat","","","","","","","","","","","ekor","Tidak Dilindungi","","","","Dewasa","","","e8952b3b8a5043e98618811f3161fcfb"
"Patrol","39","Apr 2, 2026","12:17:22 PM","118.06279833333335","-8.131631666666667","","May 1, 2026, 3:23:38 PM","Faldeo Adrean Falsa","Tumbuhan","","","","","","","","","","","","Tumbuhan Tambora","","","","diameter 120cm, tinggi 36m, lebar tajuk 10x10m","","","","","","","","","","Sehat","","","","","","","","","","","","","","Tumbuhan kayu keras","","","","9f7b5c1e77c448f4867a0045456700be"
"Patrol","38","Apr 2, 2026","12:12:57 PM","118.06303166666666","-8.131693333333335","","May 1, 2026, 3:23:38 PM","Faldeo Adrean Falsa","Tumbuhan","","","","","","","","","","","","Sambi - Kesambi - Schleichera oleosa","","","","diameter 48cm, tinggi 30m, lebar tajuk 5x3m","","","","","","","","","","Sehat","","","","","","","","","","","","","","Tumbuhan kayu keras","","","","2d49075488d843c0920898f6faf45cd5"
"Patrol","37","Apr 2, 2026","12:10:06 PM","118.06331999999999","-8.131478333333332","","May 1, 2026, 3:23:38 PM","Faldeo Adrean Falsa","Tumbuhan","","","","","","","","","","","","Rida - Pulai - Alstonia scholaris","","","","diameter 97cm, tinggi 33m, lebar tajuk 10x8","","","","","","","","","","Sehat","","","","","","","","","","","","","","Tumbuhan obat","","","","ebaafa10e0674724aa61d9c29fac6bdd"
"Patrol","36","Apr 2, 2026","12:07:54 PM","118.06340833333334","-8.131409999999999","","May 1, 2026, 3:23:38 PM","Faldeo Adrean Falsa","Tumbuhan","","","","","","","","","","","","Loa - Trenggulun - Protium javanicum","","","","diameter 60cm, tinggi 24m, lebar tajuk 4x4","","","","","","","","","","Sehat","","","","","","","","","","","","","","Tumbuhan kayu keras","","","","b51cbf88b2bf481f91db4660b032a009"
"Patrol","3","Apr 2, 2026","12:04:36 PM","118.06381666666667","-8.130936666666665","","May 1, 2026, 3:23:38 PM","Faldeo Adrean Falsa","Tumbuhan","","","","","","","","","","","","Safiru doro - Kamala - Mallotus philippensis","","","","kulit batang kream, kulit batang halus, daun agak lebar, diameter 13cm, tinggi 18m","","","","","","","","","","Sehat","","","","","","","","","","","","","","Tumbuhan kayu keras","","","","b2f523cc18fb40839550c8b6e2618309"
"Patrol","3","Apr 2, 2026","12:04:36 PM","118.06381666666667","-8.130936666666665","","May 1, 2026, 3:23:38 PM","Faldeo Adrean Falsa","Tumbuhan","","","","","","","","","","","","Ntana - Katimaha - Kleinhovia hospita","","","","diameter 15cm, rebah","","","","","","","","","","Sakit","","","","","","","","","","","","","","Tumbuhan fungsi lainnya","","","","b2f523cc18fb40839550c8b6e2618309"
"Patrol","3","Apr 2, 2026","12:04:36 PM","118.06381666666667","-8.130936666666665","","May 1, 2026, 3:23:38 PM","Faldeo Adrean Falsa","Tumbuhan","","","","","","","","","","","","Loa - Trenggulun - Protium javanicum","","","","kulit batang warna kream, kulit batang mengelupas, daun lonjong meruncing di ujung daun, aroma pucuk daun seperti mangga, diameter 33cm, tinggi 18m, lebar tajuk 4x3m","","","","","","","","","","Sehat","","","","","","","","","","","","","","Tumbuhan kayu keras","","","","b2f523cc18fb40839550c8b6e2618309"
"Patrol","3","Apr 2, 2026","12:04:36 PM","118.06381666666667","-8.130936666666665","","May 1, 2026, 3:23:38 PM","Faldeo Adrean Falsa","Tumbuhan","","","","","","","","","","","","Feli - Serut - Streblus asper","","","","kulit batang kream, daun kecil ukuran 6x3cm, tepi daun bergelombang","","","","","","","","","","Sehat","","","","","","","","","","","","","","Tumbuhan Bawah","","","","b2f523cc18fb40839550c8b6e2618309"
"Patrol","3","Apr 2, 2026","12:04:36 PM","118.06381666666667","-8.130936666666665","","May 1, 2026, 3:23:38 PM","Faldeo Adrean Falsa","Tumbuhan","","","","","","","","","","","","Luhu - Walikukun - Schoutenia ovata","","","","diameter 41cm, tinggi 32m, lebar tajuk 4x3m","","","","","","","","","","Sehat","","","","","","","","","","","","","","Tumbuhan kayu keras","","","","b2f523cc18fb40839550c8b6e2618309"
"Patrol","3","Apr 2, 2026","12:04:36 PM","118.06381666666667","-8.130936666666665","","May 1, 2026, 3:23:38 PM","Faldeo Adrean Falsa","Tumbuhan","","","","","","","","","","","","Pato - Popohan/Getasan - Buchanania arborescens","","","","kulit batang warna cream, bercak abu, daun seperti mangga, diameter 41cm, tinggi 26m, lebar tajuk5x5m","","","","","","","","","","Sehat","","","","","","","","","","","","","","Tumbuhan kayu keras","","","","b2f523cc18fb40839550c8b6e2618309"
"Patrol","3","Apr 2, 2026","12:04:36 PM","118.06381666666667","-8.130936666666665","","May 1, 2026, 3:23:38 PM","Faldeo Adrean Falsa","Tumbuhan","","","","","","","","","","","","Sareo - Terisi - Albizia lebbekoides","","","","diameter 45cm, tinggi 31m, lebar tajuk 4x3m daun seperti asam","","","","","","","","","","Sehat","","","","","","","","","","","","","","Tumbuhan fungsi lainnya","","","","b2f523cc18fb40839550c8b6e2618309"
"Patrol","3","Apr 2, 2026","12:04:36 PM","118.06381666666667","-8.130936666666665","","May 1, 2026, 3:23:38 PM","Faldeo Adrean Falsa","Tumbuhan","","","","","","","","","","","","Sori bura - Jambu anum - Syzygium racemosum","","","","diameter 5cm, tinggi 4m, lebar tajuk 1x2m","","","","","","","","","","Sehat","","","","","","","","","","","","","","Tumbuhan kayu keras","","","","b2f523cc18fb40839550c8b6e2618309"
"Patrol","3","Apr 2, 2026","12:04:36 PM","118.06381666666667","-8.130936666666665","","May 1, 2026, 3:23:38 PM","Faldeo Adrean Falsa","Tumbuhan","","","","","","","","","","","","Safiru doro - Kamala - Mallotus philippensis","","","","anakan","","","","","","","","","","Sehat","","","","","","","","","","","","","","Tumbuhan kayu keras","","","","b2f523cc18fb40839550c8b6e2618309"
"Patrol","3","Apr 2, 2026","12:04:36 PM","118.06381666666667","-8.130936666666665","","May 1, 2026, 3:23:38 PM","Faldeo Adrean Falsa","Satwa Liar","Tanda Satwa","","","","","","","","","","Kipasan flores - Rhipidura diluta","","","","","berkicau selama beberapa detik","","","","","","","","","","","","","","","","","","","","","","","","Suara","","Baru (dalam 1 minggu)","","b2f523cc18fb40839550c8b6e2618309"
"Patrol","3","Apr 2, 2026","12:04:36 PM","118.06381666666667","-8.130936666666665","","May 1, 2026, 3:23:38 PM","Faldeo Adrean Falsa","Tumbuhan","","","","","","","","","","","","Rida - Pulai - Alstonia scholaris","","","","diameter 73cm, tinggi 22m, lebar tajuk 7x6m","","","","","","","","","","Sehat","","","","","","","","","","","","","","Tumbuhan obat","","","","b2f523cc18fb40839550c8b6e2618309"
"Patrol","3","Apr 2, 2026","12:04:36 PM","118.06381666666667","-8.130936666666665","","May 1, 2026, 3:23:38 PM","Faldeo Adrean Falsa","Satwa Liar","Perjumpaan Satwa","","","270.0","","14.0","","","","Tidak tahu","Burung-madu sriganti - Cinnyris jugularis","","1.0","","","terbang","","","","","","","","","Sehat","","","","","","","","","","","ekor","Tidak Dilindungi","","","","Tidak tahu","","","b2f523cc18fb40839550c8b6e2618309"
"Patrol","3","Apr 2, 2026","12:04:36 PM","118.06381666666667","-8.130936666666665","","May 1, 2026, 3:23:38 PM","Faldeo Adrean Falsa","Tumbuhan","","","","","","","","","","","","Tumbuhan Tambora","","","","daun majemuk berhadapan, bentuk daun lonjong, ujung daun meruncing, anakan","","","","","","","","","","Sehat","","","","","","","","","","","","","","Tumbuhan kayu keras","","","","b2f523cc18fb40839550c8b6e2618309"
"Patrol","3","Apr 2, 2026","12:04:36 PM","118.06381666666667","-8.130936666666665","","May 1, 2026, 3:23:38 PM","Faldeo Adrean Falsa","Tumbuhan","","","","","","","","","","","","Sambi - Kesambi - Schleichera oleosa","","","","kulit batang coklat cream agak kehitaman, kulit batang mengelupas, tepi dai bergelombang ujung daun membulat, diameter 86cm, tinggi total 13m, lebar tajuk 9x8m","","","","","","","","","","Sehat","","","","","","","","","","","","","","Tumbuhan kayu keras","","","","b2f523cc18fb40839550c8b6e2618309"
"Patrol","3","Apr 2, 2026","12:04:36 PM","118.06381666666667","-8.130936666666665","","May 1, 2026, 3:23:38 PM","Faldeo Adrean Falsa","Tumbuhan","","","","","","","","","","","","Tumbuhan Tambora","","","","batang coklat kehitaman, berbanir,  diameter 50cm, tinggi 32m, lebar tajuk 5x4m","","","","","","","","","","Sehat","","","","","","","","","","","","","","Tumbuhan kayu keras","","","","b2f523cc18fb40839550c8b6e2618309"
"Patrol","3","Apr 2, 2026","12:04:36 PM","118.06381666666667","-8.130936666666665","","May 1, 2026, 3:23:38 PM","Faldeo Adrean Falsa","Tumbuhan","","","","","","","","","","","","Owo - Ara ratu - Ficus albipila","","","","berbanir, kulit batang warna krem, daun seperti kemiri, diameter 36, tinggi 28m, lebar tajuk 2x4m","","","","","","","","","","Sehat","","","","","","","","","","","","","","Tumbuhan fungsi lainnya","","","","b2f523cc18fb40839550c8b6e2618309"
"Patrol","3","Apr 2, 2026","12:04:36 PM","118.06381666666667","-8.130936666666665","","May 1, 2026, 3:23:38 PM","Faldeo Adrean Falsa","Tumbuhan","","","","","","","","","","","","Sala - Bayur - Pterospermum diversifolium","","","","diameter 5cm, tinggi 6m, lebar tajuk 2x2m","","","","","","","","","","Sehat","","","","","","","","","","","","","","Tumbuhan kayu keras","","","","b2f523cc18fb40839550c8b6e2618309"
"Patrol","3","Apr 2, 2026","12:04:36 PM","118.06381666666667","-8.130936666666665","","May 1, 2026, 3:23:38 PM","Faldeo Adrean Falsa","Tumbuhan","","","","","","","","","","","","Monggo Kala - Salam - Syzygium polyanthum","","","","kulit batang coklat kehitaman, beralur dangkal, diameter 44cm, tinggi 26m, lebar tajuk 5x6m","","","","","","","","","","Sehat","","","","","","","","","","","","","","Tumbuhan kayu keras","","","","b2f523cc18fb40839550c8b6e2618309"
"Patrol","3","Apr 2, 2026","12:04:36 PM","118.06381666666667","-8.130936666666665","","May 1, 2026, 3:23:38 PM","Faldeo Adrean Falsa","Satwa Liar","Perjumpaan Satwa","","","320.0","","25.0","","","","Tidak tahu","Kirik-kirik laut - Merops philippinus","","2.0","","","terbang","","","","","","","","","Sehat","","","","","","","","","","","ekor","Tidak Dilindungi","","","","Tidak tahu","","","b2f523cc18fb40839550c8b6e2618309"
"Patrol","3","Apr 2, 2026","12:04:36 PM","118.06381666666667","-8.130936666666665","","May 1, 2026, 3:23:38 PM","Faldeo Adrean Falsa","Tumbuhan","","","","","","","","","","","","Tumbuhan Tambora","","","","buah warna kuning, dan seperti pulai, kulit batang kream berbintik coklat","","","","","","","","","","Sehat","","","","","","","","","","","","","","Tumbuhan fungsi lainnya","","","","b2f523cc18fb40839550c8b6e2618309"
"Patrol","3","Apr 2, 2026","12:04:36 PM","118.06381666666667","-8.130936666666665","","May 1, 2026, 3:23:38 PM","Faldeo Adrean Falsa","Satwa Liar","Perjumpaan Satwa","","","","","","","","","Tidak tahu","Kupu-kupu","","1.0","","","warna dominan hitam, putih, punggung warna kuning, pangkal sayap warna merah pink, sayap warna kuning, putih hitam","","","","","","","","","Sehat","","","","","","","","","","","ekor","Tidak Dilindungi","","","","Remaja","","","b2f523cc18fb40839550c8b6e2618309"
"Patrol","3","Apr 2, 2026","12:04:36 PM","118.06381666666667","-8.130936666666665","","May 1, 2026, 3:23:38 PM","Faldeo Adrean Falsa","Tumbuhan","","","","","","","","","","","","Monggo Kala - Salam - Syzygium polyanthum","","","","diameter 75cm, tinggi 30m lebar tajuk 10x5m","","","","","","","","","","Sehat","","","","","","","","","","","","","","Tumbuhan kayu keras","","","","b2f523cc18fb40839550c8b6e2618309"
"Patrol","3","Apr 2, 2026","12:04:36 PM","118.06381666666667","-8.130936666666665","","May 1, 2026, 3:23:38 PM","Faldeo Adrean Falsa","Tumbuhan","","","","","","","","","","","","Tumbuhan Tambora","","","","dau karat","","","","","","","","","","Sehat","","","","","","","","","","","","","","Tumbuhan Bawah","","","","b2f523cc18fb40839550c8b6e2618309"
"Patrol","3","Apr 2, 2026","12:04:36 PM","118.06381666666667","-8.130936666666665","","May 1, 2026, 3:23:38 PM","Faldeo Adrean Falsa","Tumbuhan","","","","","","","","","","","","Monggo Kala - Salam - Syzygium polyanthum","","","","diameter 70cm, tinggi 26, lebar tajuk 10x6m","","","","","","","","","","Sehat","","","","","","","","","","","","","","Tumbuhan kayu keras","","","","b2f523cc18fb40839550c8b6e2618309"
"Patrol","3","Apr 2, 2026","12:04:36 PM","118.06381666666667","-8.130936666666665","","May 1, 2026, 3:23:38 PM","Faldeo Adrean Falsa","Tumbuhan","","","","","","","","","","","","Loka - Lelak - Uvaria rufa","","","","batang warna coklat, bentuk daun lonjong, cabang/ranting berbulu halus","","","","","","","","","","Sehat","","","","","","","","","","","","","","Tumbuhan Bawah","","","","b2f523cc18fb40839550c8b6e2618309"
"Patrol","3","Apr 2, 2026","12:04:36 PM","118.06381666666667","-8.130936666666665","","May 1, 2026, 3:23:38 PM","Faldeo Adrean Falsa","Tumbuhan","","","","","","","","","","","","Sarume ara -  - Acronychia trifoliolata","","","","anakan","","","","","","","","","","Sehat","","","","","","","","","","","","","","Tumbuhan kayu keras","","","","b2f523cc18fb40839550c8b6e2618309"
"Patrol","3","Apr 2, 2026","12:04:36 PM","118.06381666666667","-8.130936666666665","","May 1, 2026, 3:23:38 PM","Faldeo Adrean Falsa","Tumbuhan","","","","","","","","","","","","Lede - Gadung - Dioscorea hispida","","","","daun berhadapan menjadi 3, batang merambat","","","","","","","","","","Sehat","","","","","","","","","","","","","","Tumbuhan Bawah","","","","b2f523cc18fb40839550c8b6e2618309"
"Patrol","3","Apr 2, 2026","12:04:36 PM","118.06381666666667","-8.130936666666665","","May 1, 2026, 3:23:38 PM","Faldeo Adrean Falsa","Tumbuhan","","","","","","","","","","","","Tumbuhan Tambora","","","","kulit batang coklat kehitaman, kulit batang mengelupas, diameter 13cm, tinggi 8m, lebar tajuk 3x2m","","","","","","","","","","Sehat","","","","","","","","","","","","","","Tumbuhan kayu keras","","","","b2f523cc18fb40839550c8b6e2618309"
"Patrol","3","Apr 2, 2026","12:04:36 PM","118.06381666666667","-8.130936666666665","","May 1, 2026, 3:23:38 PM","Faldeo Adrean Falsa","Tumbuhan","","","","","","","","","","","","Katowi - - Palaquium amboinense","","","","diameter 12, tinggi 13, lebar tajuk 3x2m, kulit batang coklat kehitaman, bercak abu","","","","","","","","","","Sehat","","","","","","","","","","","","","","Tumbuhan kayu keras","","","","b2f523cc18fb40839550c8b6e2618309"
"Patrol","3","Apr 2, 2026","12:04:36 PM","118.06381666666667","-8.130936666666665","","May 1, 2026, 3:23:38 PM","Faldeo Adrean Falsa","Satwa Liar","Perjumpaan Satwa","","","220.0","","30.0","","","","Tidak tahu","Nuri Pipi Merah - Geoffroyus geoffroyi","","1.0","","","terbang melintas","","","","","","","","","Sehat","","","","","","","","","","","ekor","Tidak Dilindungi","","","","Tidak tahu","","","b2f523cc18fb40839550c8b6e2618309"
"Patrol","3","Apr 2, 2026","12:04:36 PM","118.06381666666667","-8.130936666666665","","May 1, 2026, 3:23:38 PM","Faldeo Adrean Falsa","Tumbuhan","","","","","","","","","","","","Pato - Popohan/Getasan - Buchanania arborescens","","","","diameter 45cm, tinggi 30m, lebar tajuk 6x4m","","","","","","","","","","Sehat","","","","","","","","","","","","","","Tumbuhan kayu keras","","","","b2f523cc18fb40839550c8b6e2618309"
"Patrol","3","Apr 2, 2026","12:04:36 PM","118.06381666666667","-8.130936666666665","","May 1, 2026, 3:23:38 PM","Faldeo Adrean Falsa","Tumbuhan","","","","","","","","","","","","Na'a - Loa ara - Ficus racemosa","","","","berbuah di batang, warna kulit batang coklat kream, kulit batang mengelupas, diameter 48cm, tinggi 25m, lebar tajuk5x6m","","","","","","","","","","Sehat","","","","","","","","","","","","","","Tumbuhan pakan satwa","","","","b2f523cc18fb40839550c8b6e2618309"
"Patrol","3","Apr 2, 2026","12:04:36 PM","118.06381666666667","-8.130936666666665","","May 1, 2026, 3:23:38 PM","Faldeo Adrean Falsa","Tumbuhan","","","","","","","","","","","","Tumbuhan Tambora","","","","batang berduri","","","","","","","","","","Sehat","","","","","","","","","","","","","","Tumbuhan Bawah","","","","b2f523cc18fb40839550c8b6e2618309"
"Patrol","2","Apr 2, 2026","10:18:28 AM","118.06648500000001","-8.128440000000001","","May 1, 2026, 3:23:38 PM","Faldeo Adrean Falsa","Pengelolaan","Pengelolaan Media informasi","","","","batas kawasan pal beton 40 x 40 cm","","Perawatan media informasi","","","","","","","","","titik batas","","","","","","","","","","","sori nae","","","","","","","","","","","","","Beton","","","","e18fe65f990f4b8b8a121944833e77d3"
"Patrol","8","Mar 5, 2026","6:03:43 PM","117.96754150395513","-8.388482445967464","","May 1, 2026, 4:22:46 PM","Faldeo Adrean Falsa","Tumbuhan","","","","","","","","","","","","Rida - Pulai - Alstonia scholaris","","","","1","","","","","","","","","","Sehat","","","","","","","","","","","","","","Tumbuhan kayu keras","","","","0714eb4bc2094121a3a10a625060d397"
"Patrol","7","Mar 5, 2026","6:01:26 PM","117.96661602499366","-8.388643781009627","","May 1, 2026, 4:22:46 PM","Faldeo Adrean Falsa","Tumbuhan","","","","","","","","","","","","Jati doro - Simpur - Dillenia pentagyna","","","","1","","","","","","","","","","Sehat","","","","","","","","","","","","","","Tumbuhan kayu keras","","","","04e4e59c205a47fea91878ba8845b4f3"
"Patrol","6","Mar 5, 2026","5:31:41 PM","117.96518299659552","-8.388647861051584","","May 1, 2026, 4:22:46 PM","Faldeo Adrean Falsa","Satwa Liar","Perjumpaan Satwa","","","7.0","","50.0","","","","Tidak tahu","Srigunting wallacea - Dicrurus densus","","1.0","","","","","","","","","","","","Sehat","","","","","","","","","","","ekor","Tidak Dilindungi","","","","Remaja","","","360545620587493c80ca717edbae63ca"
"Patrol","5","Mar 5, 2026","5:30:41 PM","117.96518129344008","-8.388644265487162","","May 1, 2026, 4:22:46 PM","Faldeo Adrean Falsa","Satwa Liar","Perjumpaan Satwa","","","267.0","","20.0","","","","Tidak tahu","Kirik-kirik australia - Merops ornatus","","1.0","","","","","","","","","","","","Sehat","","","","","","","","","","","ekor","Tidak Dilindungi","","","","","","","c6cf9d933b61443f8ff237b17db9ee69"
"Patrol","4","Mar 5, 2026","5:09:49 PM","117.96521797409804","-8.388665352143395","","May 1, 2026, 4:22:46 PM","Faldeo Adrean Falsa","Tumbuhan","","","","","","","","","","","","Golkar - Kerinyuh - Chromolaena odorata","","","",">50","","","","","","","","","","Sehat","","","","","","","","","","","","","","Tumbuhan Bawah","","","","dfc324c469144954ab56453c94074de9"
"Patrol","3","Mar 5, 2026","5:07:37 PM","117.96521515338092","-8.388668667659108","","May 1, 2026, 4:22:46 PM","Faldeo Adrean Falsa","Tumbuhan","","","","","","","","","","","","Danta ndolo - Mahang - Macaranga tanarius","","","",">10","","","","","","","","","","Sehat","","","","","","","","","","","","","","Tumbuhan kayu keras","","","","d9779c6118ae48709448b8fbe4d91228"
"Patrol","2","Mar 5, 2026","5:06:02 PM","117.96521400038998","-8.38864593077354","","May 1, 2026, 4:22:46 PM","Faldeo Adrean Falsa","Tumbuhan","","","","","","","","","","","","Sarume maju - Malaka - Phyllanthus emblica","","","",">30","","","","","","","","","","Sehat","","","","","","","","","","","","","","Tumbuhan kayu keras","","","","c7ff5c79536049409717eb6df59e571e"
"Patrol","14","Mar 5, 2026","11:29:59 AM","118.20270833333333","-8.34772","","May 1, 2026, 4:22:47 PM","Faldeo Adrean Falsa","Tumbuhan","","","","","","","","","","","","Bara","","","","","","","","","","","","","","Sehat","","","","","","","","","","","","","","Tumbuhan kayu keras","","","","7bf2b90729c8418fb594a8b89b274edc"
"Patrol","13","Mar 5, 2026","11:27:32 AM","118.20281166666668","-8.347815","","May 1, 2026, 4:22:47 PM","Faldeo Adrean Falsa","Tumbuhan","","","","","","","","","","","","Luhu - Walikukun - Schoutenia ovata","","","","","","","","","","","","","","Sehat","","","","","","","","","","","","","","Tumbuhan kayu keras","","","","e026132f9f5d4000bb1a9561707f684e"
"Patrol","12","Mar 5, 2026","11:24:05 AM","118.20263166666668","-8.347825","","May 1, 2026, 4:22:47 PM","Faldeo Adrean Falsa","Satwa Liar","Perjumpaan Satwa","","","","","","","","","","Elang Ular Jari Pendek - Circaetus gallicus","","2.0","","","","","","","","","","","","","","","","","","","","","","","","Dilindungi","","","","","","","aa5ef43f3405424aab2894382afdf6f2"
"Patrol","11","Mar 5, 2026","11:19:26 AM","118.202695","-8.347548333333332","","May 1, 2026, 4:22:47 PM","Faldeo Adrean Falsa","Tumbuhan","","","","","","","","","","","","Sambi - Kesambi - Schleichera oleosa","","","","","","","","","","","","","","Sehat","","","","","","","","","","","","","","Tumbuhan kayu keras","","","","a6a63b11ded048d983b523fbb9d0692d"
"Patrol","10","Mar 5, 2026","11:16:56 AM","118.20254166666668","-8.347808333333335","","May 1, 2026, 4:22:47 PM","Faldeo Adrean Falsa","Fitur","Fitur Alami","","","","","","","","","","","","","","","Goa","","","","","","","","","","","","","","","","","","","Tidak","","","","","Tampungan atau genangan air","","","","a360cc2d52da4918a516031552fc4821"
"Patrol","9","Mar 5, 2026","11:15:49 AM","118.20258333333335","-8.347811666666667","","May 1, 2026, 4:22:47 PM","Faldeo Adrean Falsa","Ground Check","Tipe Ekosistem","","","","","","","","","","","","","","","","","","Alami","Ekosistem Teresterial","Daratan Rendah (0-1000mdpl)","Hutan Pamah","","","","","","","","","","","","","","","","","","","","","","72b3131665c24597a0f8300b781853df"
"Patrol","8","Mar 5, 2026","11:13:04 AM","118.20254166666668","-8.34782","","May 1, 2026, 4:22:47 PM","Faldeo Adrean Falsa","Satwa Liar","Perjumpaan Satwa","","","","","","","","","Tidak tahu","Walet tenggara - Collocalia sumbawae","","","","","","","","","","","","","","Hidup","","","","","","","","","","","","Unknown","","","","Tidak tahu","","","8012d7521548497ca4165e6984886a5d"
"Patrol","7","Mar 5, 2026","11:12:02 AM","118.20256666666667","-8.347801666666667","","May 1, 2026, 4:22:47 PM","Faldeo Adrean Falsa","Tumbuhan","","","","","","","","","","","","Luhu - Walikukun - Schoutenia ovata","","","","","","","","","","","","","","Sehat","","","","","","","","","","","","","","Tumbuhan kayu keras","","","","090697a5e2cc49818231db7e97362c08"
"Patrol","6","Mar 5, 2026","11:10:59 AM","118.20257500000001","-8.347831666666668","","May 1, 2026, 4:22:47 PM","Faldeo Adrean Falsa","Tumbuhan","","","","","","","","","","","","Due - Beringin - Ficus benjamina","","","","","","","","","","","","","","Sehat","","","","","","","","","","","","","","Tumbuhan kayu keras","","","","c45f8b242d394022a1b711713734ec65"
"Patrol","5","Mar 5, 2026","11:08:37 AM","118.20279833333333","-8.347786666666668","","May 1, 2026, 4:22:47 PM","Faldeo Adrean Falsa","Fitur","Pal Batas","","","","","","","","","","","","","","","","","","","","","","","Baik","","","","","","","","TN 403","","","Tidak","","","","","Beton","","","","7875238adc9a43cea669f1965113e90e"
"Patrol","4","Mar 5, 2026","10:34:26 AM","118.21122333333332","-8.339646666666665","","May 1, 2026, 4:22:47 PM","Faldeo Adrean Falsa","Satwa Liar","Perjumpaan Satwa","","","","","","","","","Tidak tahu","Elang Bondol - Haliastur indus","","","","","","","","","","","","","","Sehat","","","","","","","","","","","","Dilindungi","","","","","","","e20f694629634861b5b9d5a7ca82a2eb"
"Patrol","8","Mar 4, 2026","5:28:47 PM","118.12681891390595","-8.437964205219885","","May 1, 2026, 4:22:46 PM","Faldeo Adrean Falsa","Penyuluhan dan Pemberdayaan Masyarakat","Anjangsana","","","","","","Anjangsana","","","","","","","","","Melakukan anjangsana dengan kepala dusun So Tompo","","","","","","","","","","","","","","Hasanudin  Kepala Dusun So Tompo","","","","","","","","","","","","","","4359c87651c34667a113035810d4a680"
"Patrol","7","Mar 4, 2026","5:25:36 PM","118.12630585939267","-8.438178436789034","","May 1, 2026, 4:22:46 PM","Faldeo Adrean Falsa","Fitur","Pal Batas","","","","","","","","","","","","","","","","","","","","","","","Baik","","","","","","","","548 a","","","Tidak","","","","","Beton","","","","3304e878e43f4dd4b0acb32b057b4d35"
"Patrol","5","Mar 4, 2026","4:32:08 PM","118.12666892436057","-8.420585233771925","","May 1, 2026, 4:22:46 PM","Faldeo Adrean Falsa","Aktivitas Manusia","Perburuan Satwa","","","","","","","","","","Kepudang kuduk-hitam - Oriolus chinensis","","2.0","","Aktif","Sukadamai Lanci Manggelewa","","","","","","","","","","","","","","","","","Ya","","Ya","ekor","","","Disita","Pemburu","","Baru (dalam 1 minggu)","","42e167a6f66f498d9a5fa8530710539c"
"Patrol","4","Mar 4, 2026","4:14:39 PM","118.12678117585268","-8.420386590132171","","May 1, 2026, 4:22:46 PM","Faldeo Adrean Falsa","Penyuluhan dan Pemberdayaan Masyarakat","Sosialisasi","Tolokalo Rasa Bou","","","","","Penyuluhan dan sosialisasi lainnya","","","","","","","2.0","","Masyarakat yang melakukan kegiatan berkebun di Zona Tradisional","","","","","","","","","","","","","Indradi Nasrullah","","","","","","","orang","","","","","","","","cbb67312a1ad46af8e67b751dd68962c"
"Patrol","3","Mar 4, 2026","3:29:41 PM","118.12409511575399","-8.421147185006937","","May 1, 2026, 4:22:46 PM","Faldeo Adrean Falsa","Aktivitas Manusia","Penggunaan Kawasan","","","","","","","","","","","","50.0","","Aktif","Perambahan di Zona Tradisional merupakan permasalahan yang sudah terjadi cukup lama","","","","","","","","","","","","Ganti Rugi","","","","","Ya","","Ya","hektar","","","Dilaporkan","Kebun","","Diatas 1 tahun","","a78c053e4c3044d78dd100fdba61c841"
"Patrol","5","Mar 4, 2026","11:41:34 AM","118.12094166666665","-8.165648333333333","","May 1, 2026, 4:22:47 PM","Faldeo Adrean Falsa","Tumbuhan","","","","","","","","","","","","Luhu - Walikukun - Schoutenia ovata","","","","","","","","","","","","","","Sehat","","","","","","","","","","","","","","Tumbuhan kayu keras","","","","083dd971513543d9892ef9958bd88ee2"
"Patrol","4","Mar 4, 2026","11:40:02 AM","118.12096500000001","-8.165556666666667","","May 1, 2026, 4:22:47 PM","Faldeo Adrean Falsa","Tumbuhan","","","","","","","","","","","","Sonokelir - Sonokeling - Dalbergia latifolia","","","","","","","","","","","","","","Mati","","","","","","","","","","","","","","Tumbuhan kayu keras","","","","479b679fa75f4b0888be96eaa34375a6"
"Patrol","5","Mar 3, 2026","4:40:33 PM","118.12061853857483","-8.433898080604074","","May 1, 2026, 4:22:46 PM","Faldeo Adrean Falsa","Fitur","Pal Batas","","","","","","","","","","","","","","","Pal Batas dalam kondisi baik","","","","","","","","Baik","","","","","","","","558","","","Tidak","","","","","Beton","","","","93af0f3aff7540ddbb5ea7998f09f0fc"
"Patrol","4","Mar 3, 2026","4:06:54 PM","118.11907325190535","-8.428189163591929","","May 1, 2026, 4:22:45 PM","Faldeo Adrean Falsa","Aktivitas Manusia","Penggunaan Kawasan","","","","","","","","","","","","50.0","","Aktif","Perambahan yang terjadi sudahh sangat lama","","","","","","","","","","","","Ganti Rugi","","","","","Ya","","Ya","hektar","","","Dilaporkan","Kebun","","Diatas 1 tahun","","4876628f8b904b058a2d81c1c16f301d"
"Patrol","3","Mar 3, 2026","3:18:09 PM","118.12097699509125","-8.434113214288404","","May 1, 2026, 4:22:45 PM","Faldeo Adrean Falsa","Penyuluhan dan Pemberdayaan Masyarakat","Sosialisasi","So Tompo","","","","","Penyuluhan dan sosialisasi lainnya","","","","","","","3.0","","Penyuluhan terhadap masyarakat","","","","","","","","","","","","","Kelompok Tani","","","","","","","orang","","","","","","","","55f35e37c9f9491d94fe6965334f6815"
"Patrol","13","Mar 3, 2026","3:09:43 PM","118.14288666666668","-8.223071666666668","","May 1, 2026, 4:22:47 PM","Faldeo Adrean Falsa","Fitur","Pal Batas","","","","","","","","","","","","","","","Bagian beton sudah runtuh ","","","","","","","","Rusak","","","","","","","","TN 205","","","Ya","","","","","Beton","","","","8cfacb77a44b4d2db2aba3bf6fb504f9"
"Patrol","12","Mar 3, 2026","3:07:56 PM","118.14265166666668","-8.223408333333333","","May 1, 2026, 4:22:47 PM","Faldeo Adrean Falsa","Tumbuhan","","","","","","","","","","","","Akasia Daun Kecil - Acacia aulicoliformes","","","","","","","","","","","","","","Sehat","","","","","","","","","","","","","","Tumbuhan kayu keras","","","","6e8028019f05460eae1bd4036b804a5b"
"Patrol","9","Mar 3, 2026","2:47:42 PM","118.14224","-8.223764999999998","","May 1, 2026, 4:22:47 PM","Faldeo Adrean Falsa","Fitur","Pal Batas","","","","","","","","","","","","","","","Retak di bagian pinggir beton","","","","","","","","Rusak","","","","","","","","TN 206","","","Tidak","","","","","Beton","","","","a0885a3e5ad54e288898dcb8cb1bf2ff"
"Patrol","9","Mar 3, 2026","2:47:42 PM","118.14224","-8.223764999999998","","May 1, 2026, 4:22:47 PM","Faldeo Adrean Falsa","Satwa Liar","Perjumpaan Satwa","","","","","","","","","Jantan","Ayam Hutan Hijau - Gallus varius","","1.0","","","","","","","","","","","","","","","","","","","","","","","","Unknown","","","","","","","a0885a3e5ad54e288898dcb8cb1bf2ff"
"Patrol","9","Mar 3, 2026","2:47:42 PM","118.14224","-8.223764999999998","","May 1, 2026, 4:22:47 PM","Faldeo Adrean Falsa","Satwa Liar","Perjumpaan Satwa","","","","","5.0","","","","","Sikep Madu Asia - Pernis ptilorhynchus","","","","","","","","","","","","","","","","","","","","","","","","","","Unknown","","","","","","","a0885a3e5ad54e288898dcb8cb1bf2ff"
"Patrol","8","Mar 3, 2026","2:30:53 PM","118.14261499999999","-8.223398333333334","","May 1, 2026, 4:22:47 PM","Faldeo Adrean Falsa","Fitur","Media Informasi","","","","","","","","","","","","","","","","","","","","","","","","","","","","","","","","","","Tidak","","","","","Papan informasi","","","","1e31a7586eba47f7816679114a9c14c2"
"Patrol","7","Mar 3, 2026","2:29:58 PM","118.14262666666667","-8.223416666666667","","May 1, 2026, 4:22:47 PM","Faldeo Adrean Falsa","Tumbuhan","","","","","","","","","","","","Safare Bura","","","","","","","","","","","","","","","","","","","","","","","","","","","","Tumbuhan kayu keras","","","","b7fa1e22b9d943309d62a4a81d5fa82e"
"Patrol","6","Mar 3, 2026","2:26:23 PM","118.14241833333332","-8.223510000000001","","May 1, 2026, 4:22:47 PM","Faldeo Adrean Falsa","Ground Check","Tutupan Lahan","","","","","","","","","","","","","","","","Open Area","Savana/ Padang Rumput","","","","","","","","","","","","","","","","","","","","","","","","","","9951160434c94b0db32513716b5ab619"
"Patrol","5","Mar 3, 2026","2:24:17 PM","118.14241666666666","-8.223505","","May 1, 2026, 4:22:47 PM","Faldeo Adrean Falsa","Ground Check","Tipe Ekosistem","","","","","","","","","","","","","","","","","","Alami","Ekosistem Teresterial","Daratan Rendah (0-1000mdpl)","Padang Rumput","","","","","","","","","","","","","","","","","","","","","","681ddfb8ba0c4588a71c47ce52499fbd"
"Patrol","4","Mar 3, 2026","2:22:24 PM","118.14249","-8.223521666666667","","May 1, 2026, 4:22:47 PM","Faldeo Adrean Falsa","Tumbuhan","","","","","","","","","","","","Rangga - Bidara - Ziziphus mauritiana","","","","","","","","","","","","","","Sehat","","","","","","","","","","","","","","Tumbuhan kayu keras","","","","8b8cda7f437c45669120ffae4b80c3d1"
"Patrol","12","Mar 2, 2026","10:21:49 PM","118.21109","-8.336643333333335","","May 1, 2026, 4:22:47 PM","Faldeo Adrean Falsa","Fitur","Pal Batas","","","","","","","","","","","","","","","","","","","","","","","Baik","","","","","","","","379","","","Tidak","","","","","Beton","","","","44581b436111449a8d22b08ede75c0ef"
"Patrol","1","Mar 2, 2026","12:00:00 AM","117.964629633","-8.40155","","May 1, 2026, 4:22:45 PM","Faldeo Adrean Falsa","Aktivitas Manusia","Penggunaan Kawasan","","","","","","","","","","","","","","Aktif","","","","","","","","","","","","","Membuka sendiri","","","","","Bukan","","Tidak","","","","Peringatan lisan/pembinaan","Ladang","","","","847bbbe42d7b44d293e01bb73936b9a0"
"Patrol","2","Mar 2, 2026","12:00:00 AM","117.965266","-8.412157","","May 1, 2026, 4:22:45 PM","Faldeo Adrean Falsa","Penyuluhan dan Pemberdayaan Masyarakat","Sosialisasi","","","","","","Penyuluhan dan sosialisasi lainnya","","","","","","","2.0","","Tim memberikan himbauan dan peringatan tegas agar anjing mereka di ikat dan tidak dilepas liarkan","","","","","","","","","","","","","","","","","","","","orang","","","","","","","","58710f4778104f0fa8e4d75d6dc573b3"
"Patrol","18","Feb 19, 2026","10:28:17 AM","118.14163873","-8.21731086","","May 1, 2026, 3:23:12 PM","Faldeo Adrean Falsa","Satwa Liar","Perjumpaan Satwa","","","","","1500.0","","","","Tidak tahu","Elang","","1.0","","","","","","","","","","","","Sehat","","","","","","","","","","","ekor","Dilindungi","","","","Tidak tahu","","","cbe7144528be4202be1160c017f6637b"
"Patrol","17","Feb 19, 2026","10:00:18 AM","118.1394803","-8.21809916","","May 1, 2026, 3:23:11 PM","Faldeo Adrean Falsa","Tumbuhan","","","","","","","","","","","","Loka - Lelak - Uvaria rufa","","","","","","","","","","","","","","Sehat","","","","","","","","","","","","","","Tumbuhan kayu keras","","","","53701c6428b74983b02f8d96e5580cbb"
"Patrol","16","Feb 19, 2026","9:58:50 AM","118.13940661","-8.21837262","","May 1, 2026, 3:23:12 PM","Faldeo Adrean Falsa","Tumbuhan","","","","","","","","","","","","Sarume maju - Malaka - Phyllanthus emblica","","","","","","","","","","","","","","Tumbang","","","","","","","","","","","","","","Tumbuhan kayu keras","","","","68f76e709d8441f1b27f22708c0633a9"
"Patrol","15","Feb 19, 2026","9:56:13 AM","118.1394579","-8.219013","","May 1, 2026, 3:23:12 PM","Faldeo Adrean Falsa","Tumbuhan","","","","","","","","","","","","Mangge - Asam jawa - Tamarindus indica","","","","","","","","","","","","","","Sehat","","","","","","","","","","","","","","Tumbuhan kayu keras","","","","e6360d303462498dbfb331d9f8cb8cad"
"Patrol","14","Feb 19, 2026","9:51:27 AM","118.1405353","-8.21797055","","May 1, 2026, 3:23:12 PM","Faldeo Adrean Falsa","Tumbuhan","","","","","","","","","","","","Rufe -  - Piliostigma malabaricum","","","","","","","","","","","","","","Sehat","","","","","","","","","","","","","","Tumbuhan kayu keras","","","","7445f4e56cec4c8fb4e0b75351d7fb0e"
"Patrol","13","Feb 19, 2026","9:48:17 AM","118.14120681","-8.21784092","","May 1, 2026, 3:23:12 PM","Faldeo Adrean Falsa","Tumbuhan","","","","","","","","","","","","Due - Beringin - Ficus benjamina","","","","","","","","","","","","","","Sehat","","","","","","","","","","","","","","Tumbuhan kayu keras","","","","1770a5f37b4b472ab0ed986eff9f75cf"
"Patrol","12","Feb 19, 2026","9:46:46 AM","118.14117939","-8.21777893","","May 1, 2026, 3:23:12 PM","Faldeo Adrean Falsa","Tumbuhan","","","","","","","","","","","","Sambi - Kesambi - Schleichera oleosa","","","","","","","","","","","","","","Sehat","","","","","","","","","","","","","","Tumbuhan kayu keras","","","","c169e13c2b924fe59daeabad398342c7"
"Patrol","11","Feb 19, 2026","9:23:08 AM","118.14180835","-8.21760162","","May 1, 2026, 3:23:12 PM","Faldeo Adrean Falsa","Tumbuhan","","","","","","","","","","","","Danta ndolo - Mahang - Macaranga tanarius","","","","","","","","","","","","","","Sehat","","","","","","","","","","","","","","Tumbuhan kayu keras","","","","1749cbe62b8c4c3f947446c8aace1ed6"
"Patrol","10","Feb 19, 2026","9:19:08 AM","118.1422609","-8.21762055","","May 1, 2026, 3:23:12 PM","Faldeo Adrean Falsa","Aktivitas Manusia","Pengembalaan Ternak","","","","","","","","Tidak tahu","","","","","","","","","","","","","","","","","","Pemulihan Ekosistem (PE)","","","","","","","","","","","","","","","","","a2688b34c1004a739d4c4417aa74c7da"
"Patrol","9","Feb 19, 2026","9:17:13 AM","118.14216286","-8.2176312","","May 1, 2026, 3:23:12 PM","Faldeo Adrean Falsa","Tumbuhan","","","","","","","","","","","","Rangga - Bidara - Ziziphus mauritiana","","","","","","","","","","","","","","Sehat","","","","","","","","","","","","","","Tumbuhan kayu keras","","","","d0ddb3d1c760414cae9b99dd9de11bfa"
"Patrol","8","Feb 19, 2026","9:14:11 AM","118.14216365","-8.21762919","","May 1, 2026, 3:23:11 PM","Faldeo Adrean Falsa","Ground Check","Tutupan Lahan","","","","","","","","","","","","","","","","Open Area","Savana/ Padang Rumput","","","","","","","","","","","","","","","","","","","","","","","","","","895467b57a494148832dbf637964c0b4"
"Patrol","7","Feb 19, 2026","9:13:20 AM","118.14215676","-8.21764287","","May 1, 2026, 3:23:11 PM","Faldeo Adrean Falsa","Ground Check","Tipe Ekosistem","","","","","","","","","","","","","","","","","","Alami","Ekosistem Teresterial","Daratan Rendah (0-1000mdpl)","Padang Rumput","","","","","","","","","","","","","","","","","","","","","","5361ba9edda64c24b281e5e9bf979d8e"
"Patrol","6","Feb 19, 2026","9:12:01 AM","118.14216846","-8.21766215","","May 1, 2026, 3:23:12 PM","Faldeo Adrean Falsa","Tumbuhan","","","","","","","","","","","","Teride - Tembelekan - Lantana camara","","","","","","","","","","","","","","Sehat","","","","","","","","","","","","","","Tumbuhan kayu keras","","","","e4165832c1dc482696deb400424ed7ad"
"Patrol","5","Feb 19, 2026","9:08:46 AM","118.14216471","-8.21765893","","May 1, 2026, 3:23:11 PM","Faldeo Adrean Falsa","Tumbuhan","","","","","","","","","","","","Tula - Legaran - Alstonia spectabilis","","","","","","","","","","","","","","Sehat","","","","","","","","","","","","","","Tumbuhan kayu keras","","","","4460681d8b234d2b91927e6a559ab0bf"
"Patrol","4","Feb 19, 2026","9:06:12 AM","118.14185247","-8.21760417","","May 1, 2026, 3:23:12 PM","Faldeo Adrean Falsa","Fitur","Fitur Alami","","","","","","","","","","","","","","","Sungai mati/jurang","","","","","","","","","","","","","","","","","","","Tidak","","","","","Alur","","","","d915fa76507448bd8425d3d85e14a923"
"Patrol","3","Feb 19, 2026","9:00:40 AM","118.14186722","-8.21719976","","May 1, 2026, 3:23:12 PM","Faldeo Adrean Falsa","Tumbuhan","","","","","","","","","","","","Sarume maju - Malaka - Phyllanthus emblica","","","","","","","","","","","","","","Sehat","","","","","","","","","","","","","","Tumbuhan kayu keras","","","","b57a5989df90488a9d7434526a9b2769"
"Patrol","2","Feb 19, 2026","8:58:58 AM","118.14161056","-8.21734685","","May 1, 2026, 3:23:12 PM","Faldeo Adrean Falsa","Tumbuhan","","","","","","","","","","","","Sarume maju - Malaka - Phyllanthus emblica","","","","","","","","","","","","","","Sehat","","","","","","","","","","","","","","Tumbuhan kayu keras","","","","590d9595e52d4f32aafc356ac2b6d7b2"
"Patrol","2","Feb 12, 2026","5:00:58 PM","117.82519166666667","-8.347901666666667","","May 1, 2026, 3:53:22 PM","Faldeo Adrean Falsa","Ground Check","Tutupan Lahan","","","","","","","","","","","","","","","","Non Open Area","Hutan Hujan","","","","","","","","","","","","","","","","","","","","","","","","","","14cdb45a877348319a5351828d2bc603"
"Patrol","2","Feb 12, 2026","5:00:58 PM","117.82519166666667","-8.347901666666667","","May 1, 2026, 3:53:22 PM","Faldeo Adrean Falsa","Tumbuhan","","","","","","","","","","","","Kananga bura - - Gmelina elliptica","","","","3 individu","","","","","","","","","","Sehat","","","","","","","","","","","","","","Tumbuhan kayu keras","","","","14cdb45a877348319a5351828d2bc603"
"Patrol","2","Feb 12, 2026","5:00:58 PM","117.82519166666667","-8.347901666666667","","May 1, 2026, 3:53:22 PM","Faldeo Adrean Falsa","Tumbuhan","","","","","","","","","","","","Mposu - Awar-awar - Ficus septica","","","","3 individu","","","","","","","","","","Sehat","","","","","","","","","","","","","","Tumbuhan kayu keras","","","","14cdb45a877348319a5351828d2bc603"
"Patrol","2","Feb 12, 2026","5:00:58 PM","117.82519166666667","-8.347901666666667","","May 1, 2026, 3:53:22 PM","Faldeo Adrean Falsa","Tumbuhan","","","","","","","","","","","","Sareo - Terisi - Albizia lebbekoides","","","","7 individu","","","","","","","","","","Sehat","","","","","","","","","","","","","","Tumbuhan kayu keras","","","","14cdb45a877348319a5351828d2bc603"
"Patrol","2","Feb 12, 2026","5:00:58 PM","117.82519166666667","-8.347901666666667","","May 1, 2026, 3:53:22 PM","Faldeo Adrean Falsa","Ground Check","Tipe Ekosistem","","","","","","","","","","","","","","","","","","Alami","Ekosistem Teresterial","Daratan Rendah (0-1000mdpl)","Pamah","","","","","","","","","","","","","","","","","","","","","","14cdb45a877348319a5351828d2bc603"
"Patrol","2","Feb 12, 2026","5:00:58 PM","117.82519166666667","-8.347901666666667","","May 1, 2026, 3:53:22 PM","Faldeo Adrean Falsa","Tumbuhan","","","","","","","","","","","","Tula - Legaran - Alstonia spectabilis","","","","3 individu","","","","","","","","","","Sehat","","","","","","","","","","","","","","Tumbuhan kayu keras","","","","14cdb45a877348319a5351828d2bc603"
"Patrol","2","Feb 12, 2026","5:00:58 PM","117.82519166666667","-8.347901666666667","","May 1, 2026, 3:53:22 PM","Faldeo Adrean Falsa","Tumbuhan","","","","","","","","","","","","Jati doro - Simpur - Dillenia pentagyna","","","","1 individu","","","","","","","","","","Sehat","","","","","","","","","","","","","","Tumbuhan kayu keras","","","","14cdb45a877348319a5351828d2bc603"
"Patrol","2","Feb 12, 2026","5:00:58 PM","117.82519166666667","-8.347901666666667","","May 1, 2026, 3:53:22 PM","Faldeo Adrean Falsa","Tumbuhan","","","","","","","","","","","","Due - Beringin - Ficus benjamina","","","","Terdapat 2 individu","","","","","","","","","","Sehat","","","","","","","","","","","","","","Tumbuhan kayu keras","","","","14cdb45a877348319a5351828d2bc603"
"Patrol","2","Feb 12, 2026","5:00:58 PM","117.82519166666667","-8.347901666666667","","May 1, 2026, 3:53:22 PM","Faldeo Adrean Falsa","Tumbuhan","","","","","","","","","","","","Toa - Ketimunan - Timonius timon","","","","5 individu","","","","","","","","","","Sehat","","","","","","","","","","","","","","Tumbuhan fungsi lainnya","","","","14cdb45a877348319a5351828d2bc603"
"Patrol","2","Feb 12, 2026","5:00:58 PM","117.82519166666667","-8.347901666666667","","May 1, 2026, 3:53:22 PM","Faldeo Adrean Falsa","Tumbuhan","","","","","","","","","","","","Sambi - Kesambi - Schleichera oleosa","","","","10 individu","","","","","","","","","","Sehat","","","","","","","","","","","","","","Tumbuhan kayu keras","","","","14cdb45a877348319a5351828d2bc603"
"Patrol","14","Feb 12, 2026","2:57:50 PM","118.17264166666668","-8.289445","","May 1, 2026, 4:50:41 PM","Faldeo Adrean Falsa","Tumbuhan","","","","","","","","","","","","Loka - Lelak - Uvaria rufa","","","","5 pohon (loka nasi)","","","","","","","","","","Sehat","","","","","","","","","","","","","","Tumbuhan kayu keras","","","","32944624fb144a5b948a5cd6fd866ccc"
"Patrol","13","Feb 12, 2026","2:49:58 PM","118.16990499999999","-8.291456666666667","","May 1, 2026, 4:50:41 PM","Faldeo Adrean Falsa","Tumbuhan","","","","","","","","","","","","Ndaru - Weru - Albizia procera","","","","6 pohon","","","","","","","","","","Sehat","","","","","","","","","","","","","","Tumbuhan kayu keras","","","","9a6b3140f94f42a2a720ca383717e38e"
"Patrol","28","Feb 12, 2026","2:47:26 PM","118.16975922","-8.2919597","","May 1, 2026, 4:50:43 PM","Faldeo Adrean Falsa","Tumbuhan","","","","","","","","","","","","Belum Ada di List","","","","Menga, satu tanaman","","","","","","","","","","Sehat","","","","","","","","","","","","","","Tumbuhan kayu keras","","","","9cbb512f93b84b549ec0207014f0d0da"
"Patrol","12","Feb 12, 2026","2:45:09 PM","118.16999833333333","-8.293043333333333","","May 1, 2026, 4:50:41 PM","Faldeo Adrean Falsa","Ground Check","Tutupan Lahan","","","","","","","","","","","","","","","","Non Open Area","Savana/ Padang Rumput","","","","","","","","","","","","","","","","","","","","","","","","","","d831cd6a6bfa45f6afbd6c31b1112a7f"
"Patrol","27","Feb 12, 2026","2:44:32 PM","118.17017417","-8.29312629","","May 1, 2026, 4:50:42 PM","Faldeo Adrean Falsa","Ground Check","Tipe Ekosistem","","","","","","","","","","","","","","","","","","Alami","Ekosistem Teresterial","Daratan Rendah (0-1000mdpl)","Pamah","","","","","","","","","","","","","","","","","","","","","","d1bd5a38dfc14f2e8e834553430575b1"
"Patrol","11","Feb 12, 2026","2:44:31 PM","118.16999833333333","-8.293043333333333","","May 1, 2026, 4:50:41 PM","Faldeo Adrean Falsa","Ground Check","Tipe Ekosistem","","","","","","","","","","","","","","","","","","Alami","Ekosistem Teresterial","Daratan Rendah (0-1000mdpl)","Savana","","","","","","","","","","","","","","","","","","","","","","984de62d98414ec79bc9c5f0b9aa10e0"
"Patrol","10","Feb 12, 2026","2:42:14 PM","118.16994833333335","-8.293123333333334","","May 1, 2026, 4:50:41 PM","Faldeo Adrean Falsa","Satwa Liar","Perjumpaan Satwa","","","313.0","","25.0","","","","Tidak tahu","Walet tenggara - Collocalia sumbawae","","4.0","","","Terbang","","","","","","","","","Hidup","","","","","","","","","","","ekor","Tidak Dilindungi","","","","Tidak tahu","","","c5407b25bae447a2a99120141b9ec9e2"
"Patrol","26","Feb 12, 2026","2:40:04 PM","118.16948026","-8.29284487","","May 1, 2026, 4:50:42 PM","Faldeo Adrean Falsa","Tumbuhan","","","","","","","","","","","","Belum Ada di List","","","","1 pohon ( Ntada Ndolo ) ","","","","","","","","","","Sehat","","","","","","","","","","","","","","Tumbuhan kayu keras","","","","34f66748ae24456980d39fd336d54265"
"Patrol","25","Feb 12, 2026","2:38:18 PM","118.16949109","-8.29283687","","May 1, 2026, 4:50:42 PM","Faldeo Adrean Falsa","Tumbuhan","","","","","","","","","","","","Rino - Cenderai - Grewia eriocarpa","","","","1 Pohon","","","","","","","","","","Sehat","","","","","","","","","","","","","","Tumbuhan kayu keras","","","","e4217fc54a86464f95bae6dd1291b807"
"Patrol","24","Feb 12, 2026","2:37:09 PM","118.16947398","-8.29286806","","May 1, 2026, 4:50:42 PM","Faldeo Adrean Falsa","Tumbuhan","","","","","","","","","","","","Rino - Cenderai - Grewia eriocarpa","","","","1 pohon","","","","","","","","","","Sehat","","","","","","","","","","","","","","Tumbuhan kayu keras","","","","19253719b2b94c96b712ede1c7ff4e2a"
"Patrol","23","Feb 12, 2026","2:35:50 PM","118.16947466","-8.29289345","","May 1, 2026, 4:50:42 PM","Faldeo Adrean Falsa","Tumbuhan","","","","","","","","","","","","Tula - Legaran - Alstonia spectabilis","","","","1 Pohon","","","","","","","","","","Sehat","","","","","","","","","","","","","","Tumbuhan kayu keras","","","","36a789eb75d145d7b185885f6b207c94"
"Patrol","22","Feb 12, 2026","2:34:10 PM","118.16988247","-8.29319804","","May 1, 2026, 4:50:42 PM","Faldeo Adrean Falsa","Tumbuhan","","","","","","","","","","","","Teride - Tembelekan - Lantana camara","","","","Cukup banyak","","","","","","","","","","Sehat","","","","","","","","","","","","","","Tumbuhan Bawah","","","","d50a2c91541b472585a2b93f3ec89e11"
"Patrol","21","Feb 12, 2026","2:33:19 PM","118.17001458","-8.29323508","","May 1, 2026, 4:50:42 PM","Faldeo Adrean Falsa","Tumbuhan","","","","","","","","","","","","Ndaru - Weru - Albizia procera","","","","2 pohon","","","","","","","","","","Sehat","","","","","","","","","","","","","","Tumbuhan kayu keras","","","","ee3af9778b704d10ad6f8e823a109df2"
"Patrol","20","Feb 12, 2026","2:32:08 PM","118.16998938","-8.29324821","","May 1, 2026, 4:50:42 PM","Faldeo Adrean Falsa","Tumbuhan","","","","","","","","","","","","Loka - Lelak - Uvaria rufa","","","","1 pohon ( Loka Nasi) ","","","","","","","","","","Sehat","","","","","","","","","","","","","","Tumbuhan Bawah","","","","a3e371ba9d6648b199e21d2a6f630500"
"Patrol","9","Feb 12, 2026","2:31:01 PM","118.17026333333334","-8.29325","","May 1, 2026, 4:50:41 PM","Faldeo Adrean Falsa","Satwa Liar","Perjumpaan Satwa","","","145.0","","5.0","","","","Tidak tahu","Kupu-kupu","","1.0","","","","","","","","","","","","Hidup","","","","","","","","","","","ekor","Unknown","","","","Tidak tahu","","","48490a69b1d74cbfa7ede35badd41cf5"
"Patrol","19","Feb 12, 2026","2:30:38 PM","118.17006737","-8.29334064","","May 1, 2026, 4:50:42 PM","Faldeo Adrean Falsa","Tumbuhan","","","","","","","","","","","","Sarume maju - Malaka - Phyllanthus emblica","","","","10 pohon","","","","","","","","","","Sehat","","","","","","","","","","","","","","Tumbuhan kayu keras","","","","7fc807055fbb44c28cc60a5b76d2f693"
"Patrol","18","Feb 12, 2026","2:28:59 PM","118.17006766","-8.29332909","","May 1, 2026, 4:50:42 PM","Faldeo Adrean Falsa","Tumbuhan","","","","","","","","","","","","Rangga - Bidara - Ziziphus mauritiana","","","","1 pohon","","","","","","","","","","Sehat","","","","","","","","","","","","","","Tumbuhan kayu keras","","","","e7f4cf9766a84eae9f16d45314220999"
"Patrol","17","Feb 12, 2026","2:22:33 PM","118.17308231","-8.29363228","","May 1, 2026, 4:50:42 PM","Faldeo Adrean Falsa","Satwa Liar","Perjumpaan Satwa","","","","","","","","","","Kupu-kupu","","1.0","","","","","","","","","","","","","","","","","","","","","","","","Tidak Dilindungi","","","","","","","766cf449633143c683c2e866790ab3e6"
"Patrol","16","Feb 12, 2026","2:19:41 PM","118.17301977","-8.29353455","","May 1, 2026, 4:50:42 PM","Faldeo Adrean Falsa","Satwa Liar","Perjumpaan Satwa","","","","","","","","","Tidak tahu","Capung","","5.0","","","","","","","","","","","","Hidup","","","","","","","","","","","ekor","Tidak Dilindungi","","","","Tidak tahu","","","01539d931efe4f93823c9fbae297f21c"
"Patrol","8","Feb 12, 2026","2:17:23 PM","118.17302343","-8.29351154","","May 1, 2026, 4:50:41 PM","Faldeo Adrean Falsa","Tumbuhan","","","","","","","","","","","","Teride - Tembelekan - Lantana camara","","","","Banyak Tumbuhan","","","","","","","","","","Sehat","","","","","","","","","","","","","","Tumbuhan Bawah","","","","9f019802ae89455ba4403a84002b8a4e"
"Patrol","8","Feb 12, 2026","2:17:23 PM","118.17302343","-8.29351154","","May 1, 2026, 4:50:41 PM","Faldeo Adrean Falsa","Tumbuhan","","","","","","","","","","","","Belum Ada di List","","","","Awe, 2 Tumbuhan","","","","","","","","","","Sehat","","","","","","","","","","","","","","Tumbuhan Bawah","","","","9f019802ae89455ba4403a84002b8a4e"
"Patrol","8","Feb 12, 2026","2:17:23 PM","118.17302343","-8.29351154","","May 1, 2026, 4:50:41 PM","Faldeo Adrean Falsa","Tumbuhan","","","","","","","","","","","","Ndaru - Weru - Albizia procera","","","","Tiga tumbuhan","","","","","","","","","","Sehat","","","","","","","","","","","","","","Tumbuhan kayu keras","","","","9f019802ae89455ba4403a84002b8a4e"
"Patrol","8","Feb 12, 2026","2:17:23 PM","118.17302343","-8.29351154","","May 1, 2026, 4:50:41 PM","Faldeo Adrean Falsa","Tumbuhan","","","","","","","","","","","","Danta ndolo - Andulpak - Homalanthus giganteus","","","","Satu Tanaman","","","","","","","","","","Sehat","","","","","","","","","","","","","","Tumbuhan kayu keras","","","","9f019802ae89455ba4403a84002b8a4e"
"Patrol","8","Feb 12, 2026","2:17:23 PM","118.17302343","-8.29351154","","May 1, 2026, 4:50:41 PM","Faldeo Adrean Falsa","Tumbuhan","","","","","","","","","","","","Golkar - Kerinyuh - Chromolaena odorata","","","","Banyak Tumhuhan","","","","","","","","","","Sehat","","","","","","","","","","","","","","Tumbuhan obat","","","","9f019802ae89455ba4403a84002b8a4e"
"Patrol","8","Feb 12, 2026","2:17:23 PM","118.17302343","-8.29351154","","May 1, 2026, 4:50:41 PM","Faldeo Adrean Falsa","Tumbuhan","","","","","","","","","","","","Ndaru - Weru - Albizia procera","","","","Satu Tanaman","","","","","","","","","","Mati","","","","","","","","","","","","","","Tumbuhan kayu keras","","","","9f019802ae89455ba4403a84002b8a4e"
"Patrol","8","Feb 12, 2026","2:12:44 PM","118.17312333333332","-8.2937","","May 1, 2026, 4:50:41 PM","Faldeo Adrean Falsa","Ground Check","Tutupan Lahan","","","","","","","","","","","","","","","","Non Open Area","Hutan Monsun","","","","","","","","","","","","","","","","","","","","","","","","","","f82868d8994b42d1864ce3460f159959"
"Patrol","7","Feb 12, 2026","2:11:25 PM","118.173115","-8.29371","","May 1, 2026, 4:50:41 PM","Faldeo Adrean Falsa","Ground Check","Tipe Ekosistem","","","","","","","","","","","","","","","","","","Alami","Ekosistem Teresterial","Daratan Rendah (0-1000mdpl)","Savana","","","","","","","","","","","","","","","","","","","","","","4fec0cc93fdc43acb6df193d7b6b39e0"
"Patrol","6","Feb 12, 2026","2:06:59 PM","118.17322166666666","-8.293651666666667","","May 1, 2026, 4:50:40 PM","Faldeo Adrean Falsa","Tumbuhan","","","","","","","","","","","","Mangge - Asam jawa - Tamarindus indica","","","","","","","","","","","","","","Sehat","","","","","","","","","","","","","","Tumbuhan kayu keras","","","","8603c71297c44322a4a904da0845f4a8"
"Patrol","5","Feb 12, 2026","2:05:33 PM","118.173285","-8.293673333333334","","May 1, 2026, 4:50:40 PM","Faldeo Adrean Falsa","Tumbuhan","","","","","","","","","","","","Sarume maju - Malaka - Phyllanthus emblica","","","","","","","","","","","","","","Sehat","","","","","","","","","","","","","","Tumbuhan kayu keras","","","","f8be2945ea2740b2a118e1b42629b776"
"Patrol","7","Feb 12, 2026","2:05:14 PM","118.17304787","-8.29370507","","May 1, 2026, 4:50:41 PM","Faldeo Adrean Falsa","Satwa Liar","Perjumpaan Satwa","","","","","10.0","","","","Tidak tahu","Tekukur biasa - Spilopelia chinensis","","7.0","","","","","","","","","","","","Sehat","","","","","","","","","","","ekor","Tidak Dilindungi","","","","","","","b55095dfd732499b8a85d7dc406f2571"
"Patrol","6","Feb 12, 2026","1:55:50 PM","118.17773135","-8.29393624","","May 1, 2026, 4:50:41 PM","Faldeo Adrean Falsa","Fitur","Media Informasi","","","","","","","","","","","","","","","","","","","","","","","Baik","","","","","","","","","","","Tidak","","","","","Papan informasi","","","","b0c07b4aa25f4825bf51d6cf1fea2855"
"Patrol","2","Feb 12, 2026","12:37:02 PM","117.82493649981916","-8.347928845323622","","May 1, 2026, 3:53:22 PM","Faldeo Adrean Falsa","Tumbuhan","","","","","","","","","","","","Toa - Ketimunan - Timonius timon","","","","8 individu","","","","","","","","","","Sehat","","","","","","","","","","","","","","Tumbuhan kayu keras","","","","519e812a8b3b4ad5a59eab24cf673cb3"
"Patrol","2","Feb 12, 2026","12:37:02 PM","117.82493649981916","-8.347928845323622","","May 1, 2026, 3:53:22 PM","Faldeo Adrean Falsa","Satwa Liar","Perjumpaan Satwa","","","","","10.0","","","","Tidak tahu","Cabai dahi-hitam - Dicaeum igniferum","","2.0","","","Terbang","","","","","","","","","Sehat","","","","","","","","","","","ekor","Tidak Dilindungi","","","","Tidak tahu","","","519e812a8b3b4ad5a59eab24cf673cb3"
"Patrol","2","Feb 12, 2026","12:37:02 PM","117.82493649981916","-8.347928845323622","","May 1, 2026, 3:53:22 PM","Faldeo Adrean Falsa","Satwa Liar","Perjumpaan Satwa","","","","","10.0","","","","Tidak tahu","Sepah kerdil - Pericrocotus lansbergei","","6.0","","","","","","","","","","","","Sehat","","","","","","","","","","","ekor","Tidak Dilindungi","","","","Tidak tahu","","","519e812a8b3b4ad5a59eab24cf673cb3"
"Patrol","2","Feb 12, 2026","12:37:02 PM","117.82493649981916","-8.347928845323622","","May 1, 2026, 3:53:22 PM","Faldeo Adrean Falsa","Tumbuhan","","","","","","","","","","","","Jati doro - Simpur - Dillenia pentagyna","","","","1 Individu","","","","","","","","","","Sehat","","","","","","","","","","","","","","Tumbuhan kayu keras","","","","519e812a8b3b4ad5a59eab24cf673cb3"
"Patrol","2","Feb 12, 2026","12:37:02 PM","117.82493649981916","-8.347928845323622","","May 1, 2026, 3:53:22 PM","Faldeo Adrean Falsa","Tumbuhan","","","","","","","","","","","","Due - Beringin - Ficus benjamina","","","","1 Individu","","","","","","","","","","Sehat","","","","","","","","","","","","","","Tumbuhan kayu keras","","","","519e812a8b3b4ad5a59eab24cf673cb3"
"Patrol","2","Feb 12, 2026","12:37:02 PM","117.82493649981916","-8.347928845323622","","May 1, 2026, 3:53:22 PM","Faldeo Adrean Falsa","Tumbuhan","","","","","","","","","","","","Luhu - Walikukun - Schoutenia ovata","","","","6 Individu","","","","","","","","","","Sehat","","","","","","","","","","","","","","Tumbuhan kayu keras","","","","519e812a8b3b4ad5a59eab24cf673cb3"
"Patrol","2","Feb 12, 2026","12:37:02 PM","117.82493649981916","-8.347928845323622","","May 1, 2026, 3:53:22 PM","Faldeo Adrean Falsa","Tumbuhan","","","","","","","","","","","","Sambi - Kesambi - Schleichera oleosa","","","","10 Individu","","","","","","","","","","Sehat","","","","","","","","","","","","","","Tumbuhan kayu keras","","","","519e812a8b3b4ad5a59eab24cf673cb3"
"Patrol","5","Feb 12, 2026","12:13:39 PM","118.17754395","-8.29393139","","May 1, 2026, 4:50:41 PM","Faldeo Adrean Falsa","Fitur","Infrastruktur/ Sarana dan Prasarana","","","","","","","","","","","","","","","pos pendakian beton (dinas pariwisata kab. Bima)  pos pendakian kayu (TN Tambora) ","","","","","","","","Baik","","","","","","","","","","","Tidak","","","","","Pos Pendakian","","","","b03974f6b91e468c9a2c6bd3d5cae5dc"
"Patrol","4","Feb 12, 2026","12:03:34 PM","118.17667833333334","-8.293896666666665","","May 1, 2026, 4:50:40 PM","Faldeo Adrean Falsa","Fitur","Pal Batas","","","","","","","","","","","","","","","Nomor sedikit pudar","","","","","","","","Baik","","","","","","","","317","","","Tidak","","","","","Beton","","","","bee70a40541c47308e4dd0dcd68205bf"
"Patrol","3","Feb 12, 2026","11:47:11 AM","118.17433666666666","-8.286411666666668","","May 1, 2026, 4:50:40 PM","Faldeo Adrean Falsa","Fitur","Media Informasi","","","","","","","","","","","","","","","Penutupan jalur pendakian ilegal","","","","","","","","Baik","","","","","","","","","","","Tidak","","","","","Papan Larangan","","","","299c1361231140249f8bf6bc383b1573"
"Patrol","2","Feb 12, 2026","11:45:36 AM","118.17423","-8.286226666666666","","May 1, 2026, 4:50:40 PM","Faldeo Adrean Falsa","Fitur","Pal Batas","","","","","","","","","","","","","","","","","","","","","","","Baik","","","","","","","","308","","","Tidak","","","","","Beton","","","","9088eeff965e4b6bbb3b44d1cac09a7d"
"Patrol","9","Feb 12, 2026","10:30:38 AM","117.94082166666666","-8.372594999999999","","May 1, 2026, 3:53:22 PM","Faldeo Adrean Falsa","Satwa Liar","Perjumpaan Satwa","","","302.0","","10.0","","","","Jantan","Nuri Pipi Merah - Geoffroyus geoffroyi","","3.0","","","","","","","","","","","","Sehat","","","","","","","","","","","ekor","Dilindungi","","","","Dewasa","","","7d144de302614aa8becb1165873ab52e"
"Patrol","8","Feb 12, 2026","10:19:37 AM","117.94092","-8.372625","","May 1, 2026, 3:53:22 PM","Faldeo Adrean Falsa","Tumbuhan","","","","","","","","","","","","Belum Ada di List","","","","","","","","","","","","","","Sehat","","","","","","","","","","","","","","Tumbuhan fungsi lainnya","","","","e91592569f31435c80fe89202ffa120f"
"Patrol","6","Feb 12, 2026","10:17:17 AM","117.94104166666666","-8.372538333333333","","May 1, 2026, 3:53:22 PM","Faldeo Adrean Falsa","Tumbuhan","","","","","","","","","","","","Sarume maju - Malaka - Phyllanthus emblica","","","","","","","","","","","","","","Sehat","","","","","","","","","","","","","","Tumbuhan obat","","","","1b769f6f5d514fc082dc58c17253407b"
"Patrol","6","Feb 12, 2026","10:17:17 AM","117.94104166666666","-8.372538333333333","","May 1, 2026, 3:53:22 PM","Faldeo Adrean Falsa","Tumbuhan","","","","","","","","","","","","Sambi - Kesambi - Schleichera oleosa","","","","","","","","","","","","","","Sehat","","","","","","","","","","","","","","Tumbuhan kayu keras","","","","1b769f6f5d514fc082dc58c17253407b"
"Patrol","5","Feb 12, 2026","10:14:55 AM","117.940805","-8.372581666666667","","May 1, 2026, 3:53:22 PM","Faldeo Adrean Falsa","Tumbuhan","","","","","","","","","","","","Sarume ara -  - Acronychia trifoliolata","","","","","","","","","","","","","","Sehat","","","","","","","","","","","","","","Tumbuhan obat","","","","3f1fcc65657647b783b7a1794eb79fdc"
"Patrol","3","Feb 12, 2026","10:14:04 AM","117.940805","-8.372581666666667","","May 1, 2026, 3:53:22 PM","Faldeo Adrean Falsa","Tumbuhan","","","","","","","","","","","","Duwet - Syzygium cumini","","","","","","","","","","","","","","Sehat","","","","","","","","","","","","","","Tumbuhan fungsi lainnya","","","","8bfdef209f0d43219fa4590f7ff1e821"
"Patrol","3","Feb 12, 2026","10:14:04 AM","117.940805","-8.372581666666667","","May 1, 2026, 3:53:22 PM","Faldeo Adrean Falsa","Tumbuhan","","","","","","","","","","","","Sambi - Kesambi - Schleichera oleosa","","","","","","","","","","","","","","Sehat","","","","","","","","","","","","","","Tumbuhan kayu keras","","","","8bfdef209f0d43219fa4590f7ff1e821"
"Patrol","2","Feb 12, 2026","10:11:35 AM","117.940805","-8.372581666666667","","May 1, 2026, 3:53:22 PM","Faldeo Adrean Falsa","Fitur","Pal Batas","","","","","","","","","","","","","","","Di jalur Pintu 3","","","","","","","","Baik","","","","","","","","801","","","Tidak","","","","","Beton","","","","1283e2b3253d4ece9a1f73d88dc7aee1"
"Patrol","2","Feb 11, 2026","3:00:00 PM","117.82499666666666","-8.347825","","May 1, 2026, 3:53:22 PM","Faldeo Adrean Falsa","Tumbuhan","","","","","","","","","","","","Sambi - Kesambi - Schleichera oleosa","","","","Terdapat 2 individu","","","","","","","","","","Sehat","","","","","","","","","","","","","","Tumbuhan","","","","ffc41775978c4524b3b13f46e01dde0c"
"Patrol","2","Feb 11, 2026","3:00:00 PM","117.82499666666666","-8.347825","","May 1, 2026, 3:53:22 PM","Faldeo Adrean Falsa","Penyuluhan dan Pemberdayaan Masyarakat","Anjangsana","","","","","","Anjangsana","","","","","","","","","Pemilik ladang jagung","","","","","","","","","","","","","","Ferdi","","","","","","","","","","","","","","ffc41775978c4524b3b13f46e01dde0c"
"Patrol","2","Feb 11, 2026","3:00:00 PM","117.82499666666666","-8.347825","","May 1, 2026, 3:53:22 PM","Faldeo Adrean Falsa","Ground Check","Tipe Ekosistem","","","","","","","","","","","","","","","","","","Buatan","Buatan","Daratan Rendah (0-1000mdpl)","Ladang","","","","","","","","","","","","","","","","","","","","","","ffc41775978c4524b3b13f46e01dde0c"
"Patrol","2","Feb 11, 2026","3:00:00 PM","117.82499666666666","-8.347825","","May 1, 2026, 3:53:22 PM","Faldeo Adrean Falsa","Ground Check","Tutupan Lahan","","","","","","","","","","","","","","","Kadang jagung","Open Area","Ladang","","","","","","","","","","","","","","","","","","","","","","","","","","ffc41775978c4524b3b13f46e01dde0c"
"Patrol","2","Feb 11, 2026","3:00:00 PM","117.82499666666666","-8.347825","","May 1, 2026, 3:53:22 PM","Faldeo Adrean Falsa","Tumbuhan","","","","","","","","","","","","Kemiri - Aleurites moluccana","","","","Terdapat 5 individu","","","","","","","","","","Sehat","","","","","","","","","","","","","","Tumbuhan kayu keras","","","","ffc41775978c4524b3b13f46e01dde0c"
"Patrol","2","Feb 11, 2026","3:00:00 PM","117.82499666666666","-8.347825","","May 1, 2026, 3:53:22 PM","Faldeo Adrean Falsa","Satwa Liar","Perjumpaan Satwa","","","216.0","","25.0","","","","Tidak tahu","Cucak kutilang - Pycnonotus aurigaster","","2.0","","","","","","","","","","","","Sehat","","","","","","","","","","","ekor","Tidak Dilindungi","","","","Tidak tahu","","","ffc41775978c4524b3b13f46e01dde0c"
"Patrol","2","Feb 11, 2026","3:00:00 PM","117.82499666666666","-8.347825","","May 1, 2026, 3:53:22 PM","Faldeo Adrean Falsa","Satwa Liar","Perjumpaan Satwa","","","245.0","","15.0","","","","Tidak tahu","Cici padi - Cisticola juncidis","","3.0","","","","","","","","","","","","Sehat","","","","","","","","","","","ekor","Tidak Dilindungi","","","","Tidak tahu","","","ffc41775978c4524b3b13f46e01dde0c"
"Patrol","2","Feb 11, 2026","2:22:42 PM","117.89785666666667","-8.358203333333334","","May 1, 2026, 3:53:23 PM","Faldeo Adrean Falsa","Penyuluhan dan Pemberdayaan Masyarakat","Anjangsana","","","","","","Anjangsana","","","","","","","","","Masyarakat Karya Sari","","","","","","","","","","","","","","Zainudin","","","","","","","","","","","","","","b301807dbc704e918a9b117f119d2942"
"Patrol","2","Feb 11, 2026","2:22:42 PM","117.89785666666667","-8.358203333333334","","May 1, 2026, 3:53:23 PM","Faldeo Adrean Falsa","Aktivitas Manusia","Penggunaan Kawasan","","","","","","","","","","","","6.0","","Aktif","Perambahan di Zona Rehabilitasi","","","","","","","","","","","","Membuka sendiri","","","","","Ya","","Ya","hektar","","","","Kebun","","Diatas 1 tahun","","b301807dbc704e918a9b117f119d2942"
"Patrol","19","Feb 11, 2026","1:31:34 PM","118.14174999999999","-8.250173333333333","","May 1, 2026, 4:50:38 PM","Faldeo Adrean Falsa","Tumbuhan","","","","","","","","","","","","Sarume maju - Malaka - Phyllanthus emblica","","","","","","","","","","","","","","Sehat","","","","","","","","","","","","","","Tumbuhan kayu keras","","","","97c8be1b7a65432c81a18d352809db28"
"Patrol","18","Feb 11, 2026","1:30:01 PM","118.14150999999998","-8.25022","","May 1, 2026, 4:50:38 PM","Faldeo Adrean Falsa","Tumbuhan","","","","","","","","","","","","Danta ndolo - Andulpak - Homalanthus giganteus","","","","","","","","","","","","","","Sehat","","","","","","","","","","","","","","Tumbuhan kayu keras","","","","c5f11d854cbd490baf1cdef4ce18521d"
"Patrol","17","Feb 11, 2026","1:28:45 PM","118.14141833333333","-8.250228333333332","","May 1, 2026, 4:50:38 PM","Faldeo Adrean Falsa","Tumbuhan","","","","","","","","","","","","Rufe -  - Piliostigma malabaricum","","","","","","","","","","","","","","Sehat","","","","","","","","","","","","","","Tumbuhan kayu keras","","","","5fb8dfb93dfc4c7594136c452281e00f"
"Patrol","30","Feb 11, 2026","1:10:39 PM","118.14157707","-8.24971474","","May 1, 2026, 4:50:40 PM","Faldeo Adrean Falsa","Tumbuhan","","","","","","","","","","","","Toa - Ketimunan - Timonius timon","","","","","","","","","","","","","","Sehat","","","","","","","","","","","","","","Tumbuhan kayu keras","","","","8b39929cd3a34d04a3252752f743cab4"
"Patrol","29","Feb 11, 2026","1:09:31 PM","118.14144349","-8.24963755","","May 1, 2026, 4:50:40 PM","Faldeo Adrean Falsa","Tumbuhan","","","","","","","","","","","","Belum Ada di List","","","","tidak tahu ada beberapa titik ","","","","","","","","","","Sehat","","","","","","","","","","","","","","Tumbuhan Bawah","","","","15dddf99eb4744fa8a0a02a53d1159e8"
"Patrol","28","Feb 11, 2026","1:06:50 PM","118.14132305","-8.24962196","","May 1, 2026, 4:50:40 PM","Faldeo Adrean Falsa","Tumbuhan","","","","","","","","","","","","Teride - Tembelekan - Lantana camara","","","","","","","","","","","","","","Sehat","","","","","","","","","","","","","","Tumbuhan Bawah","","","","9134bef17dfb4d0287a6169e499c4fa9"
"Patrol","27","Feb 11, 2026","1:06:11 PM","118.14131666","-8.24962181","","May 1, 2026, 4:50:40 PM","Faldeo Adrean Falsa","Tumbuhan","","","","","","","","","","","","Golkar - Kerinyuh - Chromolaena odorata","","","","","","","","","","","","","","Sehat","","","","","","","","","","","","","","Tumbuhan Bawah","","","","8f938b31845c41a7abec042f256ee171"
"Patrol","26","Feb 11, 2026","1:05:25 PM","118.14131099","-8.24962412","","May 1, 2026, 4:50:40 PM","Faldeo Adrean Falsa","Tumbuhan","","","","","","","","","","","","Sareo - Terisi - Albizia lebbekoides","","","","","","","","","","","","","","","","","","","","","","","","","","","","Tumbuhan kayu keras","","","","38ae5d6a461449e299d374e88d253f1d"
"Patrol","25","Feb 11, 2026","1:04:19 PM","118.14112164","-8.24947227","","May 1, 2026, 4:50:40 PM","Faldeo Adrean Falsa","Tumbuhan","","","","","","","","","","","","Belum Ada di List","","","","kena'a","","","","","","","","","","Sehat","","","","","","","","","","","","","","Tumbuhan kayu keras","","","","ec51afa470634c54bd0f12eb1f0035a7"
"Patrol","24","Feb 11, 2026","1:03:11 PM","118.14114869","-8.24950636","","May 1, 2026, 4:50:40 PM","Faldeo Adrean Falsa","Tumbuhan","","","","","","","","","","","","Ndaru - Weru - Albizia procera","","","","","","","","","","","","","","","","","","","","","","","","","","","","Tumbuhan kayu keras","","","","fb3f5bb1862d428d9df872c36302edfb"
"Patrol","23","Feb 11, 2026","1:02:35 PM","118.14114359","-8.24952012","","May 1, 2026, 4:50:39 PM","Faldeo Adrean Falsa","Tumbuhan","","","","","","","","","","","","Rufe -  - Piliostigma malabaricum","","","","","","","","","","","","","","","","","","","","","","","","","","","","Tumbuhan kayu keras","","","","2fc512b3d52c4384b89006786912f8d6"
"Patrol","22","Feb 11, 2026","1:01:58 PM","118.14119323","-8.24954451","","May 1, 2026, 4:50:39 PM","Faldeo Adrean Falsa","Tumbuhan","","","","","","","","","","","","Danta ndolo - Mahang - Macaranga tanarius","","","","","","","","","","","","","","Sehat","","","","","","","","","","","","","","Tumbuhan kayu keras","","","","bc11d74335f1468682b87236515b9412"
"Patrol","16","Feb 11, 2026","12:19:53 PM","118.14122333333334","-8.249329999999999","","May 1, 2026, 4:50:38 PM","Faldeo Adrean Falsa","Satwa Liar","Perjumpaan Satwa","","","329.0","","10.0","","","","Tidak tahu","Walet tenggara - Collocalia sumbawae","","7.0","","","Terbang","","","","","","","","","Hidup","","","","","","","","","","","ekor","Tidak Dilindungi","","","","Tidak tahu","","","b9cbddced9f64146bb53cf5a4e30dbfb"
"Patrol","15","Feb 11, 2026","12:15:03 PM","118.14085666666666","-8.248970000000002","","May 1, 2026, 4:50:38 PM","Faldeo Adrean Falsa","Satwa Liar","Perjumpaan Satwa","","","101.0","","35.0","","","","Tidak tahu","Cikukua tanduk - Philemon buceroides","","1.0","","","Bersuara","","","","","","","","","Hidup","","","","","","","","","","","ekor","Tidak Dilindungi","","","","Tidak tahu","","","10da38d793a74690b1e487dcb4c2ab99"
"Patrol","20","Feb 11, 2026","12:13:53 PM","118.1408668","-8.24938087","","May 1, 2026, 4:50:39 PM","Faldeo Adrean Falsa","Ground Check","Tutupan Lahan","","","","","","","","","","","","","","","","Non Open Area","Savana/ Padang Rumput","","","","","","","","","","","","","","","","","","","","","","","","","","9bcd113ae84649d982541e871f24fe4b"
"Patrol","20","Feb 11, 2026","12:13:53 PM","118.1408668","-8.24938087","","May 1, 2026, 4:50:39 PM","Faldeo Adrean Falsa","Ground Check","Tipe Ekosistem","","","","","","","","","","","","","","","","","","Alami","Ekosistem Teresterial","Daratan Rendah (0-1000mdpl)","Pamah","","","","","","","","","","","","","","","","","","","","","","9bcd113ae84649d982541e871f24fe4b"
"Patrol","19","Feb 11, 2026","12:09:33 PM","118.14085977","-8.2494285","","May 1, 2026, 4:50:39 PM","Faldeo Adrean Falsa","Tumbuhan","","","","","","","","","","","","Danta ndolo - Andulpak - Homalanthus giganteus","","","","4 Tumbuhan","","","","","","","","","","Sehat","","","","","","","","","","","","","","Tumbuhan kayu keras","","","","53c4b9b2e97f4261967f888edcadb5ff"
"Patrol","18","Feb 11, 2026","12:07:53 PM","118.14087193","-8.24948729","","May 1, 2026, 4:50:39 PM","Faldeo Adrean Falsa","Tumbuhan","","","","","","","","","","","","Sarume maju - Malaka - Phyllanthus emblica","","","","2 tumbuhan","","","","","","","","","","Sehat","","","","","","","","","","","","","","Tumbuhan kayu keras","","","","12ce5143c08d4376a4abb2a8332af048"
"Patrol","17","Feb 11, 2026","12:06:46 PM","118.14085939","-8.24953021","","May 1, 2026, 4:50:39 PM","Faldeo Adrean Falsa","Tumbuhan","","","","","","","","","","","","Tula - Legaran - Alstonia spectabilis","","","","2 Tumbuhan","","","","","","","","","","Sehat","","","","","","","","","","","","","","Tumbuhan kayu keras","","","","7484dec4147543f2b7094ed45eb73f39"
"Patrol","16","Feb 11, 2026","12:05:04 PM","118.14087624","-8.2494533","","May 1, 2026, 4:50:39 PM","Faldeo Adrean Falsa","Tumbuhan","","","","","","","","","","","","Golkar - Kerinyuh - Chromolaena odorata","","","","Banyak tumbuhan","","","","","","","","","","Sehat","","","","","","","","","","","","","","Tumbuhan obat","","","","63cca28178254dd6af33edf4efffed8c"
"Patrol","15","Feb 11, 2026","12:03:11 PM","118.14089636","-8.24945137","","May 1, 2026, 4:50:39 PM","Faldeo Adrean Falsa","Tumbuhan","","","","","","","","","","","","Sareo - Terisi - Albizia lebbekoides","","","","7 Tumbuhan","","","","","","","","","","Sehat","","","","","","","","","","","","","","Tumbuhan kayu keras","","","","7f8c191f42574169869ee9e997976f3a"
"Patrol","14","Feb 11, 2026","11:54:50 AM","118.14124003","-8.24895695","","May 1, 2026, 4:50:39 PM","Faldeo Adrean Falsa","Tumbuhan","","","","","","","","","","","","Mpori ngame - Alang-alang - Imperata cylindrica","","","","banyak di 1 titik","","","","","","","","","","Sehat","","","","","","","","","","","","","","Tumbuhan Bawah","","","","4b6f474cd93b4cf18628ed26fd0d7e38"
"Patrol","12","Feb 11, 2026","11:54:32 AM","118.14108833333333","-8.248883333333334","","May 1, 2026, 4:50:37 PM","Faldeo Adrean Falsa","Tumbuhan","","","","","","","","","","","","Ndaru - Weru - Albizia procera","","","","Berbunga","","","","","","","","","","Sehat","","","","","","","","","","","","","","Tumbuhan kayu keras","","","","209bbf27204644f786230c8085b89cc7"
"Patrol","13","Feb 11, 2026","11:52:49 AM","118.14128248","-8.24896644","","May 1, 2026, 4:50:39 PM","Faldeo Adrean Falsa","Tumbuhan","","","","","","","","","","","","Sareo - Terisi - Albizia lebbekoides","","","","10 tumbuhan","","","","","","","","","","Sehat","","","","","","","","","","","","","","Tumbuhan kayu keras","","","","60a03e927a9f434481949dad103ba2d4"
"Patrol","11","Feb 11, 2026","11:52:05 AM","118.14108999999999","-8.249031666666667","","May 1, 2026, 4:50:37 PM","Faldeo Adrean Falsa","Tumbuhan","","","","","","","","","","","","Toa - Ketimunan - Timonius timon","","","","","","","","","","","","","","Sehat","","","","","","","","","","","","","","Tumbuhan kayu keras","","","","3827d1c5b519440189691fa0e076dccd"
"Patrol","12","Feb 11, 2026","11:50:34 AM","118.14123693","-8.24901888","","May 1, 2026, 4:50:39 PM","Faldeo Adrean Falsa","Tumbuhan","","","","","","","","","","","","Sarume maju - Malaka - Phyllanthus emblica","","","","1 tumbuhan ","","","","","","","","","","Sehat","","","","","","","","","","","","","","Tumbuhan kayu keras","","","","0e1751cbfa424241a8b519c6df2f7c0e"
"Patrol","10","Feb 11, 2026","11:49:24 AM","118.14125833333334","-8.248941666666667","","May 1, 2026, 4:50:37 PM","Faldeo Adrean Falsa","Tumbuhan","","","","","","","","","","","","Danta ndolo - Andulpak - Homalanthus giganteus","","","","","","","","","","","","","","Sehat","","","","","","","","","","","","","","Tumbuhan kayu keras","","","","d6c8e17070e94c38bad2c92baea275b4"
"Patrol","11","Feb 11, 2026","11:46:50 AM","118.14122553","-8.24902655","","May 1, 2026, 4:50:39 PM","Faldeo Adrean Falsa","Tumbuhan","","","","","","","","","","","","Golkar - Kerinyuh - Chromolaena odorata","","","","banyak tumbuhan","","","","","","","","","","Sehat","","","","","","","","","","","","","","Tumbuhan obat","","","","120c3ed35e784433990a45efabbae805"
"Patrol","9","Feb 11, 2026","11:45:27 AM","118.141235","-8.249001666666667","","May 1, 2026, 4:50:37 PM","Faldeo Adrean Falsa","Satwa Liar","Perjumpaan Satwa","","","308.0","","30.0","","","","Tidak tahu","Kekep babi - Artamus leucoryn","","1.0","","","Bertengger","","","","","","","","","Hidup","","","","","","","","","","","ekor","Active","","","","Tidak tahu","","","d87bec6f6fe14f91b239d42669115ac5"
"Patrol","10","Feb 11, 2026","11:42:39 AM","118.14116839","-8.24902204","","May 1, 2026, 4:50:38 PM","Faldeo Adrean Falsa","Tumbuhan","","","","","","","","","","","","Sarume ara -  - Acronychia trifoliolata","","","","Cuma 1 tumbuhan","","","","","","","","","","Sehat","","","","","","","","","","","","","","Tumbuhan kayu keras","","","","3184c5a65f234e1c9e8a81243811753c"
"Patrol","9","Feb 11, 2026","11:40:47 AM","118.14117851","-8.24901456","","May 1, 2026, 4:50:38 PM","Faldeo Adrean Falsa","Tumbuhan","","","","","","","","","","","","Luhu - Walikukun - Schoutenia ovata","","","","Cuma 1 Tumbuhan","","","","","","","","","","Sehat","","","","","","","","","","","","","","Tumbuhan kayu keras","","","","28d80ad268114cd0b72c9791c6d570f9"
"Patrol","7","Feb 11, 2026","11:37:00 AM","118.141195","-8.249025","","May 1, 2026, 4:50:37 PM","Faldeo Adrean Falsa","Satwa Liar","Perjumpaan Satwa","","","","","","","","","Tidak tahu","Tiong-lampu biasa - Eurystomus orientalis","","1.0","","","","","","","","","","","","","","","","","","","","","","","","Tidak Dilindungi","","","","","","","49935feedb9f48d0b44de5ba53e69b41"
"Patrol","7","Feb 11, 2026","11:37:00 AM","118.141195","-8.249025","","May 1, 2026, 4:50:37 PM","Faldeo Adrean Falsa","Tumbuhan","","","","","","","","","","","","Tula - Legaran - Alstonia spectabilis","","","","","","","","","","","","","","","","","","","","","","","","","","","","Tumbuhan kayu keras","","","","49935feedb9f48d0b44de5ba53e69b41"
"Patrol","2","Feb 11, 2026","11:33:15 AM","117.91286224499345","-8.348061488941312","","May 1, 2026, 3:53:22 PM","Faldeo Adrean Falsa","Penyuluhan dan Pemberdayaan Masyarakat","Anjangsana","","","","","","Penyuluhan dan sosialisasi lainnya","","","","","","","","","Dari Dusun Sori Mangge","","","","","","","","","","","","","","Ferdi","","","","","","","","","","","","","","cd24004f90014d819aec550ee152686f"
"Patrol","2","Feb 11, 2026","11:33:15 AM","117.91286224499345","-8.348061488941312","","May 1, 2026, 3:53:22 PM","Faldeo Adrean Falsa","Ground Check","Tipe Ekosistem","","","","","","","","","","","","","","","","","","Buatan","Buatan","Daratan Rendah (0-1000mdpl)","Ladang","","","","","","","","","","","","","","","","","","","","","","cd24004f90014d819aec550ee152686f"
"Patrol","2","Feb 11, 2026","11:33:15 AM","117.91286224499345","-8.348061488941312","","May 1, 2026, 3:53:22 PM","Faldeo Adrean Falsa","Tumbuhan","","","","","","","","","","","","Kemiri - Aleurites moluccana","","","","5","","","","","","","","","","Sehat","","","","","","","","","","","","","","Tumbuhan fungsi lainnya","","","","cd24004f90014d819aec550ee152686f"
"Patrol","2","Feb 11, 2026","11:33:15 AM","117.91286224499345","-8.348061488941312","","May 1, 2026, 3:53:22 PM","Faldeo Adrean Falsa","Ground Check","Tutupan Lahan","","","","","","","","","","","","","","","Ladang Jagung","Open Area","Lainnya (Tulis di Komen)","","","","","","","","","","","","","","","","","","","","","","","","","","cd24004f90014d819aec550ee152686f"
"Patrol","2","Feb 11, 2026","11:33:15 AM","117.91286224499345","-8.348061488941312","","May 1, 2026, 3:53:22 PM","Faldeo Adrean Falsa","Tumbuhan","","","","","","","","","","","","Sambi - Kesambi - Schleichera oleosa","","","","2 Individu","","","","","","","","","","Sehat","","","","","","","","","","","","","","Tumbuhan kayu keras","","","","cd24004f90014d819aec550ee152686f"
"Patrol","7","Feb 11, 2026","11:32:03 AM","118.14121453","-8.2492615","","May 1, 2026, 4:50:38 PM","Faldeo Adrean Falsa","Tumbuhan","","","","","","","","","","","","Teride - Tembelekan - Lantana camara","","","","cukup banyak tumbuhan","","","","","","","","","","Sehat","","","","","","","","","","","","","","Tumbuhan Bawah","","","","237565a80ac8461d82f14448a475e550"
"Patrol","6","Feb 11, 2026","11:28:58 AM","118.14122054","-8.24924735","","May 1, 2026, 4:50:38 PM","Faldeo Adrean Falsa","Tumbuhan","","","","","","","","","","","","Sareo - Terisi - Albizia lebbekoides","","","","8 jumlah tumbuhan","","","","","","","","","","Sehat","","","","","","","","","","","","","","Tumbuhan kayu keras","","","","8142c8d5a04446f691d9c7c0b75d2ea8"
"Patrol","5","Feb 11, 2026","11:14:19 AM","118.14221072","-8.24841793","","May 1, 2026, 4:50:38 PM","Faldeo Adrean Falsa","Tumbuhan","","","","","","","","","","","","Golkar - Kerinyuh - Chromolaena odorata","","","","dominan","","","","","","","","","","Sehat","","","","","","","","","","","","","","Tumbuhan Bawah","","","","a48ec3d9ed224f92a59648861fff5e7a"
"Patrol","5","Feb 11, 2026","11:14:07 AM","118.14221666666666","-8.248433333333333","","May 1, 2026, 4:50:37 PM","Faldeo Adrean Falsa","Satwa Liar","Perjumpaan Satwa","","","338.0","","10.0","","","","Tidak tahu","Nuri Pipi Merah - Geoffroyus geoffroyi","","1.0","","","Terbang","","","","","","","","","Hidup","","","","","","","","","","","ekor","Dilindungi","","","","Tidak tahu","","","57316b2db255486292178585b47c3370"
"Patrol","4","Feb 11, 2026","11:03:27 AM","118.14218987","-8.24843535","","May 1, 2026, 4:50:38 PM","Faldeo Adrean Falsa","Fitur","Pal Batas","","","","","","","","","","","","","","","","","","","","","","","Baik","","","","","","","","TN. 256","","","Tidak","","","","","Beton","","","","5eec5fedba954975a0f38c847c469177"
"Patrol","3","Feb 11, 2026","11:01:50 AM","118.14224917","-8.24845543","","May 1, 2026, 4:50:38 PM","Faldeo Adrean Falsa","Tumbuhan","","","","","","","","","","","","Sarume maju - Malaka - Phyllanthus emblica","","","","dominan","","","","","","","","","","Sehat","","","","","","","","","","","","","","Tumbuhan kayu keras","","","","757b661573dd4d939d529305177846a8"
"Patrol","2","Feb 11, 2026","10:58:21 AM","118.14298781","-8.24864323","","May 1, 2026, 4:50:38 PM","Faldeo Adrean Falsa","Satwa Liar","Perjumpaan Satwa","","","","","","","","","","Uncal buau - Macropygia emiliana","","","","","","","","","","","","","","","","","","","","","","","","","","Unknown","","","","","","","27531cca2e454a8997b07cfd533b2bdf"
"Patrol","2","Feb 10, 2026","3:21:10 PM","117.97253166666665","-8.394251666666666","","May 1, 2026, 3:53:23 PM","Faldeo Adrean Falsa","Fitur","Pal Batas","","","","","","","","","","","","","","","Didekat batas perambahan masyarakat","","","","","","","","Nomor register terhapus","","","","","","","","-","","","Ya","","","","","Beton","","","","5910f6cf50204b039c94bebfc8721f18"
"Patrol","2","Feb 10, 2026","3:21:10 PM","117.97253166666665","-8.394251666666666","","May 1, 2026, 3:53:23 PM","Faldeo Adrean Falsa","Aktivitas Manusia","Pengembalaan Ternak","Monta Baru, Dompu","Monta Baru, Dompu","","","","","","L","","","","","","","","","","","","","","","","","","Jalur Hodo ","","","","","","","","","","","","","","","","","5910f6cf50204b039c94bebfc8721f18"
"Patrol","2","Feb 10, 2026","3:21:10 PM","117.97253166666665","-8.394251666666666","","May 1, 2026, 3:53:23 PM","Faldeo Adrean Falsa","Ground Check","Tipe Ekosistem","","","","","","","","","","","","","","","","","","Alami","Ekosistem Teresterial","Daratan Rendah (0-1000mdpl)","Padang Rumput","","","","","","","","","","","","","","","","","","","","","","5910f6cf50204b039c94bebfc8721f18"
"Patrol","12","Feb 10, 2026","3:18:54 PM","117.97287323512137","-8.393818004988134","","May 1, 2026, 3:53:23 PM","Faldeo Adrean Falsa","Aktivitas Manusia","Penggunaan Kawasan","","","","","","","","","","","","2.0","","Aktif","Memiliki lahan yang berbatasan langsung dengan kawasan","","","","","","","","","","","","Membuka sendiri","","","","","Bukan","","Ya","hektar","","","","Ladang","","Diatas 1 tahun","","6d9f490af7604240be110bb4882685c1"
"Patrol","23","Feb 10, 2026","3:00:54 PM","118.14138499999999","-8.201326666666667","","May 1, 2026, 4:50:34 PM","Faldeo Adrean Falsa","Fitur","Pal Batas","","","","","","","","","","","","","","","Pal Besar (pal Ikat) ","","","","","","","","Baik","","","","","","","","TN 173","","","Tidak","","","","","Beton","","","","9835a4c243484e64922d44d2be2dda7e"
"Patrol","6","Feb 10, 2026","2:55:36 PM","117.97429388388991","-8.392139696516097","","May 1, 2026, 3:53:23 PM","Faldeo Adrean Falsa","Tumbuhan","","","","","","","","","","","","Monggo Kala - Salam - Syzygium polyanthum","","","","3 Individu","","","","","","","","","","Sehat","","","","","","","","","","","","","","Tumbuhan kayu keras","","","","2807b0a456544200b6e58eb872e04120"
"Patrol","6","Feb 10, 2026","2:55:36 PM","117.97429388388991","-8.392139696516097","","May 1, 2026, 3:53:23 PM","Faldeo Adrean Falsa","Tumbuhan","","","","","","","","","","","","Luhu - Walikukun - Schoutenia ovata","","","","15 individu","","","","","","","","","","Sehat","","","","","","","","","","","","","","Tumbuhan kayu keras","","","","2807b0a456544200b6e58eb872e04120"
"Patrol","6","Feb 10, 2026","2:55:36 PM","117.97429388388991","-8.392139696516097","","May 1, 2026, 3:53:23 PM","Faldeo Adrean Falsa","Tumbuhan","","","","","","","","","","","","Tula - Legaran - Alstonia spectabilis","","","","10 Individu","","","","","","","","","","Sehat","","","","","","","","","","","","","","Tumbuhan kayu keras","","","","2807b0a456544200b6e58eb872e04120"
"Patrol","6","Feb 10, 2026","2:55:36 PM","117.97429388388991","-8.392139696516097","","May 1, 2026, 3:53:23 PM","Faldeo Adrean Falsa","Tumbuhan","","","","","","","","","","","","Safiri - Kapasan/Kemesoe - Mallotus philippensis","","","","5 Individu","","","","","","","","","","Sehat","","","","","","","","","","","","","","Tumbuhan kayu keras","","","","2807b0a456544200b6e58eb872e04120"
"Patrol","6","Feb 10, 2026","2:55:36 PM","117.97429388388991","-8.392139696516097","","May 1, 2026, 3:53:23 PM","Faldeo Adrean Falsa","Tumbuhan","","","","","","","","","","","","Rino - Cenderai - Grewia eriocarpa","","","","7 Individu","","","","","","","","","","Sehat","","","","","","","","","","","","","","Tumbuhan kayu keras","","","","2807b0a456544200b6e58eb872e04120"
"Patrol","6","Feb 10, 2026","2:55:36 PM","117.97429388388991","-8.392139696516097","","May 1, 2026, 3:53:23 PM","Faldeo Adrean Falsa","Tumbuhan","","","","","","","","","","","","Sambi - Kesambi - Schleichera oleosa","","","","20 individu","","","","","","","","","","Sehat","","","","","","","","","","","","","","Tumbuhan kayu keras","","","","2807b0a456544200b6e58eb872e04120"
"Patrol","33","Feb 10, 2026","2:14:03 PM","118.13175166666666","-8.204986666666667","","May 1, 2026, 4:50:37 PM","Faldeo Adrean Falsa","Tumbuhan","","","","","","","","","","","","- Kingkilaban - Mussaenda frondosa","","","","Berbunga ","","","","","","","","","","Sehat","","","","","","","","","","","","","","Tumbuhan fungsi lainnya","","","","8b1e6ed11d9d4e77a11e468bcfaeac6b"
"Patrol","32","Feb 10, 2026","2:10:16 PM","118.13192","-8.205008333333334","","May 1, 2026, 4:50:37 PM","Faldeo Adrean Falsa","Tumbuhan","","","","","","","","","","","","Loa - Trenggulun - Protium javanicum","","","","","","","","","","","","","","Sehat","","","","","","","","","","","","","","Tumbuhan kayu keras","","","","20f5c5e50667422892a80d6ee6ab6fa0"
"Patrol","31","Feb 10, 2026","2:09:03 PM","118.13192666666667","-8.204916666666666","","May 1, 2026, 4:50:37 PM","Faldeo Adrean Falsa","Tumbuhan","","","","","","","","","","","","Sareo - Terisi - Albizia lebbekoides","","","","","","","","","","","","","","Sehat","","","","","","","","","","","","","","Tumbuhan kayu keras","","","","8562054987db4e2fbb752efa6d47fd0a"
"Patrol","30","Feb 10, 2026","2:05:45 PM","118.13220666666666","-8.204575","","May 1, 2026, 4:50:37 PM","Faldeo Adrean Falsa","Tumbuhan","","","","","","","","","","","","Papi - Tesek - Dodonaea viscosa","","","","","","","","","","","","","","Sehat","","","","","","","","","","","","","","Tumbuhan kayu keras","","","","c268d439b90e42d8988ea5b648c38df1"
"Patrol","22","Feb 10, 2026","2:02:54 PM","118.12909333333333","-8.204713333333332","","May 1, 2026, 4:50:34 PM","Faldeo Adrean Falsa","Tumbuhan","","","","","","","","","","","","Safare Bura","","","","","","","","","","","","","","","","","","","","","","","","","","","","Tumbuhan kayu keras","","","","51607461aac44a29bb5216e5029e9690"
"Patrol","29","Feb 10, 2026","2:02:23 PM","118.13222166666668","-8.204258333333334","","May 1, 2026, 4:50:37 PM","Faldeo Adrean Falsa","Tumbuhan","","","","","","","","","","","","Sareo - Terisi - Albizia lebbekoides","","","","","","","","","","","","","","Sehat","","","","","","","","","","","","","","Tumbuhan kayu keras","","","","9c6351143f8e4e4faeea8e65dc0e4a22"
"Patrol","21","Feb 10, 2026","2:01:57 PM","118.12899999999999","-8.204855","","May 1, 2026, 4:50:34 PM","Faldeo Adrean Falsa","Satwa Liar","Tanda Satwa","","","","","","","","","","Monyet Ekor Panjang - Macaca fascicularis","","","","","","","","","","","","","","","","","","","","","","","","","","","","","Suara","","","","9728d4e56de440d69393642c48dfda5e"
"Patrol","28","Feb 10, 2026","2:00:34 PM","118.13240166666668","-8.204139999999999","","May 1, 2026, 4:50:37 PM","Faldeo Adrean Falsa","Tumbuhan","","","","","","","","","","","","Rufe -  - Piliostigma malabaricum","","","","","","","","","","","","","","Sehat","","","","","","","","","","","","","","Tumbuhan kayu keras","","","","7daa4b6f8a4c4c8b89f68037d628c7d9"
"Patrol","20","Feb 10, 2026","1:59:22 PM","118.12849166666668","-8.2052","","May 1, 2026, 4:50:34 PM","Faldeo Adrean Falsa","Satwa Liar","Perjumpaan Satwa","","","80.0","","2.0","","","","Tidak tahu","Capung","","7.0","","","","","","","","","","","","Sehat","","","","","","","","","","","ekor","Unknown","","","","Tidak tahu","","","baa2ae5534e348e69db30acd4aefd858"
"Patrol","27","Feb 10, 2026","1:58:56 PM","118.132455","-8.204041666666665","","May 1, 2026, 4:50:36 PM","Faldeo Adrean Falsa","Satwa Liar","Perjumpaan Satwa","","","54.0","","25.0","","","","Tidak tahu","Cikukua tanduk - Philemon buceroides","","1.0","","","Suara","","","","","","","","","Hidup","","","","","","","","","","","ekor","Dilindungi","","","","Tidak tahu","","","83535fd300c844178e315257f668c7e0"
"Patrol","26","Feb 10, 2026","1:56:38 PM","118.13238166666666","-8.204093333333333","","May 1, 2026, 4:50:36 PM","Faldeo Adrean Falsa","Tumbuhan","","","","","","","","","","","","Rangga - Bidara - Ziziphus mauritiana","","","","","","","","","","","","","","Sehat","","","","","","","","","","","","","","Tumbuhan kayu keras","","","","b900574fe16348daad7eddb3c2a8c191"
"Patrol","19","Feb 10, 2026","1:55:49 PM","118.12798666666667","-8.2053","","May 1, 2026, 4:50:34 PM","Faldeo Adrean Falsa","Tumbuhan","","","","","","","","","","","","Loka - Lelak - Uvaria rufa","","","","","","","","","","","","","","Sehat","","","","","","","","","","","","","","Tumbuhan kayu keras","","","","efce11f6cc674504b740fdb3a036e4f0"
"Patrol","17","Feb 10, 2026","1:52:35 PM","118.12774666666668","-8.205471666666666","","May 1, 2026, 4:50:34 PM","Faldeo Adrean Falsa","Ground Check","Tipe Ekosistem","","","","","","","","","","","","","","","","","","Alami","Ekosistem Teresterial","Daratan Rendah (0-1000mdpl)","Pamah","","","","","","","","","","","","","","","","","","","","","","97b6a0eb7b2f4e8c9eed7ec3a8a742a8"
"Patrol","17","Feb 10, 2026","1:52:35 PM","118.12774666666668","-8.205471666666666","","May 1, 2026, 4:50:34 PM","Faldeo Adrean Falsa","Ground Check","Tutupan Lahan","","","","","","","","","","","","","","","Ketinggian tempat 350 - 400 mdpl) ","Non Open Area","Hutan Monsun","","","","","","","","","","","","","","","","","","","","","","","","","","97b6a0eb7b2f4e8c9eed7ec3a8a742a8"
"Patrol","25","Feb 10, 2026","1:49:29 PM","118.13377166666666","-8.2043","","May 1, 2026, 4:50:36 PM","Faldeo Adrean Falsa","Satwa Liar","Perjumpaan Satwa","","","85.0","","20.0","","","","Tidak tahu","Burung","","1.0","","","Burung penghisap madu /Kerinci Kacui","","","","","","","","","Hidup","","","","","","","","","","","ekor","Unknown","","","","Tidak tahu","","","885607db173a4b6d852047fef249ce72"
"Patrol","16","Feb 10, 2026","1:45:41 PM","118.12757833333332","-8.205576666666667","","May 1, 2026, 4:50:34 PM","Faldeo Adrean Falsa","Satwa Liar","Perjumpaan Satwa","","","45.0","","0.2","","","","Tidak tahu","Kupu-kupu","","1.0","","","+ Warna bagian bawah sayap putih totol totol coklat + warna sayap bagian atas coklat + ukuran antara 2-3 cm + jumlah: 1 ekor","","","","","","","","","Sehat","","","","","","","","","","","ekor","Unknown","","","","Tidak tahu","","","a7364a0ccc9f446c92575578cfde6f4c"
"Patrol","5","Feb 10, 2026","1:39:57 PM","118.12755833333334","-8.205581666666665","","May 1, 2026, 4:50:34 PM","Faldeo Adrean Falsa","Tumbuhan","","","","","","","","","","","","Luhu - Walikukun - Schoutenia ovata","","","","4 pohon","","","","","","","","","","Sehat","","","","","","","","","","","","","","Tumbuhan kayu keras","","","","b07fbba12d9e43bd9e60b8948599273c"
"Patrol","5","Feb 10, 2026","1:39:57 PM","118.12755833333334","-8.205581666666665","","May 1, 2026, 4:50:34 PM","Faldeo Adrean Falsa","Tumbuhan","","","","","","","","","","","","Belum Ada di List","","","","Belum tahu namanya: 1 pohon","","","","","","","","","","Sehat","","","","","","","","","","","","","","Tumbuhan fungsi lainnya","","","","b07fbba12d9e43bd9e60b8948599273c"
"Patrol","5","Feb 10, 2026","1:39:57 PM","118.12755833333334","-8.205581666666665","","May 1, 2026, 4:50:34 PM","Faldeo Adrean Falsa","Tumbuhan","","","","","","","","","","","","Sarume maju - Malaka - Phyllanthus emblica","","","","1 pohon","","","","","","","","","","Sehat","","","","","","","","","","","","","","Tumbuhan kayu keras","","","","b07fbba12d9e43bd9e60b8948599273c"
"Patrol","5","Feb 10, 2026","1:39:57 PM","118.12755833333334","-8.205581666666665","","May 1, 2026, 4:50:34 PM","Faldeo Adrean Falsa","Tumbuhan","","","","","","","","","","","","Rufe -  - Piliostigma malabaricum","","","","6 pohon","","","","","","","","","","Sakit","","","","","","","","","","","","","","Tumbuhan kayu keras","","","","b07fbba12d9e43bd9e60b8948599273c"
"Patrol","5","Feb 10, 2026","1:39:57 PM","118.12755833333334","-8.205581666666665","","May 1, 2026, 4:50:34 PM","Faldeo Adrean Falsa","Tumbuhan","","","","","","","","","","","","Sambi - Kesambi - Schleichera oleosa","","","","7 pohon","","","","","","","","","","Sehat","","","","","","","","","","","","","","Tumbuhan kayu keras","","","","b07fbba12d9e43bd9e60b8948599273c"
"Patrol","5","Feb 10, 2026","1:39:57 PM","118.12755833333334","-8.205581666666665","","May 1, 2026, 4:50:34 PM","Faldeo Adrean Falsa","Tumbuhan","","","","","","","","","","","","Belum Ada di List","","","","Belum tahu : 1 pohon","","","","","","","","","","Sehat","","","","","","","","","","","","","","Tumbuhan fungsi lainnya","","","","b07fbba12d9e43bd9e60b8948599273c"
"Patrol","5","Feb 10, 2026","1:39:57 PM","118.12755833333334","-8.205581666666665","","May 1, 2026, 4:50:34 PM","Faldeo Adrean Falsa","Tumbuhan","","","","","","","","","","","","Tumbuhan invasif lainnya","","","","Banten/ Kadondo : 8 pohon","","","","","","","","","","Sakit","","","","","","","","","","","","","","Tumbuhan fungsi lainnya","","","","b07fbba12d9e43bd9e60b8948599273c"
"Patrol","5","Feb 10, 2026","1:39:57 PM","118.12755833333334","-8.205581666666665","","May 1, 2026, 4:50:34 PM","Faldeo Adrean Falsa","Tumbuhan","","","","","","","","","","","","Belum Ada di List","","","","Karano yang buahnya bisa di makan manusia dan monyet : 1 pohon","","","","","","","","","","Sakit","","","","","","","","","","","","","","Tumbuhan fungsi lainnya","","","","b07fbba12d9e43bd9e60b8948599273c"
"Patrol","5","Feb 10, 2026","1:39:57 PM","118.12755833333334","-8.205581666666665","","May 1, 2026, 4:50:34 PM","Faldeo Adrean Falsa","Tumbuhan","","","","","","","","","","","","Belum Ada di List","","","","Belum tahu  Batang berduri Daun mirip Banten/Kadondo 1 pohon","","","","","","","","","","Sehat","","","","","","","","","","","","","","Tumbuhan fungsi lainnya","","","","b07fbba12d9e43bd9e60b8948599273c"
"Patrol","5","Feb 10, 2026","1:39:57 PM","118.12755833333334","-8.205581666666665","","May 1, 2026, 4:50:34 PM","Faldeo Adrean Falsa","Tumbuhan","","","","","","","","","","","","Belum Ada di List","","","","Belum tahu: 10","","","","","","","","","","Sehat","","","","","","","","","","","","","","Tumbuhan Bawah","","","","b07fbba12d9e43bd9e60b8948599273c"
"Patrol","5","Feb 10, 2026","1:39:57 PM","118.12755833333334","-8.205581666666665","","May 1, 2026, 4:50:34 PM","Faldeo Adrean Falsa","Tumbuhan","","","","","","","","","","","","Belum Ada di List","","","","Merambat Bergantung di tajuk pohon inang Daun mirip gamal tapi kecil 1 tanamam","","","","","","","","","","Sehat","","","","","","","","","","","","","","Tumbuhan fungsi lainnya","","","","b07fbba12d9e43bd9e60b8948599273c"
"Patrol","24","Feb 10, 2026","1:10:31 PM","118.13408333333334","-8.203313333333334","","May 1, 2026, 4:50:36 PM","Faldeo Adrean Falsa","Tumbuhan","","","","","","","","","","","","Rufe -  - Piliostigma malabaricum","","","","Berbunga","","","","","","","","","","Sehat","","","","","","","","","","","","","","Tumbuhan kayu keras","","","","0bc27239a6ba42cc988f491968d3dc4f"
"Patrol","23","Feb 10, 2026","1:08:58 PM","118.13414499999999","-8.203288333333335","","May 1, 2026, 4:50:36 PM","Faldeo Adrean Falsa","Satwa Liar","Perjumpaan Satwa","","","195.0","","10.0","","","","Tidak tahu","Burung","","1.0","","","Hingga di pohon kesambi","","","","","","","","","Hidup","","","","","","","","","","","ekor","Unknown","","","","Tidak tahu","","","b665d334a1de4ec9831a27b39f3816c3"
"Patrol","4","Feb 10, 2026","1:08:25 PM","118.12754833333332","-8.205585000000001","","May 1, 2026, 4:50:34 PM","Faldeo Adrean Falsa","Satwa Liar","Perjumpaan Satwa","","","335.0","","70.0","","","","Tidak tahu","Cikukua tanduk - Philemon buceroides","","1.0","","","-","","","","","","","","","Sehat","","","","","","","","","","","ekor","Unknown","","","","Tidak tahu","","","5855ca36c58148f8b43bce0d5d06286d"
"Patrol","3","Feb 10, 2026","1:05:50 PM","118.12756833333333","-8.205561666666666","","May 1, 2026, 4:50:34 PM","Faldeo Adrean Falsa","Satwa Liar","Perjumpaan Satwa","","","13.0","","20.0","","","","Tidak tahu","Belum ada di list","","1.0","","","Burung Kecui (Bima) ","","","","","","","","","Sehat","","","","","","","","","","","ekor","Unknown","","","","Tidak tahu","","","9de0bc6fd4e844ff9e6ce0ae774ebc79"
"Patrol","22","Feb 10, 2026","1:01:25 PM","118.13432333333334","-8.203495","","May 1, 2026, 4:50:36 PM","Faldeo Adrean Falsa","Satwa Liar","Perjumpaan Satwa","","","184.0","","20.0","","","","Tidak tahu","Burung","","1.0","","","Suara","","","","","","","","","Hidup","","","","","","","","","","","ekor","Unknown","","","","Tidak tahu","","","f91798021a474a49843876ab451ee299"
"Patrol","21","Feb 10, 2026","12:58:13 PM","118.13432333333334","-8.203495","","May 1, 2026, 4:50:36 PM","Faldeo Adrean Falsa","Tumbuhan","","","","","","","","","","","","Sambi - Kesambi - Schleichera oleosa","","","","","","","","","","","","","","Sehat","","","","","","","","","","","","","","Tumbuhan kayu keras","","","","67caf8cfeb0749a9b5540f7a4e0c685a"
"Patrol","2","Feb 10, 2026","12:57:55 PM","118.08468625169832","-8.400720867540864","","May 1, 2026, 3:53:23 PM","Faldeo Adrean Falsa","Tumbuhan","","","","","","","","","","","","Ndaru - Weru - Albizia procera","","","","Total 5 individu","","","","","","","","","","Sehat","","","","","","","","","","","","","","Tumbuhan kayu keras","","","","18ab04638066492b8465826a3d8b5bc5"
"Patrol","2","Feb 10, 2026","12:57:55 PM","118.08468625169832","-8.400720867540864","","May 1, 2026, 3:53:23 PM","Faldeo Adrean Falsa","Tumbuhan","","","","","","","","","","","","Toa - Ketimunan - Timonius timon","","","","2 individu","","","","","","","","","","Sehat","","","","","","","","","","","","","","Tumbuhan kayu keras","","","","18ab04638066492b8465826a3d8b5bc5"
"Patrol","2","Feb 10, 2026","12:57:55 PM","118.08468625169832","-8.400720867540864","","May 1, 2026, 3:53:23 PM","Faldeo Adrean Falsa","Tumbuhan","","","","","","","","","","","","Sarume maju - Malaka - Phyllanthus emblica","","","","10 individu","","","","","","","","","","Sehat","","","","","","","","","","","","","","Tumbuhan kayu keras","","","","18ab04638066492b8465826a3d8b5bc5"
"Patrol","2","Feb 10, 2026","12:57:55 PM","118.08468625169832","-8.400720867540864","","May 1, 2026, 3:53:23 PM","Faldeo Adrean Falsa","Tumbuhan","","","","","","","","","","","","Rida - Pulai - Alstonia scholaris","","","","4 Individu","","","","","","","","","","Sehat","","","","","","","","","","","","","","Tumbuhan kayu keras","","","","18ab04638066492b8465826a3d8b5bc5"
"Patrol","20","Feb 10, 2026","12:56:59 PM","118.13429","-8.203354999999998","","May 1, 2026, 4:50:36 PM","Faldeo Adrean Falsa","Tumbuhan","","","","","","","","","","","","Sarume maju - Malaka - Phyllanthus emblica","","","","","","","","","","","","","","Sehat","","","","","","","","","","","","","","Tumbuhan kayu keras","","","","cb6ca6fe576d45369c99697642a4b214"
"Patrol","19","Feb 10, 2026","12:55:02 PM","118.13430666666666","-8.203265","","May 1, 2026, 4:50:36 PM","Faldeo Adrean Falsa","Tumbuhan","","","","","","","","","","","","Loka - Lelak - Uvaria rufa","","","","Anakan, loka nasi","","","","","","","","","","Sehat","","","","","","","","","","","","","","Tumbuhan kayu keras","","","","38497f6a220e45e8a5591bde30d2fa44"
"Patrol","18","Feb 10, 2026","12:53:26 PM","118.13428166666667","-8.203393333333334","","May 1, 2026, 4:50:36 PM","Faldeo Adrean Falsa","Tumbuhan","","","","","","","","","","","","Rufe -  - Piliostigma malabaricum","","","","","","","","","","","","","","Sehat","","","","","","","","","","","","","","Tumbuhan kayu keras","","","","0d3efa21c3174849b4efb35e2291e313"
"Patrol","17","Feb 10, 2026","12:51:50 PM","118.13439833333332","-8.20342","","May 1, 2026, 4:50:36 PM","Faldeo Adrean Falsa","Tumbuhan","","","","","","","","","","","","Sareo - Terisi - Albizia lebbekoides","","","","","","","","","","","","","","Mati","","","","","","","","","","","","","","Tumbuhan kayu keras","","","","22fb880eb9d346bebbb6563d862456c0"
"Patrol","16","Feb 10, 2026","12:47:20 PM","118.13431833333334","-8.203339999999999","","May 1, 2026, 4:50:36 PM","Faldeo Adrean Falsa","Tumbuhan","","","","","","","","","","","","Belum Ada di List","","","","Seruncu","","","","","","","","","","Sehat","","","","","","","","","","","","","","Tumbuhan Bawah","","","","1da4720af69c4720bc85a8aaf980ebdd"
"Patrol","15","Feb 10, 2026","12:44:13 PM","118.13426166666667","-8.203271666666666","","May 1, 2026, 4:50:36 PM","Faldeo Adrean Falsa","Tumbuhan","","","","","","","","","","","","Sambi - Kesambi - Schleichera oleosa","","","","","","","","","","","","","","Sehat","","","","","","","","","","","","","","Tumbuhan kayu keras","","","","2a61b0d6d7224f5a9f8aad2d4b5c3627"
"Patrol","14","Feb 10, 2026","12:38:45 PM","118.13446833333334","-8.203225","","May 1, 2026, 4:50:35 PM","Faldeo Adrean Falsa","Tumbuhan","","","","","","","","","","","","Sarume maju - Malaka - Phyllanthus emblica","","","","Berbuah","","","","","","","","","","Sehat","","","","","","","","","","","","","","Tumbuhan kayu keras","","","","a604bd12b1b44539b6621713b66a0649"
"Patrol","13","Feb 10, 2026","12:33:40 PM","118.13593","-8.202485","","May 1, 2026, 4:50:35 PM","Faldeo Adrean Falsa","Ground Check","Tutupan Lahan","","","","","","","","","","","","","","","","Non Open Area","Savana/ Padang Rumput","","","","","","","","","","","","","","","","","","","","","","","","","","a1c69309d84d451389c27c44d36e6c44"
"Patrol","12","Feb 10, 2026","12:32:50 PM","118.13602833333334","-8.202465","","May 1, 2026, 4:50:35 PM","Faldeo Adrean Falsa","Ground Check","Tipe Ekosistem","","","","","","","","","","","","","","","","","","Alami","Ekosistem Teresterial","Daratan Rendah (0-1000mdpl)","Savana","","","","","","","","","","","","","","","","","","","","","","4a4adbd6dff442a39521f6fc8fcd72a5"
"Patrol","11","Feb 10, 2026","12:28:30 PM","118.13594499999999","-8.202421666666668","","May 1, 2026, 4:50:35 PM","Faldeo Adrean Falsa","Tumbuhan","","","","","","","","","","","","Sambi - Kesambi - Schleichera oleosa","","","","","","","","","","","","","","Sehat","","","","","","","","","","","","","","Tumbuhan kayu keras","","","","ad7895644ca24622a7edb0afa25f9e78"
"Patrol","10","Feb 10, 2026","12:26:37 PM","118.13614000000001","-8.202513333333334","","May 1, 2026, 4:50:35 PM","Faldeo Adrean Falsa","Tumbuhan","","","","","","","","","","","","Teride - Tembelekan - Lantana camara","","","","Peride","","","","","","","","","","","","","","","","","","","","","","","","Tumbuhan fungsi lainnya","","","","312f3acd66294565ba0f600631f582bf"
"Patrol","9","Feb 10, 2026","12:23:26 PM","118.13633166666665","-8.202503333333334","","May 1, 2026, 4:50:35 PM","Faldeo Adrean Falsa","Tumbuhan","","","","","","","","","","","","Tumbuhan Tambora","","","","Ndau","","","","","","","","","","","","","","","","","","","","","","","","Tumbuhan kayu keras","","","","99e3d5d3c2f54b92ad6157c1d169ce26"
"Patrol","8","Feb 10, 2026","12:20:49 PM","118.13635833333335","-8.202285","","May 1, 2026, 4:50:35 PM","Faldeo Adrean Falsa","Tumbuhan","","","","","","","","","","","","Sambi - Kesambi - Schleichera oleosa","","","","","","","","","","","","","","Sehat","","","","","","","","","","","","","","Tumbuhan kayu keras","","","","d35ea16d58b246c3b66ac583fc45b59b"
"Patrol","7","Feb 10, 2026","12:19:27 PM","118.13626833333335","-8.202418333333332","","May 1, 2026, 4:50:35 PM","Faldeo Adrean Falsa","Satwa Liar","Perjumpaan Satwa","","","","","30.0","","","","Tidak tahu","Burung","","1.0","","","Bersuara","","","","","","","","","Hidup","","","","","","","","","","","ekor","Unknown","","","","Tidak tahu","","","eb7cb5388d444535b8825f1979279b67"
"Patrol","6","Feb 10, 2026","12:14:46 PM","118.13628333333332","-8.202326666666666","","May 1, 2026, 4:50:35 PM","Faldeo Adrean Falsa","Tumbuhan","","","","","","","","","","","","Rangga - Bidara - Ziziphus mauritiana","","","","","","","","","","","","","","Sehat","","","","","","","","","","","","","","Tumbuhan kayu keras","","","","bc3dab43c77d42bd85eb35e8ac7487c3"
"Patrol","5","Feb 10, 2026","12:12:47 PM","118.13634166666667","-8.202463333333332","","May 1, 2026, 4:50:35 PM","Faldeo Adrean Falsa","Tumbuhan","","","","","","","","","","","","Rufe -  - Piliostigma malabaricum","","","","","","","","","","","","","","Sehat","","","","","","","","","","","","","","Tumbuhan kayu keras","","","","d86615dc30624622a9206217f33f246f"
"Patrol","4","Feb 10, 2026","12:11:01 PM","118.13645166666666","-8.202409999999999","","May 1, 2026, 4:50:35 PM","Faldeo Adrean Falsa","Tumbuhan","","","","","","","","","","","","Sarume maju - Malaka - Phyllanthus emblica","","","","Berbuah","","","","","","","","","","Sehat","","","","","","","","","","","","","","Tumbuhan kayu keras","","","","ed0a1cad3b7d40c4978e76ff4ba6aed2"
"Patrol","3","Feb 10, 2026","11:16:09 AM","118.14105833333333","-8.200581666666666","","May 1, 2026, 4:50:35 PM","Faldeo Adrean Falsa","Satwa Liar","Perjumpaan Satwa","","","345.0","","30.0","","","","Tidak tahu","Elang","","3.0","","","Terbang","","","","","","","","","Hidup","","","","","","","","","","","ekor","Dilindungi","","","","Tidak tahu","","","74fa5e3347144b5a8937dce4fba0308b"
"Patrol","2","Feb 10, 2026","11:13:49 AM","118.14105833333333","-8.200581666666666","","May 1, 2026, 4:50:35 PM","Faldeo Adrean Falsa","Fitur","Pal Batas","","","","","","","","","","","","","","","","","","","","","","","Baik","","","","","","","","TN 172","","","Tidak","","","","","Beton","","","","003f2cdd5df14dbc945dbad720772994"
"Patrol","2","Feb 10, 2026","11:13:30 AM","118.14111","-8.20057","","May 1, 2026, 4:50:34 PM","Faldeo Adrean Falsa","Fitur","Pal Batas","","","","","","","","","","","","","","","Tidak ada","","","","","","","","Baik","","","","","","","","TN 172","","","Tidak","","","","","Beton","","","","7d4cd9ff15de4a54b027901177ac8dc7"
"Patrol","21","Feb 5, 2026","2:29:06 PM","118.01646166666666","-8.402781666666668","","May 1, 2026, 3:53:00 PM","Faldeo Adrean Falsa","Tumbuhan","","","","","","","","","","","","Danta ndolo - Andulpak - Homalanthus giganteus","","","","","","","","","","","","","","Sehat","","","","","","","","","","","","","","Tumbuhan kayu keras","","","","e140bd0ec8174e308e651452e7cae5c1"
"Patrol","18","Feb 5, 2026","2:27:34 PM","118.01649833333335","-8.402768333333334","","May 1, 2026, 3:53:00 PM","Faldeo Adrean Falsa","Tumbuhan","","","","","","","","","","","","Mposu - Awar-awar - Ficus septica","","","","","","","","","","","","","","Sehat","","","","","","","","","","","","","","Tumbuhan pakan satwa","","","","545b87bf6c5247eebb2c1f32f7c29742"
"Patrol","18","Feb 5, 2026","2:27:34 PM","118.01649833333335","-8.402768333333334","","May 1, 2026, 3:53:00 PM","Faldeo Adrean Falsa","Satwa Liar","Perjumpaan Satwa","","","117.0","","250.0","","","","Tidak tahu","Nuri Pipi Merah - Geoffroyus geoffroyi","","1.0","","","Suara","","","","","","","","","Sehat","","","","","","","","","","","ekor","Tidak Dilindungi","","","","Tidak tahu","","","545b87bf6c5247eebb2c1f32f7c29742"
"Patrol","18","Feb 5, 2026","2:27:34 PM","118.01649833333335","-8.402768333333334","","May 1, 2026, 3:53:00 PM","Faldeo Adrean Falsa","Tumbuhan","","","","","","","","","","","","Belum Ada di List","","","","Menga(Melia azedarach) ","","","","","","","","","","Sehat","","","","","","","","","","","","","","Tumbuhan kayu keras","","","","545b87bf6c5247eebb2c1f32f7c29742"
"Patrol","3","Feb 5, 2026","2:24:39 PM","118.2545172","-8.35405505","","May 1, 2026, 3:53:09 PM","Faldeo Adrean Falsa","Penjagaan Jalur Pendakian dan ODTWA","Pelayanan Pengunjung Wisata","","","","","","","Pendakian Berkendara","","","","","","","","","","","","","","","","","","","","","","","","","","","","","","","","","","","","697458fbbdad46e2a3a16cdea48c98f8"
"Patrol","12","Feb 5, 2026","2:05:01 PM","118.01573166666667","-8.399528333333334","","May 1, 2026, 3:53:00 PM","Faldeo Adrean Falsa","Tumbuhan","","","","","","","","","","","","Tula - Legaran - Alstonia spectabilis","","","","","","","","","","","","","","Sehat","","","","","","","","","","","","","","Tumbuhan kayu keras","","","","0d13b2f96b9c4a08aca06a070e108995"
"Patrol","12","Feb 5, 2026","2:05:01 PM","118.01573166666667","-8.399528333333334","","May 1, 2026, 3:53:00 PM","Faldeo Adrean Falsa","Ground Check","Tipe Ekosistem","","","","","","","","","","","","","","","","","","Alami","Ekosistem Teresterial","Daratan Rendah (0-1000mdpl)","Hutan Pamah","","","","","","","","","","","","","","","","","","","","","","0d13b2f96b9c4a08aca06a070e108995"
"Patrol","12","Feb 5, 2026","2:05:01 PM","118.01573166666667","-8.399528333333334","","May 1, 2026, 3:53:00 PM","Faldeo Adrean Falsa","Ground Check","Tutupan Lahan","","","","","","","","","","","","","","","","Non Open Area","Hutan Monsun","","","","","","","","","","","","","","","","","","","","","","","","","","0d13b2f96b9c4a08aca06a070e108995"
"Patrol","12","Feb 5, 2026","2:05:01 PM","118.01573166666667","-8.399528333333334","","May 1, 2026, 3:53:00 PM","Faldeo Adrean Falsa","Tumbuhan","","","","","","","","","","","","Ndaru - Weru - Albizia procera","","","","","","","","","","","","","","Sehat","","","","","","","","","","","","","","Tumbuhan kayu keras","","","","0d13b2f96b9c4a08aca06a070e108995"
"Patrol","12","Feb 5, 2026","2:05:01 PM","118.01573166666667","-8.399528333333334","","May 1, 2026, 3:53:00 PM","Faldeo Adrean Falsa","Tumbuhan","","","","","","","","","","","","Danta ndolo - Andulpak - Homalanthus giganteus","","","","","","","","","","","","","","Sehat","","","","","","","","","","","","","","Tumbuhan kayu keras","","","","0d13b2f96b9c4a08aca06a070e108995"
"Patrol","12","Feb 5, 2026","2:05:01 PM","118.01573166666667","-8.399528333333334","","May 1, 2026, 3:53:00 PM","Faldeo Adrean Falsa","Tumbuhan","","","","","","","","","","","","Loka - Lelak - Uvaria rufa","","","","","","","","","","","","","","Sehat","","","","","","","","","","","","","","Tumbuhan pakan satwa","","","","0d13b2f96b9c4a08aca06a070e108995"
"Patrol","2","Feb 5, 2026","1:09:41 PM","118.12813726","-8.15332628","","May 1, 2026, 3:53:09 PM","Faldeo Adrean Falsa","Penyuluhan dan Pemberdayaan Masyarakat","Anjangsana","","","","","","Anjangsana","","","","","","","","","","","","","","","","","","","","","","","Masyarakat Mitra Polhut dan Masyarakat Peduli Api","","","","","","","","","","","","","","b5d8f6443151485bb459c271ec8cac16"
"Patrol","9","Feb 5, 2026","12:15:28 PM","118.02041833333332","-8.393635","","May 1, 2026, 3:53:00 PM","Faldeo Adrean Falsa","Satwa Liar","Perjumpaan Satwa","","","282.0","","50.0","","","","Tidak tahu","Kirik-kirik australia - Merops ornatus","","8.0","","","","","","","","","","","","Sehat","","","","","","","","","","","ekor","Tidak Dilindungi","","","","Tidak tahu","","","03452355a15146f6b7f2db7c5f583b07"
"Patrol","9","Feb 5, 2026","12:15:28 PM","118.02041833333332","-8.393635","","May 1, 2026, 3:53:00 PM","Faldeo Adrean Falsa","Tumbuhan","","","","","","","","","","","","Toa - Ketimunan - Timonius timon","","","","","","","","","","","","","","Sehat","","","","","","","","","","","","","","Tumbuhan kayu keras","","","","03452355a15146f6b7f2db7c5f583b07"
"Patrol","9","Feb 5, 2026","12:15:28 PM","118.02041833333332","-8.393635","","May 1, 2026, 3:53:00 PM","Faldeo Adrean Falsa","Satwa Liar","Perjumpaan Satwa","","","194.0","","4.0","","","","Tidak tahu","Macan abu abu sayu - Ideopsis juventa","","1.0","","","","","","","","","","","","Sehat","","","","","","","","","","","ekor","Tidak Dilindungi","","","","Tidak tahu","","","03452355a15146f6b7f2db7c5f583b07"
"Patrol","3","Feb 5, 2026","12:05:05 PM","118.02054000000001","-8.393796666666667","","May 1, 2026, 3:53:00 PM","Faldeo Adrean Falsa","Ground Check","Tipe Ekosistem","","","","","","","","","","","","","","","","","","Alami","Ekosistem Teresterial","Daratan Rendah (0-1000mdpl)","Hutan Pamah","","","","","","","","","","","","","","","","","","","","","","b7357f0bff66401199ecb65cca35fe72"
"Patrol","3","Feb 5, 2026","12:05:05 PM","118.02054000000001","-8.393796666666667","","May 1, 2026, 3:53:00 PM","Faldeo Adrean Falsa","Ground Check","Tutupan Lahan","","","","","","","","","","","","","","","","Non Open Area","Hutan Monsun","","","","","","","","","","","","","","","","","","","","","","","","","","b7357f0bff66401199ecb65cca35fe72"
"Patrol","3","Feb 5, 2026","12:05:05 PM","118.02054000000001","-8.393796666666667","","May 1, 2026, 3:53:00 PM","Faldeo Adrean Falsa","Tumbuhan","","","","","","","","","","","","Belum Ada di List","","","","","","","","","","","","","","Sehat","","","","","","","","","","","","","","Tumbuhan kayu keras","","","","b7357f0bff66401199ecb65cca35fe72"
"Patrol","3","Feb 5, 2026","12:05:05 PM","118.02054000000001","-8.393796666666667","","May 1, 2026, 3:53:00 PM","Faldeo Adrean Falsa","Tumbuhan","","","","","","","","","","","","Duwet - Syzygium cumini","","","","","","","","","","","","","","Sehat","","","","","","","","","","","","","","Tumbuhan pakan satwa","","","","b7357f0bff66401199ecb65cca35fe72"
"Patrol","3","Feb 5, 2026","12:05:05 PM","118.02054000000001","-8.393796666666667","","May 1, 2026, 3:53:00 PM","Faldeo Adrean Falsa","Tumbuhan","","","","","","","","","","","","Luhu - Walikukun - Schoutenia ovata","","","","","","","","","","","","","","Sehat","","","","","","","","","","","","","","Tumbuhan kayu keras","","","","b7357f0bff66401199ecb65cca35fe72"
"Patrol","3","Feb 5, 2026","12:05:05 PM","118.02054000000001","-8.393796666666667","","May 1, 2026, 3:53:00 PM","Faldeo Adrean Falsa","Tumbuhan","","","","","","","","","","","","Sambi - Kesambi - Schleichera oleosa","","","","","","","","","","","","","","Sehat","","","","","","","","","","","","","","Tumbuhan kayu keras","","","","b7357f0bff66401199ecb65cca35fe72"
"Patrol","2","Feb 5, 2026","11:22:53 AM","118.01780333333333","-8.391638333333333","","May 1, 2026, 3:23:01 PM","Faldeo Adrean Falsa","Satwa Liar","Perjumpaan Satwa","","","171.0","","20.0","","","","Tidak tahu","Nuri Pipi Merah - Geoffroyus geoffroyi","","1.0","","","","","","","","","","","","Sehat","","","","","","","","","","","ekor","Tidak Dilindungi","","","","Tidak tahu","","","828efdf4774543aca7e7ca8ae6291f2b"
"Patrol","26","Feb 4, 2026","2:24:05 PM","118.05711000000001","-8.405399999999998","","May 1, 2026, 3:53:00 PM","Faldeo Adrean Falsa","Fitur","Pal Batas","","","","","","","","","","","","","","","","","","","","","","","Nomor register terhapus","","","","","","","","631","","","Ya","","","","","Beton","","","","e00a1843401c4eb4a3ef13e5ec939421"
"Patrol","24","Feb 4, 2026","2:13:43 PM","118.06102666666666","-8.402953333333333","","May 1, 2026, 3:53:00 PM","Faldeo Adrean Falsa","Ground Check","Tutupan Lahan","","","","","","","","","","","","","","","","Open Area","Hutan Monsun","","","","","","","","","","","","","","","","","","","","","","","","","","c01153f664364f1d89a31d87a2acda6e"
"Patrol","24","Feb 4, 2026","2:13:43 PM","118.06102666666666","-8.402953333333333","","May 1, 2026, 3:53:00 PM","Faldeo Adrean Falsa","Ground Check","Tipe Ekosistem","","","","","","","","","","","","","","","","","","Alami","Ekosistem Teresterial","Daratan Rendah (0-1000mdpl)","Pamah","","","","","","","","","","","","","","","","","","","","","","c01153f664364f1d89a31d87a2acda6e"
"Patrol","21","Feb 4, 2026","2:09:19 PM","118.06121","-8.402776666666666","","May 1, 2026, 3:22:58 PM","Faldeo Adrean Falsa","Satwa Liar","Perjumpaan Satwa","","","219.0","","70.0","","","","Tidak tahu","Belum ada di list","","1.0","","","Kempodu moro? ","","","","","","","","","Sehat","","","","","","","","","","","ekor","Tidak Dilindungi","","","","Tidak tahu","","","40ee52a37e0443b3acad8a56c7ca387f"
"Patrol","21","Feb 4, 2026","2:09:19 PM","118.06121","-8.402776666666666","","May 1, 2026, 3:22:58 PM","Faldeo Adrean Falsa","Satwa Liar","Perjumpaan Satwa","","","245.0","","70.0","","","","Tidak tahu","Kacamata biasa - Zosterops melanurus","","1.0","","","","","","","","","","","","Sehat","","","","","","","","","","","ekor","Tidak Dilindungi","","","","Tidak tahu","","","40ee52a37e0443b3acad8a56c7ca387f"
"Patrol","21","Feb 4, 2026","2:09:19 PM","118.06121","-8.402776666666666","","May 1, 2026, 3:22:58 PM","Faldeo Adrean Falsa","Satwa Liar","Perjumpaan Satwa","","","214.0","","60.0","","","","Tidak tahu","Kipasan flores - Rhipidura diluta","","1.0","","","","","","","","","","","","Sehat","","","","","","","","","","","ekor","Tidak Dilindungi","","","","Tidak tahu","","","40ee52a37e0443b3acad8a56c7ca387f"
"Patrol","14","Feb 4, 2026","1:58:31 PM","118.06162","-8.402051666666667","","May 1, 2026, 3:53:00 PM","Faldeo Adrean Falsa","Tumbuhan","","","","","","","","","","","","Tula - Legaran - Alstonia spectabilis","","","","","","","","","","","","","","Sehat","","","","","","","","","","","","","","Tumbuhan kayu keras","","","","68c1c58fc94f4395ad151d7ddd215005"
"Patrol","14","Feb 4, 2026","1:58:31 PM","118.06162","-8.402051666666667","","May 1, 2026, 3:53:00 PM","Faldeo Adrean Falsa","Tumbuhan","","","","","","","","","","","","Sareo - Terisi - Albizia lebbekoides","","","","","","","","","","","","","","Sehat","","","","","","","","","","","","","","Tumbuhan kayu keras","","","","68c1c58fc94f4395ad151d7ddd215005"
"Patrol","14","Feb 4, 2026","1:58:31 PM","118.06162","-8.402051666666667","","May 1, 2026, 3:53:00 PM","Faldeo Adrean Falsa","Tumbuhan","","","","","","","","","","","","Sambi - Kesambi - Schleichera oleosa","","","","","","","","","","","","","","Sehat","","","","","","","","","","","","","","Tumbuhan kayu keras","","","","68c1c58fc94f4395ad151d7ddd215005"
"Patrol","14","Feb 4, 2026","1:58:31 PM","118.06162","-8.402051666666667","","May 1, 2026, 3:53:00 PM","Faldeo Adrean Falsa","Satwa Liar","Perjumpaan Satwa","","","181.0","","50.0","","","","Tidak tahu","Cekakak Tunggir Putih - Caridonax fulgidus","","1.0","","","","","","","","","","","","Sehat","","","","","","","","","","","ekor","Tidak Dilindungi","","","","Tidak tahu","","","68c1c58fc94f4395ad151d7ddd215005"
"Patrol","14","Feb 4, 2026","1:58:31 PM","118.06162","-8.402051666666667","","May 1, 2026, 3:53:00 PM","Faldeo Adrean Falsa","Satwa Liar","Perjumpaan Satwa","","","223.0","","100.0","","","","Tidak tahu","Ayam Hutan Hijau - Gallus varius","","1.0","","","","","","","","","","","","Sehat","","","","","","","","","","","ekor","Tidak Dilindungi","","","","Tidak tahu","","","68c1c58fc94f4395ad151d7ddd215005"
"Patrol","14","Feb 4, 2026","1:58:31 PM","118.06162","-8.402051666666667","","May 1, 2026, 3:53:00 PM","Faldeo Adrean Falsa","Tumbuhan","","","","","","","","","","","","Danta ndolo - Mahang - Macaranga tanarius","","","","","","","","","","","","","","Sehat","","","","","","","","","","","","","","Tumbuhan kayu keras","","","","68c1c58fc94f4395ad151d7ddd215005"
"Patrol","14","Feb 4, 2026","1:58:31 PM","118.06162","-8.402051666666667","","May 1, 2026, 3:53:00 PM","Faldeo Adrean Falsa","Aktivitas Manusia","Pembalakan","","","","","","","","","","","Tula - Legaran - Alstonia spectabilis","15.0","","Aktif","","","","","","","","","","","","","","","","","","Ya","","Ya","ekor","","","Dimusnahkan","Kayu bulat Kecil","","Baru (dalam 1 minggu)","","68c1c58fc94f4395ad151d7ddd215005"
"Patrol","53","Feb 4, 2026","1:30:49 PM","118.16303166666667","-8.271593333333334","","May 1, 2026, 3:53:11 PM","Faldeo Adrean Falsa","Fitur","Pal Batas","","","","","","","","","","","","","","","Nomor pak sudah tidak dapat dibaca","","","","","","","","Rusak","","","","","","","","289","","","Ya","","","","","Beton","","","","beffd8acd1414c4582739060abe8e9c0"
"Patrol","52","Feb 4, 2026","1:26:52 PM","118.16231833333335","-8.270981666666668","","May 1, 2026, 3:53:11 PM","Faldeo Adrean Falsa","Tumbuhan","","","","","","","","","","","","Rufe -  - Piliostigma malabaricum","","","","","","","","","","","","","","Sehat","","","","","","","","","","","","","","Tumbuhan kayu keras","","","","33c9dfef314245548a32073037c71c32"
"Patrol","51","Feb 4, 2026","1:25:05 PM","118.16229","-8.270938333333334","","May 1, 2026, 3:53:11 PM","Faldeo Adrean Falsa","Fitur","Pal Batas","","","","","","","","","","","","","","","Bagian Pangkal Pal Rusak","","","","","","","","Rusak","","","","","","","","288","","","Ya","","","","","Beton","","","","7aad311effbc445783c45790ac23bb56"
"Patrol","50","Feb 4, 2026","1:22:30 PM","118.16248166666668","-8.271033333333332","","May 1, 2026, 3:53:11 PM","Faldeo Adrean Falsa","Tumbuhan","","","","","","","","","","","","Belum Ada di List","","","","","","","","","","","","","","Sehat","","","","","","","","","","","","","","Tumbuhan kayu keras","","","","6499c7d6074040799fffbe2fa0d437bf"
"Patrol","49","Feb 4, 2026","1:18:44 PM","118.16149333333333","-8.271436666666666","","May 1, 2026, 3:53:11 PM","Faldeo Adrean Falsa","Tumbuhan","","","","","","","","","","","","Belum Ada di List","","","","","","","","","","","","","","Sehat","","","","","","","","","","","","","","Tumbuhan kayu keras","","","","84e411e3d884421b998463d743ac34d7"
"Patrol","48","Feb 4, 2026","1:12:33 PM","118.15970999999999","-8.271421666666667","","May 1, 2026, 3:53:11 PM","Faldeo Adrean Falsa","Tumbuhan","","","","","","","","","","","","Belum Ada di List","","","","","","","","","","","","","","Sehat","","","","","","","","","","","","","","Tumbuhan fungsi lainnya","","","","e07c410919b847d08bdded1ee107ad2f"
"Patrol","47","Feb 4, 2026","1:09:30 PM","118.159285","-8.271768333333334","","May 1, 2026, 3:53:11 PM","Faldeo Adrean Falsa","Tumbuhan","","","","","","","","","","","","Belum Ada di List","","","","Nama lokal pohon Nonu. Belum masuk dalam daftar nama pohon tambora","","","","","","","","","","Sehat","","","","","","","","","","","","","","Tumbuhan fungsi lainnya","","","","8bcc97ad005e4f0fadd056c15a1715d2"
"Patrol","46","Feb 4, 2026","12:59:38 PM","118.15833166666668","-8.272601666666667","","May 1, 2026, 3:53:11 PM","Faldeo Adrean Falsa","Tumbuhan","","","","","","","","","","","","Sarume maju - Malaka - Phyllanthus emblica","","","","","","","","","","","","","","Sehat","","","","","","","","","","","","","","Tumbuhan kayu keras","","","","5853cea25f1a48d79d95ab321c945f43"
"Patrol","45","Feb 4, 2026","12:43:41 PM","118.15396333333335","-8.274273333333333","","May 1, 2026, 3:53:11 PM","Faldeo Adrean Falsa","Tumbuhan","","","","","","","","","","","","Toa - Ketimunan - Timonius timon","","","","","","","","","","","","","","Sehat","","","","","","","","","","","","","","Tumbuhan kayu keras","","","","3b3903e86da248609723fd09239a383c"
"Patrol","44","Feb 4, 2026","12:42:01 PM","118.15403166666668","-8.273945","","May 1, 2026, 3:53:11 PM","Faldeo Adrean Falsa","Tumbuhan","","","","","","","","","","","","Sarume maju - Malaka - Phyllanthus emblica","","","","","","","","","","","","","","Sehat","","","","","","","","","","","","","","Tumbuhan kayu keras","","","","d33f50c2d1e543be941d9f9aaa7ac5ad"
"Patrol","43","Feb 4, 2026","12:41:08 PM","118.15411333333334","-8.273928333333334","","May 1, 2026, 3:53:11 PM","Faldeo Adrean Falsa","Tumbuhan","","","","","","","","","","","","Sarume maju - Malaka - Phyllanthus emblica","","","","","","","","","","","","","","Sehat","","","","","","","","","","","","","","Tumbuhan kayu keras","","","","a047ff786c454321b5bff9698ac57967"
"Patrol","9","Feb 4, 2026","12:40:38 PM","118.06075333333335","-8.403128333333333","","May 1, 2026, 3:53:00 PM","Faldeo Adrean Falsa","Tumbuhan","","","","","","","","","","","","Duwet - Syzygium cumini","","","","","","","","","","","","","","Sehat","","","","","","","","","","","","","","Tumbuhan kayu keras","","","","d27825465e3e4c89a9266fd9f67a7c31"
"Patrol","9","Feb 4, 2026","12:40:38 PM","118.06075333333335","-8.403128333333333","","May 1, 2026, 3:53:00 PM","Faldeo Adrean Falsa","Tumbuhan","","","","","","","","","","","","Luhu - Walikukun - Schoutenia ovata","","","","","","","","","","","","","","Sehat","","","","","","","","","","","","","","Tumbuhan kayu keras","","","","d27825465e3e4c89a9266fd9f67a7c31"
"Patrol","9","Feb 4, 2026","12:40:38 PM","118.06075333333335","-8.403128333333333","","May 1, 2026, 3:53:00 PM","Faldeo Adrean Falsa","Satwa Liar","Perjumpaan Satwa","","","96.0","","2.0","","","","Tidak tahu","Macan abu abu sayu - Ideopsis juventa","","1.0","","","","","","","","","","","","Sehat","","","","","","","","","","","ekor","Tidak Dilindungi","","","","Tidak tahu","","","d27825465e3e4c89a9266fd9f67a7c31"
"Patrol","9","Feb 4, 2026","12:40:38 PM","118.06075333333335","-8.403128333333333","","May 1, 2026, 3:53:00 PM","Faldeo Adrean Falsa","Tumbuhan","","","","","","","","","","","","Sambi - Kesambi - Schleichera oleosa","","","","","","","","","","","","","","Sehat","","","","","","","","","","","","","","Tumbuhan kayu keras","","","","d27825465e3e4c89a9266fd9f67a7c31"
"Patrol","9","Feb 4, 2026","12:40:38 PM","118.06075333333335","-8.403128333333333","","May 1, 2026, 3:53:00 PM","Faldeo Adrean Falsa","Tumbuhan","","","","","","","","","","","","Ndaru - Weru - Albizia procera","","","","","","","","","","","","","","Sehat","","","","","","","","","","","","","","Tumbuhan kayu keras","","","","d27825465e3e4c89a9266fd9f67a7c31"
"Patrol","42","Feb 4, 2026","12:39:40 PM","118.15429666666665","-8.274098333333335","","May 1, 2026, 3:53:11 PM","Faldeo Adrean Falsa","Tumbuhan","","","","","","","","","","","","Rida - Pulai - Alstonia scholaris","","","","","","","","","","","","","","Sehat","","","","","","","","","","","","","","Tumbuhan kayu keras","","","","8e2194429dcd4c57abeba5e480423277"
"Patrol","41","Feb 4, 2026","12:37:43 PM","118.15433333333334","-8.274251666666666","","May 1, 2026, 3:53:11 PM","Faldeo Adrean Falsa","Tumbuhan","","","","","","","","","","","","Rufe -  - Piliostigma malabaricum","","","","","","","","","","","","","","Sehat","","","","","","","","","","","","","","Tumbuhan kayu keras","","","","22a933b8a5014c7b86e3da2f4a1fe20b"
"Patrol","40","Feb 4, 2026","12:36:50 PM","118.15434333333333","-8.274228333333333","","May 1, 2026, 3:53:11 PM","Faldeo Adrean Falsa","Tumbuhan","","","","","","","","","","","","Rino - Cenderai - Grewia eriocarpa","","","","","","","","","","","","","","Sehat","","","","","","","","","","","","","","Tumbuhan kayu keras","","","","edb482be288b4bd2bddce9d52fce2dc3"
"Patrol","39","Feb 4, 2026","12:35:23 PM","118.15435000000001","-8.274253333333332","","May 1, 2026, 3:53:11 PM","Faldeo Adrean Falsa","Tumbuhan","","","","","","","","","","","","Due - Beringin - Ficus benjamina","","","","","","","","","","","","","","Sehat","","","","","","","","","","","","","","Tumbuhan kayu keras","","","","fea8075d25cd47d2a70dd41e8fa87e78"
"Patrol","38","Feb 4, 2026","12:34:05 PM","118.15436333333334","-8.274331666666665","","May 1, 2026, 3:53:11 PM","Faldeo Adrean Falsa","Tumbuhan","","","","","","","","","","","","Rufe -  - Piliostigma malabaricum","","","","","","","","","","","","","","Sehat","","","","","","","","","","","","","","Tumbuhan kayu keras","","","","7139d68e567c4c8db616764f3ea179f9"
"Patrol","37","Feb 4, 2026","12:32:58 PM","118.15457666666667","-8.274203333333332","","May 1, 2026, 3:53:11 PM","Faldeo Adrean Falsa","Tumbuhan","","","","","","","","","","","","Tula - Legaran - Alstonia spectabilis","","","","","","","","","","","","","","Sehat","","","","","","","","","","","","","","Tumbuhan kayu keras","","","","eb528613e52841fdb6aeee21ea6c145e"
"Patrol","36","Feb 4, 2026","12:31:54 PM","118.15461666666667","-8.274161666666666","","May 1, 2026, 3:53:11 PM","Faldeo Adrean Falsa","Tumbuhan","","","","","","","","","","","","Danta ndolo - Andulpak - Homalanthus giganteus","","","","","","","","","","","","","","Sehat","","","","","","","","","","","","","","Tumbuhan kayu keras","","","","69395ae564854956a848890dbcc8b380"
"Patrol","35","Feb 4, 2026","12:29:17 PM","118.15444166666666","-8.274521666666667","","May 1, 2026, 3:53:11 PM","Faldeo Adrean Falsa","Tumbuhan","","","","","","","","","","","","Sarume maju - Malaka - Phyllanthus emblica","","","","","","","","","","","","","","Sehat","","","","","","","","","","","","","","Tumbuhan kayu keras","","","","77f50909902345c8a514fdc81a527caa"
"Patrol","34","Feb 4, 2026","12:28:20 PM","118.154395","-8.274560000000001","","May 1, 2026, 3:53:11 PM","Faldeo Adrean Falsa","Tumbuhan","","","","","","","","","","","","Rufe -  - Piliostigma malabaricum","","","","","","","","","","","","","","Sehat","","","","","","","","","","","","","","Tumbuhan kayu keras","","","","2433edcdf50148b8a8f49b00ba005854"
"Patrol","2","Feb 4, 2026","12:27:51 PM","118.06049","-8.4033","","May 1, 2026, 3:53:00 PM","Faldeo Adrean Falsa","Satwa Liar","Perjumpaan Satwa","","","299.0","","30.0","","","","Tidak tahu","Belum ada di list","","1.0","","","Tokek","","","","","","","","","Sehat","","","","","","","","","","","ekor","Tidak Dilindungi","","","","Tidak tahu","","","d36233b2b45a43e9ac75d41a753f98af"
"Patrol","2","Feb 4, 2026","12:27:51 PM","118.06049","-8.4033","","May 1, 2026, 3:53:00 PM","Faldeo Adrean Falsa","Ground Check","Tutupan Lahan","","","","","","","","","","","","","","","","Non Open Area","Savana/ Padang Rumput","","","","","","","","","","","","","","","","","","","","","","","","","","d36233b2b45a43e9ac75d41a753f98af"
"Patrol","2","Feb 4, 2026","12:27:51 PM","118.06049","-8.4033","","May 1, 2026, 3:53:00 PM","Faldeo Adrean Falsa","Satwa Liar","Perjumpaan Satwa","","","55.0","","200.0","","","","Tidak tahu","Ayam Hutan Hijau - Gallus varius","","1.0","","","","","","","","","","","","Sehat","","","","","","","","","","","ekor","Tidak Dilindungi","","","","Tidak tahu","","","d36233b2b45a43e9ac75d41a753f98af"
"Patrol","2","Feb 4, 2026","12:27:51 PM","118.06049","-8.4033","","May 1, 2026, 3:53:00 PM","Faldeo Adrean Falsa","Tumbuhan","","","","","","","","","","","","Sarume maju - Malaka - Phyllanthus emblica","","","","","","","","","","","","","","Sehat","","","","","","","","","","","","","","Tumbuhan pakan satwa","","","","d36233b2b45a43e9ac75d41a753f98af"
"Patrol","2","Feb 4, 2026","12:27:51 PM","118.06049","-8.4033","","May 1, 2026, 3:53:00 PM","Faldeo Adrean Falsa","Tumbuhan","","","","","","","","","","","","Tula - Legaran - Alstonia spectabilis","","","","","","","","","","","","","","Sehat","","","","","","","","","","","","","","Tumbuhan kayu keras","","","","d36233b2b45a43e9ac75d41a753f98af"
"Patrol","2","Feb 4, 2026","12:27:51 PM","118.06049","-8.4033","","May 1, 2026, 3:53:00 PM","Faldeo Adrean Falsa","Tumbuhan","","","","","","","","","","","","Toa - Ketimunan - Timonius timon","","","","","","","","","","","","","","Sehat","","","","","","","","","","","","","","Tumbuhan kayu keras","","","","d36233b2b45a43e9ac75d41a753f98af"
"Patrol","2","Feb 4, 2026","12:27:51 PM","118.06049","-8.4033","","May 1, 2026, 3:53:00 PM","Faldeo Adrean Falsa","Ground Check","Tipe Ekosistem","","","","","","","","","","","","","","","","","","Alami","Ekosistem Teresterial","Daratan Rendah (0-1000mdpl)","Savana","","","","","","","","","","","","","","","","","","","","","","d36233b2b45a43e9ac75d41a753f98af"
"Patrol","33","Feb 4, 2026","12:27:25 PM","118.15436666666668","-8.274651666666667","","May 1, 2026, 3:53:11 PM","Faldeo Adrean Falsa","Tumbuhan","","","","","","","","","","","","Kananga bura - - Gmelina elliptica","","","","","","","","","","","","","","Sakit","","","","","","","","","","","","","","Tumbuhan Bawah","","","","1cffd57cf9ab4a8bb65c599d750cf4d5"
"Patrol","32","Feb 4, 2026","12:25:52 PM","118.15435833333335","-8.274703333333333","","May 1, 2026, 3:53:11 PM","Faldeo Adrean Falsa","Tumbuhan","","","","","","","","","","","","Danta ndolo - Andulpak - Homalanthus giganteus","","","","","","","","","","","","","","Sehat","","","","","","","","","","","","","","Tumbuhan kayu keras","","","","87091b942284403480dcc1961a2f009a"
"Patrol","21","Feb 4, 2026","12:24:01 PM","118.16380812","-8.27214819","","May 1, 2026, 3:53:14 PM","Faldeo Adrean Falsa","Satwa Liar","Tanda Satwa","","","","","","","","","","Belum ada di list","","","","","Burung tegerek","","","","","","","","","","","","","","","","","","","","","","","","Suara","","","","b23fcc5f43a54f53ab41fb5833de158d"
"Patrol","31","Feb 4, 2026","12:22:51 PM","118.15485333333332","-8.274923333333334","","May 1, 2026, 3:53:11 PM","Faldeo Adrean Falsa","Tumbuhan","","","","","","","","","","","","Tumbuhan Tambora","","","","Nama lokal pohon nonu. Tidak ada dalam daftar nama pohon Tambora","","","","","","","","","","Sehat","","","","","","","","","","","","","","Tumbuhan kayu keras","","","","dd0e73e061444d4d80d7c09967a56ccc"
"Patrol","20","Feb 4, 2026","12:21:02 PM","118.16380803","-8.27214948","","May 1, 2026, 3:53:14 PM","Faldeo Adrean Falsa","Satwa Liar","Tanda Satwa","","","","","","","","","","Ayam Hutan Hijau - Gallus varius","","","","","","","","","","","","","","","","","","","","","","","","","","","","","Suara","","","","014d4603f9d84598b48eea0f87aecd97"
"Patrol","30","Feb 4, 2026","12:20:36 PM","118.15469499999999","-8.274949999999999","","May 1, 2026, 3:53:11 PM","Faldeo Adrean Falsa","Tumbuhan","","","","","","","","","","","","Rufe -  - Piliostigma malabaricum","","","","","","","","","","","","","","Sehat","","","","","","","","","","","","","","Tumbuhan kayu keras","","","","ed3e3baef41440c0b8cafd48f856f36c"
"Patrol","29","Feb 4, 2026","12:19:06 PM","118.15472333333334","-8.27481","","May 1, 2026, 3:53:11 PM","Faldeo Adrean Falsa","Tumbuhan","","","","","","","","","","","","Sarume maju - Malaka - Phyllanthus emblica","","","","","","","","","","","","","","Sehat","","","","","","","","","","","","","","Tumbuhan kayu keras","","","","64096491e08041308413027b97d6ea53"
"Patrol","28","Feb 4, 2026","12:16:08 PM","118.155285","-8.274178333333333","","May 1, 2026, 3:53:11 PM","Faldeo Adrean Falsa","Tumbuhan","","","","","","","","","","","","Sarume maju - Malaka - Phyllanthus emblica","","","","","","","","","","","","","","Sehat","","","","","","","","","","","","","","Tumbuhan kayu keras","","","","e0ec6657a3594926a4ecb57cfbc583d3"
"Patrol","27","Feb 4, 2026","12:15:06 PM","118.15532499999999","-8.274093333333333","","May 1, 2026, 3:53:11 PM","Faldeo Adrean Falsa","Ground Check","Tutupan Lahan","","","","","","","","","","","","","","","Lebih ke Sabana","Open Area","Savana/ Padang Rumput","","","","","","","","","","","","","","","","","","","","","","","","","","af1c42f8cca4426fb01520cd33efd4b4"
"Patrol","26","Feb 4, 2026","12:13:28 PM","118.15546166666667","-8.274048333333333","","May 1, 2026, 3:53:11 PM","Faldeo Adrean Falsa","Ground Check","Tipe Ekosistem","","","","","","","","","","","","","","","","","","Alami","Ekosistem Teresterial","Daratan Rendah (0-1000mdpl)","Savana","","","","","","","","","","","","","","","","","","","","","","dc77dc5b026040c8a073ada1b5679d74"
"Patrol","25","Feb 4, 2026","12:11:41 PM","118.15546166666667","-8.274048333333333","","May 1, 2026, 3:53:11 PM","Faldeo Adrean Falsa","Tumbuhan","","","","","","","","","","","","Sarume maju - Malaka - Phyllanthus emblica","","","","","","","","","","","","","","Sehat","","","","","","","","","","","","","","Tumbuhan kayu keras","","","","7d169919bcd947579d9dde9b98dd7ced"
"Patrol","24","Feb 4, 2026","12:08:10 PM","118.156605","-8.273621666666665","","May 1, 2026, 3:53:11 PM","Faldeo Adrean Falsa","Tumbuhan","","","","","","","","","","","","Tumbuhan Tambora","","","","Nama pohon Nonu","","","","","","","","","","Sehat","","","","","","","","","","","","","","Tumbuhan kayu keras","","","","6ec73e0c329a46abac84a855cdf759c7"
"Patrol","23","Feb 4, 2026","12:04:07 PM","118.15759000000001","-8.272583333333333","","May 1, 2026, 3:53:11 PM","Faldeo Adrean Falsa","Tumbuhan","","","","","","","","","","","","Rufe -  - Piliostigma malabaricum","","","","","","","","","","","","","","Sehat","","","","","","","","","","","","","","Tumbuhan kayu keras","","","","04cea8c1f7054e3a943d4f7ae77c7443"
"Patrol","16","Feb 4, 2026","11:58:38 AM","118.16225077","-8.2718028","","May 1, 2026, 3:53:10 PM","Faldeo Adrean Falsa","Tumbuhan","","","","","","","","","","","","Teride - Tembelekan - Lantana camara","","","","","","","","","","","","","","Sehat","","","","","","","","","","","","","","Tumbuhan fungsi lainnya","","","","ac81fc5dd1034fecb8f3a16acce026e7"
"Patrol","19","Feb 4, 2026","11:57:19 AM","118.16224444","-8.27183347","","May 1, 2026, 3:53:14 PM","Faldeo Adrean Falsa","Tumbuhan","","","","","","","","","","","","Teride - Tembelekan - Lantana camara","","","","","","","","","","","","","","Sehat","","","","","","","","","","","","","","Tumbuhan fungsi lainnya","","","","cf9a591ef09040c38d98afb5616abb98"
"Patrol","22","Feb 4, 2026","11:56:47 AM","118.16035333333333","-8.27168","","May 1, 2026, 3:53:11 PM","Faldeo Adrean Falsa","Tumbuhan","","","","","","","","","","","","Belum Ada di List","","","","Nama tumbuhan Nonu","","","","","","","","","","Sehat","","","","","","","","","","","","","","Tumbuhan fungsi lainnya","","","","8a3f900393d942ee800b1f2b79c521fe"
"Patrol","18","Feb 4, 2026","11:56:16 AM","118.16224477","-8.27183276","","May 1, 2026, 3:53:14 PM","Faldeo Adrean Falsa","Tumbuhan","","","","","","","","","","","","Sareo - Terisi - Albizia lebbekoides","","","","","","","","","","","","","","Sehat","","","","","","","","","","","","","","Tumbuhan kayu keras","","","","425fe93bcfac423abf76b7ed409077fe"
"Patrol","21","Feb 4, 2026","11:54:40 AM","118.16060666666665","-8.2718","","May 1, 2026, 3:53:11 PM","Faldeo Adrean Falsa","Tumbuhan","","","","","","","","","","","","Rufe -  - Piliostigma malabaricum","","","","","","","","","","","","","","Sehat","","","","","","","","","","","","","","Tumbuhan kayu keras","","","","bef855ea6127471296f285cde5e8d867"
"Patrol","15","Feb 4, 2026","11:54:17 AM","118.16238364","-8.27217551","","May 1, 2026, 3:53:10 PM","Faldeo Adrean Falsa","Satwa Liar","Perjumpaan Satwa","","","","","8.0","","","","Tidak tahu","Belum ada di list","","8.0","","","","","","","","","","","","Sehat","","","","","","","","","","","hektar","Tidak Dilindungi","","","","","","","37c5e0e56f804b48987d4f8b3b2c368b"
"Patrol","20","Feb 4, 2026","11:53:05 AM","118.16086833333333","-8.272046666666666","","May 1, 2026, 3:53:11 PM","Faldeo Adrean Falsa","Tumbuhan","","","","","","","","","","","","Ndaru - Weru - Albizia procera","","","","","","","","","","","","","","Mati","","","","","","","","","","","","","","Tumbuhan kayu keras","","","","6d86f694b55e4b8fa729f8c1e3544915"
"Patrol","14","Feb 4, 2026","11:51:56 AM","118.16239671","-8.27218031","","May 1, 2026, 3:53:10 PM","Faldeo Adrean Falsa","Ground Check","Tipe Ekosistem","","","","","","","","","","","","","","","","","","Alami","Ekosistem Teresterial","Daratan Rendah (0-1000mdpl)","Padang Rumput","","","","","","","","","","","","","","","","","","","","","","e3c90b568a6747d9855c01a0c7730e64"
"Patrol","13","Feb 4, 2026","11:50:09 AM","118.16240713","-8.27217756","","May 1, 2026, 3:53:10 PM","Faldeo Adrean Falsa","Tumbuhan","","","","","","","","","","","","Rufe -  - Piliostigma malabaricum","","","","","","","","","","","","","","Sehat","","","","","","","","","","","","","","Tumbuhan kayu keras","","","","bcd4c71f215743c78f729e852f9e8290"
"Patrol","12","Feb 4, 2026","11:48:50 AM","118.16241177","-8.27218615","","May 1, 2026, 3:53:10 PM","Faldeo Adrean Falsa","Tumbuhan","","","","","","","","","","","","Belum Ada di List","","","","","","","","","","","","","","Sehat","","","","","","","","","","","","","","Tumbuhan kayu keras","","","","5611e19ec1ad42c18426dfe89521312d"
"Patrol","17","Feb 4, 2026","11:46:09 AM","118.16264357","-8.27227935","","May 1, 2026, 3:53:14 PM","Faldeo Adrean Falsa","Tumbuhan","","","","","","","","","","","","Golkar - Kerinyuh - Chromolaena odorata","","","","","","","","","","","","","","Sehat","","","","","","","","","","","","","","Tumbuhan fungsi lainnya","","","","8424bd350a4c4d9abfffa9bc6e90e6aa"
"Patrol","16","Feb 4, 2026","11:44:51 AM","118.16282992","-8.27220362","","May 1, 2026, 3:53:14 PM","Faldeo Adrean Falsa","Tumbuhan","","","","","","","","","","","","Sareo - Terisi - Albizia lebbekoides","","","","","","","","","","","","","","Sehat","","","","","","","","","","","","","","Tumbuhan kayu keras","","","","73c589967b9b49d8ab718bb700601412"
"Patrol","15","Feb 4, 2026","11:43:35 AM","118.16289559","-8.27224276","","May 1, 2026, 3:53:14 PM","Faldeo Adrean Falsa","Tumbuhan","","","","","","","","","","","","Sarume maju - Malaka - Phyllanthus emblica","","","","","","","","","","","","","","Sehat","","","","","","","","","","","","","","Tumbuhan kayu keras","","","","a80b313a1c2b4ddba2fb1fa9abaa0daa"
"Patrol","11","Feb 4, 2026","11:43:34 AM","118.16289205","-8.27229111","","May 1, 2026, 3:53:10 PM","Faldeo Adrean Falsa","Tumbuhan","","","","","","","","","","","","Sareo - Terisi - Albizia lebbekoides","","","","","","","","","","","","","","Sehat","","","","","","","","","","","","","","Tumbuhan kayu keras","","","","960a59d8ac5e4f6e962cfdb6b38c728c"
"Patrol","14","Feb 4, 2026","11:42:05 AM","118.16320788","-8.27242431","","May 1, 2026, 3:53:14 PM","Faldeo Adrean Falsa","Tumbuhan","","","","","","","","","","","","Danta ndolo - Andulpak - Homalanthus giganteus","","","","","","","","","","","","","","Tumbang","","","","","","","","","","","","","","Tumbuhan kayu keras","","","","85f71a67d22844dfbb362ac07b898b30"
"Patrol","10","Feb 4, 2026","11:42:01 AM","118.16304305","-8.272331","","May 1, 2026, 3:53:10 PM","Faldeo Adrean Falsa","Tumbuhan","","","","","","","","","","","","Sarume maju - Malaka - Phyllanthus emblica","","","","","","","","","","","","","","Sehat","","","","","","","","","","","","","","Tumbuhan kayu keras","","","","dc2d6f9370024bacb576adecd7a9e162"
"Patrol","13","Feb 4, 2026","11:40:08 AM","118.16328462","-8.27254443","","May 1, 2026, 3:53:14 PM","Faldeo Adrean Falsa","Tumbuhan","","","","","","","","","","","","Sarume maju - Malaka - Phyllanthus emblica","","","","","","","","","","","","","","Sehat","","","","","","","","","","","","","","Tumbuhan kayu keras","","","","ac311e3953fd4d7fa94545a5ac1b5450"
"Patrol","9","Feb 4, 2026","11:39:00 AM","118.163311","-8.27270534","","May 1, 2026, 3:53:10 PM","Faldeo Adrean Falsa","Tumbuhan","","","","","","","","","","","","Rufe -  - Piliostigma malabaricum","","","","","","","","","","","","","","Sehat","","","","","","","","","","","","","","Tumbuhan kayu keras","","","","8d5d4448961c44c080c3658bb3ff4895"
"Patrol","12","Feb 4, 2026","11:38:24 AM","118.16339986","-8.27261698","","May 1, 2026, 3:53:14 PM","Faldeo Adrean Falsa","Tumbuhan","","","","","","","","","","","","Tula - Legaran - Alstonia spectabilis","","","","","","","","","","","","","","Sehat","","","","","","","","","","","","","","Tumbuhan kayu keras","","","","a6c077096fce47639895bf59ebb3e406"
"Patrol","19","Feb 4, 2026","11:37:46 AM","118.16114833333334","-8.272105","","May 1, 2026, 3:53:11 PM","Faldeo Adrean Falsa","Tumbuhan","","","","","","","","","","","","Sarume maju - Malaka - Phyllanthus emblica","","","","","","","","","","","","","","Sehat","","","","","","","","","","","","","","Tumbuhan kayu keras","","","","34061f61e4484c0099c47fea816e692b"
"Patrol","11","Feb 4, 2026","11:37:25 AM","118.1635448","-8.27259318","","May 1, 2026, 3:53:14 PM","Faldeo Adrean Falsa","Tumbuhan","","","","","","","","","","","","Toa - Ketimunan - Timonius timon","","","","","","","","","","","","","","Sehat","","","","","","","","","","","","","","Tumbuhan kayu keras","","","","6cf8ac681753446cbc5d8f016c8df4d7"
"Patrol","8","Feb 4, 2026","11:37:18 AM","118.16355593","-8.27261558","","May 1, 2026, 3:53:10 PM","Faldeo Adrean Falsa","Tumbuhan","","","","","","","","","","","","Toa - Ketimunan - Timonius timon","","","","","","","","","","","","","","Sehat","","","","","","","","","","","","","","Tumbuhan kayu keras","","","","18efda9fa5334914bf5b2d71d3c14d51"
"Patrol","10","Feb 4, 2026","11:36:36 AM","118.16359543","-8.27259282","","May 1, 2026, 3:53:14 PM","Faldeo Adrean Falsa","Tumbuhan","","","","","","","","","","","","Sarume maju - Malaka - Phyllanthus emblica","","","","","","","","","","","","","","Sehat","","","","","","","","","","","","","","Tumbuhan kayu keras","","","","c08e4fd19ab843ecb941c9ce256a5829"
"Patrol","7","Feb 4, 2026","11:35:51 AM","118.16360507","-8.27259727","","May 1, 2026, 3:53:10 PM","Faldeo Adrean Falsa","Tumbuhan","","","","","","","","","","","","Sarume maju - Malaka - Phyllanthus emblica","","","","","","","","","","","","","","Sehat","","","","","","","","","","","","","","Tumbuhan kayu keras","","","","6bd419f7d83549dc8491952eb93a6798"
"Patrol","9","Feb 4, 2026","11:35:06 AM","118.16370709","-8.27226284","","May 1, 2026, 3:53:14 PM","Faldeo Adrean Falsa","Tumbuhan","","","","","","","","","","","","Mangge - Asam jawa - Tamarindus indica","","","","","","","","","","","","","","Sehat","","","","","","","","","","","","","","Tumbuhan kayu keras","","","","7cb1cae1638c453faacf750c33026821"
"Patrol","6","Feb 4, 2026","11:34:28 AM","118.16366685","-8.27235616","","May 1, 2026, 3:53:10 PM","Faldeo Adrean Falsa","Tumbuhan","","","","","","","","","","","","Sarume maju - Malaka - Phyllanthus emblica","","","","","","","","","","","","","","Sehat","","","","","","","","","","","","","","Tumbuhan kayu keras","","","","e0509701d0d849f78f67943795d94e90"
"Patrol","8","Feb 4, 2026","11:34:10 AM","118.16380483","-8.27217776","","May 1, 2026, 3:53:14 PM","Faldeo Adrean Falsa","Tumbuhan","","","","","","","","","","","","Sarume maju - Malaka - Phyllanthus emblica","","","","","","","","","","","","","","Sehat","","","","","","","","","","","","","","Tumbuhan kayu keras","","","","03ea3a9943e04fcc8f274b2efd3dc9d2"
"Patrol","7","Feb 4, 2026","11:32:23 AM","118.16381731","-8.27217377","","May 1, 2026, 3:53:14 PM","Faldeo Adrean Falsa","Fitur","Pal Batas","","","","","","","","","","","","","","","","","","","","","","","Roboh","","","","","","","","290","","","Ya","","","","","Beton","","","","b0f4dce977304c6cb07ec5d6d5f8e221"
"Patrol","5","Feb 4, 2026","11:31:38 AM","118.16410205","-8.27261244","","May 1, 2026, 3:53:10 PM","Faldeo Adrean Falsa","Tumbuhan","","","","","","","","","","","","Sarume maju - Malaka - Phyllanthus emblica","","","","","","","","","","","","","","Sehat","","","","","","","","","","","","","","Tumbuhan kayu keras","","","","32f5d77dccf343b0a7c4a514265cccc7"
"Patrol","4","Feb 4, 2026","11:30:08 AM","118.16440465","-8.27243458","","May 1, 2026, 3:53:10 PM","Faldeo Adrean Falsa","Tumbuhan","","","","","","","","","","","","Jati doro - Simpur - Dillenia pentagyna","","","","","","","","","","","","","","Sehat","","","","","","","","","","","","","","Tumbuhan kayu keras","","","","6bb05a9dbabc4947b120257b8855538c"
"Patrol","6","Feb 4, 2026","11:29:24 AM","118.16417717","-8.27241277","","May 1, 2026, 3:53:14 PM","Faldeo Adrean Falsa","Ground Check","Tutupan Lahan","","","","","","","","","","","","","","","","Open Area","Savana/ Padang Rumput","","","","","","","","","","","","","","","","","","","","","","","","","","722c0c2497c748bdbf27d5931d6d8ce5"
"Patrol","3","Feb 4, 2026","11:29:16 AM","118.16453582","-8.27241176","","May 1, 2026, 3:53:10 PM","Faldeo Adrean Falsa","Tumbuhan","","","","","","","","","","","","Jati doro - Simpur - Dillenia pentagyna","","","","","","","","","","","","","","Sehat","","","","","","","","","","","","","","Tumbuhan kayu keras","","","","630b14a85baf475cb347afb10b467c3d"
"Patrol","18","Feb 4, 2026","11:29:07 AM","118.163765","-8.272078333333333","","May 1, 2026, 3:53:11 PM","Faldeo Adrean Falsa","Fitur","Pal Batas","","","","","","","","","","","","","","","","","","","","","","","Roboh","","","","","","","","290","","","Ya","","","","","Beton","","","","332bfd6922a54303b4eda27ca997536e"
"Patrol","5","Feb 4, 2026","11:28:49 AM","118.1641791","-8.27241327","","May 1, 2026, 3:53:14 PM","Faldeo Adrean Falsa","Ground Check","Tipe Ekosistem","","","","","","","","","","","","","","","","","","Alami","Ekosistem Teresterial","Daratan Rendah (0-1000mdpl)","Padang Rumput","","","","","","","","","","","","","","","","","","","","","","c7d534a6d9e149ed948297ba48970924"
"Patrol","4","Feb 4, 2026","11:27:57 AM","118.1641524","-8.27241924","","May 1, 2026, 3:53:14 PM","Faldeo Adrean Falsa","Tumbuhan","","","","","","","","","","","","Sarume maju - Malaka - Phyllanthus emblica","","","","","","","","","","","","","","Sehat","","","","","","","","","","","","","","Tumbuhan kayu keras","","","","fc82f7080f8243b4a612b877953ae008"
"Patrol","2","Feb 4, 2026","11:26:54 AM","118.16461126","-8.27261729","","May 1, 2026, 3:53:10 PM","Faldeo Adrean Falsa","Tumbuhan","","","","","","","","","","","","Jati doro - Simpur - Dillenia pentagyna","","","","","","","","","","","","","","Sehat","","","","","","","","","","","","","","Tumbuhan kayu keras","","","","457dd2536cc746ad9ef18c2b6947a587"
"Patrol","3","Feb 4, 2026","11:26:25 AM","118.16459647","-8.27261559","","May 1, 2026, 3:53:14 PM","Faldeo Adrean Falsa","Tumbuhan","","","","","","","","","","","","Jati doro - Simpur - Dillenia pentagyna","","","","","","","","","","","","","","Sehat","","","","","","","","","","","","","","Tumbuhan kayu keras","","","","a3843b217c5a45d692521634e7a16640"
"Patrol","2","Feb 4, 2026","11:24:56 AM","118.16476333","-8.27273697","","May 1, 2026, 3:53:14 PM","Faldeo Adrean Falsa","Fitur","Pal Batas","","","","","","","","","","","","","","","","","","","","","","","Baik","","","","","","","","291","","","Tidak","","","","","Beton","","","","0aa53e0553cb4b28852029151a72d293"
"Patrol","17","Feb 4, 2026","11:24:37 AM","118.16476833333333","-8.272743333333333","","May 1, 2026, 3:53:11 PM","Faldeo Adrean Falsa","Fitur","Pal Batas","","","","","","","","","","","","","","","","","","","","","","","Baik","","","","","","","","291","","","Tidak","","","","","Beton","","","","ef06852528e443ccb9fcce144e039258"
"Patrol","23","Feb 3, 2026","2:18:48 PM","118.07590333333334","-8.398971666666666","","May 1, 2026, 3:53:01 PM","Faldeo Adrean Falsa","Aktivitas Manusia","Pembuatan Akses Jalan","","","","","","","","","","","","1.0","","Tidak Aktif","","","","","","","","","","","","","","","","","","Bukan","","Tidak","lainnya","","jejak mobil","Dilaporkan","Jalan mobil","","Sangat lama (>3bulan)","","deb4c7492d7046b392b8209ed44a420f"
"Patrol","45","Feb 3, 2026","2:18:36 PM","118.10397309","-8.1532015","","May 1, 2026, 3:53:12 PM","Faldeo Adrean Falsa","Tumbuhan","","","","","","","","","","","","Kalanggo - Rajumas - Duabanga moluccana","","","","","","","","","","","","","","Sehat","","","","","","","","","","","","","","Tumbuhan kayu keras","","","","1c5d0e8648684e0e8b67a41fc949ebd5"
"Patrol","44","Feb 3, 2026","2:14:33 PM","118.1029765","-8.15336432","","May 1, 2026, 3:53:12 PM","Faldeo Adrean Falsa","Tumbuhan","","","","","","","","","","","","Monggo Kala - Salam - Syzygium polyanthum","","","","","","","","","","","","","","Sehat","","","","","","","","","","","","","","Tumbuhan kayu keras","","","","240041373fdd4a75bd1b9c02e2c3faa2"
"Patrol","30","Feb 3, 2026","2:14:15 PM","118.10291869","-8.15339946","","May 1, 2026, 3:53:10 PM","Faldeo Adrean Falsa","Tumbuhan","","","","","","","","","","","","Monggo Kala - Salam - Syzygium polyanthum","","","","","","","","","","","","","","Sehat","","","","","","","","","","","","","","Tumbuhan kayu keras","","","","6463031cff3e4e40920fd69e600a19af"
"Patrol","29","Feb 3, 2026","2:11:30 PM","118.10276487","-8.15384","","May 1, 2026, 3:53:10 PM","Faldeo Adrean Falsa","Tumbuhan","","","","","","","","","","","","Monggo Kala - Salam - Syzygium polyanthum","","","","","","","","","","","","","","Sehat","","","","","","","","","","","","","","Tumbuhan kayu keras","","","","a7d68feb46a542b9a3761cc789db8381"
"Patrol","28","Feb 3, 2026","2:10:20 PM","118.10253887","-8.15387725","","May 1, 2026, 3:53:10 PM","Faldeo Adrean Falsa","Tumbuhan","","","","","","","","","","","","Monggo Kala - Salam - Syzygium polyanthum","","","","","","","","","","","","","","Sehat","","","","","","","","","","","","","","Tumbuhan kayu keras","","","","6618bd000f8f47f3a1c63489705d3c95"
"Patrol","27","Feb 3, 2026","2:09:24 PM","118.10253867","-8.15387741","","May 1, 2026, 3:53:10 PM","Faldeo Adrean Falsa","Tumbuhan","","","","","","","","","","","","Monggo Kala - Salam - Syzygium polyanthum","","","","","","","","","","","","","","Sehat","","","","","","","","","","","","","","Tumbuhan kayu keras","","","","bf5130f964c941ed9474fe6ecc4ef6aa"
"Patrol","43","Feb 3, 2026","2:06:38 PM","118.10260915","-8.15389752","","May 1, 2026, 3:53:12 PM","Faldeo Adrean Falsa","Ground Check","Tutupan Lahan","","","","","","","","","","","","","","","","Non Open Area","Hutan Hujan","","","","","","","","","","","","","","","","","","","","","","","","","","eb68528ac086480d8253ba6c085ee8a7"
"Patrol","42","Feb 3, 2026","2:05:28 PM","118.10260675","-8.15389501","","May 1, 2026, 3:53:12 PM","Faldeo Adrean Falsa","Ground Check","Tipe Ekosistem","","","","","","","","","","","","","","","","","","Alami","Ekosistem Teresterial","Daratan Rendah (0-1000mdpl)","Sungai","","","","","","","","","","","","","","","","","","","","","","3733f95a16054277a8254565b62d3642"
"Patrol","41","Feb 3, 2026","2:04:20 PM","118.10261322","-8.15390513","","May 1, 2026, 3:53:12 PM","Faldeo Adrean Falsa","Tumbuhan","","","","","","","","","","","","Katowi - - Palaquium amboinense","","","","","","","","","","","","","","Sehat","","","","","","","","","","","","","","Tumbuhan kayu keras","","","","e3d7f3df44194313a87b53bca79a43e3"
"Patrol","26","Feb 3, 2026","2:03:40 PM","118.1023476","-8.15419968","","May 1, 2026, 3:53:10 PM","Faldeo Adrean Falsa","Tumbuhan","","","","","","","","","","","","Monggo Kala - Salam - Syzygium polyanthum","","","","","","","","","","","","","","Sehat","","","","","","","","","","","","","","Tumbuhan kayu keras","","","","1221020ee7ff4ff786125f26105e7b74"
"Patrol","40","Feb 3, 2026","2:03:39 PM","118.10262743","-8.15387873","","May 1, 2026, 3:53:12 PM","Faldeo Adrean Falsa","Tumbuhan","","","","","","","","","","","","Monggo Kala - Salam - Syzygium polyanthum","","","","","","","","","","","","","","Sehat","","","","","","","","","","","","","","Tumbuhan kayu keras","","","","1b19d059c6eb46debdb78e2439046587"
"Patrol","24","Feb 3, 2026","1:57:02 PM","118.10233532","-8.1542674","","May 1, 2026, 3:53:10 PM","Faldeo Adrean Falsa","Tumbuhan","","","","","","","","","","","","Katowi - - Palaquium amboinense","","","","","","","","","","","","","","Sehat","","","","","","","","","","","","","","Tumbuhan kayu keras","","","","e44483a310054117b45f7c96e60992eb"
"Patrol","24","Feb 3, 2026","1:57:02 PM","118.10233532","-8.1542674","","May 1, 2026, 3:53:10 PM","Faldeo Adrean Falsa","Tumbuhan","","","","","","","","","","","","Monggo Kala - Salam - Syzygium polyanthum","","","","","","","","","","","","","","Sehat","","","","","","","","","","","","","","Tumbuhan kayu keras","","","","e44483a310054117b45f7c96e60992eb"
"Patrol","23","Feb 3, 2026","1:55:21 PM","118.1020463","-8.1543906","","May 1, 2026, 3:53:10 PM","Faldeo Adrean Falsa","Tumbuhan","","","","","","","","","","","","Monggo Kala - Salam - Syzygium polyanthum","","","","","","","","","","","","","","Sehat","","","","","","","","","","","","","","Tumbuhan kayu keras","","","","ea9dee9b5cee4889bfd3b90100cac807"
"Patrol","39","Feb 3, 2026","1:55:09 PM","118.10208522","-8.15451076","","May 1, 2026, 3:53:12 PM","Faldeo Adrean Falsa","Tumbuhan","","","","","","","","","","","","Kabaho kafa - Mengkirai - Trema orientale","","","","","","","","","","","","","","Sehat","","","","","","","","","","","","","","Tumbuhan obat","","","","9fcb898f4d9f4b65ade8867a1e20b46e"
"Patrol","22","Feb 3, 2026","1:54:29 PM","118.10204315","-8.15439202","","May 1, 2026, 3:53:10 PM","Faldeo Adrean Falsa","Tumbuhan","","","","","","","","","","","","Monggo Kala - Salam - Syzygium polyanthum","","","","","","","","","","","","","","Sehat","","","","","","","","","","","","","","Tumbuhan kayu keras","","","","5ebce19cb6ec481e91b6f872f342865d"
"Patrol","38","Feb 3, 2026","1:54:27 PM","118.10207881","-8.15451095","","May 1, 2026, 3:53:12 PM","Faldeo Adrean Falsa","Tumbuhan","","","","","","","","","","","","Monggo Kala - Salam - Syzygium polyanthum","","","","","","","","","","","","","","Sehat","","","","","","","","","","","","","","Tumbuhan kayu keras","","","","d8154443eb9c460689d577f30e8f736c"
"Patrol","37","Feb 3, 2026","1:52:54 PM","118.10207972","-8.15451176","","May 1, 2026, 3:53:12 PM","Faldeo Adrean Falsa","Tumbuhan","","","","","","","","","","","","Monggo Kala - Salam - Syzygium polyanthum","","","","","","","","","","","","","","Sehat","","","","","","","","","","","","","","Tumbuhan kayu keras","","","","eefdd11df5b0472a880ea2ac33b7c5a0"
"Patrol","21","Feb 3, 2026","1:52:50 PM","118.10209838","-8.15448088","","May 1, 2026, 3:53:10 PM","Faldeo Adrean Falsa","Tumbuhan","","","","","","","","","","","","Monggo Kala - Salam - Syzygium polyanthum","","","","","","","","","","","","","","Sehat","","","","","","","","","","","","","","Tumbuhan kayu keras","","","","5feac438fb454081bf382d8e85d2d50c"
"Patrol","36","Feb 3, 2026","1:51:49 PM","118.10206891","-8.15451956","","May 1, 2026, 3:53:12 PM","Faldeo Adrean Falsa","Tumbuhan","","","","","","","","","","","","Maladi haju - Jelatang gajah - Dendrocnide stimulans","","","","","","","","","","","","","","Sehat","","","","","","","","","","","","","","Tumbuhan kayu keras","","","","6b2a37f6535a41bab1e68b72e3ce01ab"
"Patrol","20","Feb 3, 2026","1:51:32 PM","118.10197378","-8.15447751","","May 1, 2026, 3:53:10 PM","Faldeo Adrean Falsa","Tumbuhan","","","","","","","","","","","","Maladi haju - Jelatang gajah - Dendrocnide stimulans","","","","","","","","","","","","","","Sakit","","","","","","","","","","","","","","Tumbuhan kayu keras","","","","09b409afa9184784bafcd4bec194edfb"
"Patrol","35","Feb 3, 2026","1:50:53 PM","118.10193901","-8.15454992","","May 1, 2026, 3:53:12 PM","Faldeo Adrean Falsa","Tumbuhan","","","","","","","","","","","","Monggo Kala - Salam - Syzygium polyanthum","","","","","","","","","","","","","","Sehat","","","","","","","","","","","","","","Tumbuhan kayu keras","","","","4541fb6bad2e4342ab847cea0b33da6e"
"Patrol","19","Feb 3, 2026","1:50:28 PM","118.10190621","-8.15450394","","May 1, 2026, 3:53:10 PM","Faldeo Adrean Falsa","Tumbuhan","","","","","","","","","","","","Monggo Kala - Salam - Syzygium polyanthum","","","","","","","","","","","","","","Sehat","","","","","","","","","","","","","","Tumbuhan kayu keras","","","","00c0ea170bfd47df8378fa481128f3da"
"Patrol","18","Feb 3, 2026","1:47:51 PM","118.10156174","-8.1547049","","May 1, 2026, 3:53:10 PM","Faldeo Adrean Falsa","Tumbuhan","","","","","","","","","","","","Maladi haju - Jelatang gajah - Dendrocnide stimulans","","","","","","","","","","","","","","Sehat","","","","","","","","","","","","","","Tumbuhan kayu keras","","","","b712e9b69d4f4878801a02d1a4c6c793"
"Patrol","34","Feb 3, 2026","1:47:49 PM","118.10163478","-8.15470868","","May 1, 2026, 3:53:12 PM","Faldeo Adrean Falsa","Tumbuhan","","","","","","","","","","","","Katowi - - Palaquium amboinense","","","","","","","","","","","","","","Mati","","","","","","","","","","","","","","Tumbuhan kayu keras","","","","1cdb145bbdfe471aa06b983852b12e6d"
"Patrol","33","Feb 3, 2026","1:47:04 PM","118.10163555","-8.15470863","","May 1, 2026, 3:53:12 PM","Faldeo Adrean Falsa","Tumbuhan","","","","","","","","","","","","Katowi - - Palaquium amboinense","","","","","","","","","","","","","","Sehat","","","","","","","","","","","","","","Tumbuhan kayu keras","","","","9c8e867e6e324ad29d344f333969d19a"
"Patrol","17","Feb 3, 2026","1:46:11 PM","118.10148549","-8.15469734","","May 1, 2026, 3:53:10 PM","Faldeo Adrean Falsa","Tumbuhan","","","","","","","","","","","","Monggo Kala - Salam - Syzygium polyanthum","","","","","","","","","","","","","","Sehat","","","","","","","","","","","","","","Tumbuhan kayu keras","","","","fbebbec597224306bb9e7b41402b7fef"
"Patrol","16","Feb 3, 2026","1:45:26 PM","118.10148129","-8.15470444","","May 1, 2026, 3:53:10 PM","Faldeo Adrean Falsa","Tumbuhan","","","","","","","","","","","","Maladi haju - Jelatang gajah - Dendrocnide stimulans","","","","","","","","","","","","","","Sehat","","","","","","","","","","","","","","Tumbuhan kayu keras","","","","e8b2379de0f144d7beff67fb427b1d82"
"Patrol","32","Feb 3, 2026","1:45:08 PM","118.10150609","-8.1546773","","May 1, 2026, 3:53:12 PM","Faldeo Adrean Falsa","Tumbuhan","","","","","","","","","","","","Monggo Kala - Salam - Syzygium polyanthum","","","","","","","","","","","","","","Sehat","","","","","","","","","","","","","","Tumbuhan kayu keras","","","","24439437f43b48a7b7a65d886ae1c755"
"Patrol","15","Feb 3, 2026","1:44:33 PM","118.10145961","-8.15471424","","May 1, 2026, 3:53:10 PM","Faldeo Adrean Falsa","Tumbuhan","","","","","","","","","","","","Maladi haju - Jelatang gajah - Dendrocnide stimulans","","","","","","","","","","","","","","Sehat","","","","","","","","","","","","","","Tumbuhan kayu keras","","","","b20f79c09e9a4a2ba8bdd2bc585cf9ac"
"Patrol","31","Feb 3, 2026","1:44:03 PM","118.10146954","-8.15480506","","May 1, 2026, 3:53:12 PM","Faldeo Adrean Falsa","Tumbuhan","","","","","","","","","","","","Kalanggo - Rajumas - Duabanga moluccana","","","","","","","","","","","","","","Mati","","","","","","","","","","","","","","Tumbuhan kayu keras","","","","1e4b5ade20c24b709313a96d949e2e81"
"Patrol","14","Feb 3, 2026","1:43:03 PM","118.10145828","-8.15472171","","May 1, 2026, 3:53:10 PM","Faldeo Adrean Falsa","Tumbuhan","","","","","","","","","","","","Katowi - - Palaquium amboinense","","","","","","","","","","","","","","Sehat","","","","","","","","","","","","","","Tumbuhan kayu keras","","","","d06832049bde41afa7d9d417e38432ce"
"Patrol","30","Feb 3, 2026","1:42:54 PM","118.10130045","-8.15490751","","May 1, 2026, 3:53:12 PM","Faldeo Adrean Falsa","Tumbuhan","","","","","","","","","","","","Katowi - - Palaquium amboinense","","","","","","","","","","","","","","Sehat","","","","","","","","","","","","","","Tumbuhan kayu keras","","","","7584f1756e804972a264019d6aa6d208"
"Patrol","21","Feb 3, 2026","1:39:46 PM","118.07390166666667","-8.396445","","May 1, 2026, 3:53:01 PM","Faldeo Adrean Falsa","Tumbuhan","","","","","","","","","","","","Sonokelir - Sonokeling - Dalbergia latifolia","","","","Jumlah 1","","","","","","","","","","Sehat","","","","","","","","","","","","","","Tumbuhan kayu keras","","","","26401a8d3e8147f4bb6cdd15b022549f"
"Patrol","21","Feb 3, 2026","1:39:46 PM","118.07390166666667","-8.396445","","May 1, 2026, 3:53:01 PM","Faldeo Adrean Falsa","Tumbuhan","","","","","","","","","","","","Sambi - Kesambi - Schleichera oleosa","","","","1","","","","","","","","","","Sehat","","","","","","","","","","","","","","Tumbuhan kayu keras","","","","26401a8d3e8147f4bb6cdd15b022549f"
"Patrol","13","Feb 3, 2026","1:39:37 PM","118.10129709","-8.15484999","","May 1, 2026, 3:53:10 PM","Faldeo Adrean Falsa","Tumbuhan","","","","","","","","","","","","Sabia - Cabai jawa - Piper retrofractum","","","","","","","","","","","","","","Sehat","","","","","","","","","","","","","","Tumbuhan obat","","","","677ca11251e54e43ab09408634938f55"
"Patrol","12","Feb 3, 2026","1:37:23 PM","118.10134926","-8.15432927","","May 1, 2026, 3:53:10 PM","Faldeo Adrean Falsa","Tumbuhan","","","","","","","","","","","","Due - Beringin - Ficus benjamina","","","","","","","","","","","","","","Sehat","","","","","","","","","","","","","","Tumbuhan kayu keras","","","","30431ed5a904466db7c66f0970f94319"
"Patrol","29","Feb 3, 2026","1:36:33 PM","118.10137614","-8.15448313","","May 1, 2026, 3:53:12 PM","Faldeo Adrean Falsa","Tumbuhan","","","","","","","","","","","","Katowi - - Palaquium amboinense","","","","","","","","","","","","","","Sehat","","","","","","","","","","","","","","Tumbuhan kayu keras","","","","55c910e4fef740a8bfbe3f76001587a4"
"Patrol","11","Feb 3, 2026","1:36:14 PM","118.10134932","-8.154329","","May 1, 2026, 3:53:10 PM","Faldeo Adrean Falsa","Tumbuhan","","","","","","","","","","","","Sabia - Cabai jawa - Piper retrofractum","","","","","","","","","","","","","","Sehat","","","","","","","","","","","","","","Tumbuhan obat","","","","dd8b5588c523423d943d62f83b00e6e2"
"Patrol","28","Feb 3, 2026","1:35:32 PM","118.1013871","-8.15448531","","May 1, 2026, 3:53:12 PM","Faldeo Adrean Falsa","Tumbuhan","","","","","","","","","","","","Due - Beringin - Ficus benjamina","","","","","","","","","","","","","","Sehat","","","","","","","","","","","","","","Tumbuhan kayu keras","","","","3e48d95108e24848bf33d688d4505821"
"Patrol","20","Feb 3, 2026","1:23:04 PM","118.07382833333334","-8.395346666666667","","May 1, 2026, 3:22:56 PM","Faldeo Adrean Falsa","Satwa Liar","Perjumpaan Satwa","","","130.0","","20.0","","","","Tidak tahu","Belum ada di list","","1.0","","","","","","","","","","","","Sehat","","","","","","","","","","","ekor","Tidak Dilindungi","","","","Tidak tahu","","","d7bb48108c224a26925d28f4bc66d94e"
"Patrol","19","Feb 3, 2026","1:21:01 PM","118.07386666666667","-8.395285","","May 1, 2026, 3:22:56 PM","Faldeo Adrean Falsa","Satwa Liar","Perjumpaan Satwa","","","109.0","","20.0","","","","Tidak tahu","Isap-madu australia - Lichmera indistincta","","1.0","","","","","","","","","","","","Sehat","","","","","","","","","","","ekor","Tidak Dilindungi","","","","Tidak tahu","","","49c16edfded0434ab565faa44606c2ef"
"Patrol","16","Feb 3, 2026","1:17:25 PM","118.07387166666668","-8.39529","","May 1, 2026, 3:53:01 PM","Faldeo Adrean Falsa","Satwa Liar","Perjumpaan Satwa","","","236.0","","250.0","","","","Tidak tahu","Ayam Hutan Hijau - Gallus varius","","1.0","","","Suara","","","","","","","","","Sehat","","","","","","","","","","","ekor","Tidak Dilindungi","","","","Tidak tahu","","","80ebf142f22147608d736e78d23e8be5"
"Patrol","16","Feb 3, 2026","1:17:25 PM","118.07387166666668","-8.39529","","May 1, 2026, 3:53:01 PM","Faldeo Adrean Falsa","Tumbuhan","","","","","","","","","","","","Sarume maju - Malaka - Phyllanthus emblica","","","","Jumlah dominan","","","","","","","","","","Sehat","","","","","","","","","","","","","","Tumbuhan kayu keras","","","","80ebf142f22147608d736e78d23e8be5"
"Patrol","16","Feb 3, 2026","1:17:25 PM","118.07387166666668","-8.39529","","May 1, 2026, 3:53:01 PM","Faldeo Adrean Falsa","Tumbuhan","","","","","","","","","","","","Belum Ada di List","","","","","","","","","","","","","","Sehat","","","","","","","","","","","","","","Tumbuhan kayu keras","","","","80ebf142f22147608d736e78d23e8be5"
"Patrol","27","Feb 3, 2026","1:14:57 PM","118.0980838","-8.1549875","","May 1, 2026, 3:22:42 PM","Faldeo Adrean Falsa","Satwa Liar","Perjumpaan Satwa","","","","","","","","","Tidak tahu","Nuri Pipi Merah - Geoffroyus geoffroyi","","","","","","","","","","","","","","Sehat","","","","","","","","","","","","Dilindungi","","","","","","","c4661cd1f4bd403b835777c5ad42f255"
"Patrol","9","Feb 3, 2026","12:57:07 PM","118.07388666666665","-8.395923333333334","","May 1, 2026, 3:53:01 PM","Faldeo Adrean Falsa","Ground Check","Tutupan Lahan","","","","","","","","","","","","","","","","Non Open Area","Tanaman Campuran","","","","","","","","","","","","","","","","","","","","","","","","","","802e145cf05945688262f6ea85d3f20a"
"Patrol","9","Feb 3, 2026","12:57:07 PM","118.07388666666665","-8.395923333333334","","May 1, 2026, 3:53:01 PM","Faldeo Adrean Falsa","Tumbuhan","","","","","","","","","","","","Toa - Ketimunan - Timonius timon","","","","","","","","","","","","","","Sehat","","","","","","","","","","","","","","Tumbuhan kayu keras","","","","802e145cf05945688262f6ea85d3f20a"
"Patrol","9","Feb 3, 2026","12:57:07 PM","118.07388666666665","-8.395923333333334","","May 1, 2026, 3:53:01 PM","Faldeo Adrean Falsa","Tumbuhan","","","","","","","","","","","","Duwet - Syzygium cumini","","","","Anakan","","","","","","","","","","Sehat","","","","","","","","","","","","","","Tumbuhan kayu keras","","","","802e145cf05945688262f6ea85d3f20a"
"Patrol","9","Feb 3, 2026","12:57:07 PM","118.07388666666665","-8.395923333333334","","May 1, 2026, 3:53:01 PM","Faldeo Adrean Falsa","Satwa Liar","Perjumpaan Satwa","","","126.0","","200.0","","","","Tidak tahu","Nuri Pipi Merah - Geoffroyus geoffroyi","","1.0","","","Suara","","","","","","","","","Sehat","","","","","","","","","","","ekor","Tidak Dilindungi","","","","Tidak tahu","","","802e145cf05945688262f6ea85d3f20a"
"Patrol","9","Feb 3, 2026","12:57:07 PM","118.07388666666665","-8.395923333333334","","May 1, 2026, 3:53:01 PM","Faldeo Adrean Falsa","Satwa Liar","Perjumpaan Satwa","","","281.0","","1.0","","","","Tidak tahu","Kumbang","","1.0","","","","","","","","","","","","Sehat","","","","","","","","","","","ekor","Tidak Dilindungi","","","","Tidak tahu","","","802e145cf05945688262f6ea85d3f20a"
"Patrol","9","Feb 3, 2026","12:57:07 PM","118.07388666666665","-8.395923333333334","","May 1, 2026, 3:53:01 PM","Faldeo Adrean Falsa","Ground Check","Tipe Ekosistem","","","","","","","","","","","","","","","","","","Alami","Ekosistem Teresterial","Daratan Rendah (0-1000mdpl)","Pamah","","","","","","","","","","","","","","","","","","","","","","802e145cf05945688262f6ea85d3f20a"
"Patrol","9","Feb 3, 2026","12:57:07 PM","118.07388666666665","-8.395923333333334","","May 1, 2026, 3:53:01 PM","Faldeo Adrean Falsa","Tumbuhan","","","","","","","","","","","","Tula - Legaran - Alstonia spectabilis","","","","","","","","","","","","","","Sehat","","","","","","","","","","","","","","Tumbuhan kayu keras","","","","802e145cf05945688262f6ea85d3f20a"
"Patrol","14","Feb 3, 2026","12:45:26 PM","118.09394333333333","-8.159249999999998","","May 1, 2026, 3:53:11 PM","Faldeo Adrean Falsa","Tumbuhan","","","","","","","","","","","","Angrek","","","","","","","","","","","","","","Sehat","","","","","","","","","","","","","","Tumbuhan fungsi lainnya","","","","26531904c2904a3b8c11fb62a51e3795"
"Patrol","7","Feb 3, 2026","12:31:28 PM","118.07392166666665","-8.39634","","May 1, 2026, 3:22:56 PM","Faldeo Adrean Falsa","Satwa Liar","Perjumpaan Satwa","","","72.0","","5.0","","","","Tidak tahu","Macan abu abu sayu - Ideopsis juventa","","3.0","","","","","","","","","","","","Sehat","","","","","","","","","","","ekor","Tidak Dilindungi","","","","Tidak tahu","","","1bfc7c897c714053b26737300a079f46"
"Patrol","7","Feb 3, 2026","12:31:28 PM","118.07392166666665","-8.39634","","May 1, 2026, 3:22:56 PM","Faldeo Adrean Falsa","Satwa Liar","Perjumpaan Satwa","","","89.0","","3.0","","","","Tidak tahu","Kupu-kupu","","2.0","","","","","","","","","","","","Tidak tahu","","","","","","","","","","","ekor","Tidak Dilindungi","","","","Tidak tahu","","","1bfc7c897c714053b26737300a079f46"
"Patrol","26","Feb 3, 2026","12:28:23 PM","118.09379648","-8.15795733","","May 1, 2026, 3:53:12 PM","Faldeo Adrean Falsa","Tumbuhan","","","","","","","","","","","","Rapu - Genggirang - Leea angulata","","","","","","","","","","","","","","Sehat","","","","","","","","","","","","","","Tumbuhan obat","","","","010920fa0a074931a8932585a8543074"
"Patrol","25","Feb 3, 2026","12:27:09 PM","118.09379906","-8.15795464","","May 1, 2026, 3:53:12 PM","Faldeo Adrean Falsa","Satwa Liar","Tanda Satwa","","","","","","","","","","Babi Hutan - Sus scrofa","","","","","","","","","","","","","","","","","","","","","","","","","","","","","Kubangan","","","","5394db40ff1041ecb20995b5f65e187f"
"Patrol","13","Feb 3, 2026","12:27:07 PM","118.094385","-8.157545","","May 1, 2026, 3:53:11 PM","Faldeo Adrean Falsa","Tumbuhan","","","","","","","","","","","","Danta ndolo - Andulpak - Homalanthus giganteus","","","","","","","","","","","","","","Sehat","","","","","","","","","","","","","","Tumbuhan kayu keras","","","","7911d3374b3a487a9044dd3d208b49de"
"Patrol","24","Feb 3, 2026","12:26:12 PM","118.09379808","-8.15795738","","May 1, 2026, 3:53:12 PM","Faldeo Adrean Falsa","Tumbuhan","","","","","","","","","","","","Tula - Legaran - Alstonia spectabilis","","","","","","","","","","","","","","Tumbang","","","","","","","","","","","","","","Tumbuhan kayu keras","","","","be079c44c01c4acc879809b02314aa92"
"Patrol","12","Feb 3, 2026","12:24:35 PM","118.09476333333332","-8.157395000000001","","May 1, 2026, 3:53:11 PM","Faldeo Adrean Falsa","Tumbuhan","","","","","","","","","","","","Due - Beringin - Ficus benjamina","","","","","","","","","","","","","","Sehat","","","","","","","","","","","","","","Tumbuhan kayu keras","","","","e230d32fa15746eebdfc9481d12b0ec6"
"Patrol","6","Feb 3, 2026","12:24:14 PM","118.07383833333333","-8.397071666666667","","May 1, 2026, 3:22:56 PM","Faldeo Adrean Falsa","Satwa Liar","Tanda Satwa","","","","","","","","","","Cikukua tanduk - Philemon buceroides","","","","","Bersuara","","","","","","","","","","","","","","","","","","","","","","","","Suara","","Baru (dalam 1 minggu)","","d9583f0ffab44baeb9153203be6a3dbb"
"Patrol","10","Feb 3, 2026","12:22:16 PM","118.09472671","-8.15741325","","May 1, 2026, 3:53:10 PM","Faldeo Adrean Falsa","Tumbuhan","","","","","","","","","","","","Due - Beringin - Ficus benjamina","","","","","","","","","","","","","","Sehat","","","","","","","","","","","","","","Tumbuhan kayu keras","","","","26a89401cc874e9caa9abdc0857531e0"
"Patrol","3","Feb 3, 2026","12:21:18 PM","118.07406166666667","-8.397181666666667","","May 1, 2026, 3:22:56 PM","Faldeo Adrean Falsa","Satwa Liar","Perjumpaan Satwa","","","262.0","","200.0","","","","Tidak tahu","Ayam Hutan Hijau - Gallus varius","","1.0","","","","","","","","","","","","Sehat","","","","","","","","","","","ekor","Tidak Dilindungi","","","","Tidak tahu","","","f9910ca71b5e4f25a914c8f39c1846ab"
"Patrol","3","Feb 3, 2026","12:21:18 PM","118.07406166666667","-8.397181666666667","","May 1, 2026, 3:22:56 PM","Faldeo Adrean Falsa","Satwa Liar","Perjumpaan Satwa","","","86.0","","1.0","","","","Tidak tahu","Macan abu abu sayu - Ideopsis juventa","","1.0","","","","","","","","","","","","Sehat","","","","","","","","","","","ekor","Tidak Dilindungi","","","","Tidak tahu","","","f9910ca71b5e4f25a914c8f39c1846ab"
"Patrol","3","Feb 3, 2026","12:21:18 PM","118.07406166666667","-8.397181666666667","","May 1, 2026, 3:22:56 PM","Faldeo Adrean Falsa","Satwa Liar","Perjumpaan Satwa","","","163.0","","2.0","","","","Tidak tahu","Kupu-kupu","","2.0","","","","","","","","","","","","Sehat","","","","","","","","","","","ekor","Tidak Dilindungi","","","","Tidak tahu","","","f9910ca71b5e4f25a914c8f39c1846ab"
"Patrol","11","Feb 3, 2026","12:20:59 PM","118.09513999999999","-8.157023333333333","","May 1, 2026, 3:53:11 PM","Faldeo Adrean Falsa","Tumbuhan","","","","","","","","","","","","Luhu - Walikukun - Schoutenia ovata","","","","","","","","","","","","","","Sehat","","","","","","","","","","","","","","Tumbuhan kayu keras","","","","b3396dc56daf46e18e10cfb470b371aa"
"Patrol","10","Feb 3, 2026","12:20:02 PM","118.09513999999999","-8.157023333333333","","May 1, 2026, 3:53:11 PM","Faldeo Adrean Falsa","Tumbuhan","","","","","","","","","","","","Angrek","","","","","","","","","","","","","","Sehat","","","","","","","","","","","","","","Tumbuhan fungsi lainnya","","","","a67c88619df3449094d44e2497cd1d63"
"Patrol","23","Feb 3, 2026","12:19:42 PM","118.09526239","-8.15706831","","May 1, 2026, 3:53:12 PM","Faldeo Adrean Falsa","Tumbuhan","","","","","","","","","","","","Belum Ada di List","","","","Anggrek","","","","","","","","","","Sehat","","","","","","","","","","","","","","Tumbuhan fungsi lainnya","","","","3f293ce260484eb580c1a6f4823578ef"
"Patrol","9","Feb 3, 2026","12:18:49 PM","118.09531487","-8.15689086","","May 1, 2026, 3:53:10 PM","Faldeo Adrean Falsa","Tumbuhan","","","","","","","","","","","","Monggo Kala - Salam - Syzygium polyanthum","","","","","","","","","","","","","","Sehat","","","","","","","","","","","","","","Tumbuhan kayu keras","","","","7c66632cc083465a86fda854509ca1b8"
"Patrol","22","Feb 3, 2026","12:17:52 PM","118.09540689","-8.15687521","","May 1, 2026, 3:53:12 PM","Faldeo Adrean Falsa","Tumbuhan","","","","","","","","","","","","Luhu - Walikukun - Schoutenia ovata","","","","","","","","","","","","","","Sehat","","","","","","","","","","","","","","Tumbuhan kayu keras","","","","b9ecdde6cb834c2fbc04b4296cb33f77"
"Patrol","8","Feb 3, 2026","12:17:40 PM","118.09531457","-8.15688882","","May 1, 2026, 3:53:10 PM","Faldeo Adrean Falsa","Tumbuhan","","","","","","","","","","","","Luhu - Walikukun - Schoutenia ovata","","","","","","","","","","","","","","Sehat","","","","","","","","","","","","","","Tumbuhan kayu keras","","","","32f6eea62ed64ee6a486de23da74d598"
"Patrol","7","Feb 3, 2026","12:16:41 PM","118.0953213","-8.15688364","","May 1, 2026, 3:53:10 PM","Faldeo Adrean Falsa","Tumbuhan","","","","","","","","","","","","Due - Beringin - Ficus benjamina","","","","","","","","","","","","","","","","","","","","","","","","","","","","Tumbuhan kayu keras","","","","3d6a86cc85b1482ab726393c52e16be7"
"Patrol","21","Feb 3, 2026","12:16:09 PM","118.09539681","-8.15686783","","May 1, 2026, 3:53:12 PM","Faldeo Adrean Falsa","Tumbuhan","","","","","","","","","","","","Due - Beringin - Ficus benjamina","","","","","","","","","","","","","","Sehat","","","","","","","","","","","","","","Tumbuhan kayu keras","","","","87cf1dc98fa742369fd67ee585dbf18b"
"Patrol","6","Feb 3, 2026","12:14:57 PM","118.0955356","-8.15688786","","May 1, 2026, 3:53:10 PM","Faldeo Adrean Falsa","Tumbuhan","","","","","","","","","","","","Katowi - - Palaquium amboinense","","","","","","","","","","","","","","Sehat","","","","","","","","","","","","","","Tumbuhan kayu keras","","","","7bc62bb214eb4fc081bba1e0a3b300e9"
"Patrol","20","Feb 3, 2026","12:14:25 PM","118.09555948","-8.15685998","","May 1, 2026, 3:53:12 PM","Faldeo Adrean Falsa","Tumbuhan","","","","","","","","","","","","Monggo Kala - Salam - Syzygium polyanthum","","","","","","","","","","","","","","Sehat","","","","","","","","","","","","","","Tumbuhan kayu keras","","","","6609ee76c4b8424d9a7a3d77afa74a99"
"Patrol","9","Feb 3, 2026","12:12:37 PM","118.09653333333333","-8.156026666666666","","May 1, 2026, 3:53:11 PM","Faldeo Adrean Falsa","Satwa Liar","Perjumpaan Satwa","","","123.0","","15.0","","","","Jantan","Burung-madu sriganti - Cinnyris jugularis","","1.0","","","Bertengger","","","","","","","","","Sehat","","","","","","","","","","","ekor","Active","","","","Remaja","","","42456363ce9c4515ba7bea8959675746"
"Patrol","5","Feb 3, 2026","12:11:51 PM","118.09545944","-8.15676522","","May 1, 2026, 3:53:10 PM","Faldeo Adrean Falsa","Tumbuhan","","","","","","","","","","","","Pato - Popohan/Getasan - Buchanania arborescens","","","","","","","","","","","","","","Sehat","","","","","","","","","","","","","","Tumbuhan kayu keras","","","","8091fb2bc56040f4b7cbab286183018d"
"Patrol","4","Feb 3, 2026","12:06:09 PM","118.09627529","-8.15622913","","May 1, 2026, 3:53:10 PM","Faldeo Adrean Falsa","Tumbuhan","","","","","","","","","","","","Loa - Trenggulun - Protium javanicum","","","","","","","","","","","","","","Sehat","","","","","","","","","","","","","","Tumbuhan kayu keras","","","","5ed039a8e4354add812e006f59293bba"
"Patrol","19","Feb 3, 2026","12:05:56 PM","118.09629543","-8.15622705","","May 1, 2026, 3:53:12 PM","Faldeo Adrean Falsa","Tumbuhan","","","","","","","","","","","","Loa - Trenggulun - Protium javanicum","","","","","","","","","","","","","","Sehat","","","","","","","","","","","","","","Tumbuhan kayu keras","","","","acb889370f8f44dc8418517aee089165"
"Patrol","8","Feb 3, 2026","12:05:43 PM","118.096445","-8.156038333333333","","May 1, 2026, 3:53:11 PM","Faldeo Adrean Falsa","Satwa Liar","Perjumpaan Satwa","","","325.0","","5.0","","","","Tidak tahu","Kupu-kupu","","2.0","","","Terbang","","","","","","","","","Sehat","","","","","","","","","","","ekor","Unknown","","","","Tidak tahu","","","abd292feed8942b7b8d0857832b42f31"
"Patrol","3","Feb 3, 2026","12:03:37 PM","118.09643675","-8.15593655","","May 1, 2026, 3:53:10 PM","Faldeo Adrean Falsa","Tumbuhan","","","","","","","","","","","","Danta ndolo - Andulpak - Homalanthus giganteus","","","","","","","","","","","","","","Sehat","","","","","","","","","","","","","","Tumbuhan kayu keras","","","","4cb3cb6ff8c74159b355ccd77b6e015c"
"Patrol","18","Feb 3, 2026","12:02:48 PM","118.0965345","-8.15607488","","May 1, 2026, 3:53:12 PM","Faldeo Adrean Falsa","Satwa Liar","Tanda Satwa","","","","","","","","","","Cikukua tanduk - Philemon buceroides","","","","","","","","","","","","","","","","","","","","","","","","","","","","","Suara","","","","549af247b6ca4bab8417365e3f7a234f"
"Patrol","7","Feb 3, 2026","12:02:33 PM","118.09653666666667","-8.156076666666667","","May 1, 2026, 3:53:11 PM","Faldeo Adrean Falsa","Tumbuhan","","","","","","","","","","","","Duwet - Syzygium cumini","","","","","","","","","","","","","","Sehat","","","","","","","","","","","","","","Tumbuhan kayu keras","","","","4021658fc0c243c6b089a6508eb09777"
"Patrol","2","Feb 3, 2026","12:01:55 PM","118.0964537","-8.15605835","","May 1, 2026, 3:53:10 PM","Faldeo Adrean Falsa","Tumbuhan","","","","","","","","","","","","Duwet - Syzygium cumini","","","","","","","","","","","","","","Sehat","","","","","","","","","","","","","","Tumbuhan kayu keras","","","","07828be3ec8542b7ad85c0875d44e6e4"
"Patrol","6","Feb 3, 2026","12:00:42 PM","118.09680166666666","-8.155796666666667","","May 1, 2026, 3:53:11 PM","Faldeo Adrean Falsa","Tumbuhan","","","","","","","","","","","","Katowi - - Palaquium amboinense","","","","","","","","","","","","","","Sehat","","","","","","","","","","","","","","Tumbuhan Bawah","","","","1e4a8aa2657b4a1ab94d7e06c3a7336d"
"Patrol","17","Feb 3, 2026","11:59:58 AM","118.09662706","-8.15605883","","May 1, 2026, 3:53:12 PM","Faldeo Adrean Falsa","Tumbuhan","","","","","","","","","","","","Maladi haju - Jelatang gajah - Dendrocnide stimulans","","","","","","","","","","","","","","Sehat","","","","","","","","","","","","","","Tumbuhan kayu keras","","","","b2e28f4ee0984e0e983bae0b50373a7f"
"Patrol","5","Feb 3, 2026","11:59:30 AM","118.09680833333331","-8.155825","","May 1, 2026, 3:53:11 PM","Faldeo Adrean Falsa","Tumbuhan","","","","","","","","","","","","Rino - Cenderai - Grewia eriocarpa","","","","","","","","","","","","","","Sehat","","","","","","","","","","","","","","Tumbuhan kayu keras","","","","126040b26a0847d9a4115d90b6a6ecd8"
"Patrol","4","Feb 3, 2026","11:58:21 AM","118.09682666666667","-8.155795000000001","","May 1, 2026, 3:53:11 PM","Faldeo Adrean Falsa","Tumbuhan","","","","","","","","","","","","Katowi - - Palaquium amboinense","","","","","","","","","","","","","","Tumbang","","","","","","","","","","","","","","Tumbuhan kayu keras","","","","dd483fa6b81344efa7b983f230ee718e"
"Patrol","3","Feb 3, 2026","11:57:08 AM","118.09688999999999","-8.155798333333333","","May 1, 2026, 3:53:11 PM","Faldeo Adrean Falsa","Tumbuhan","","","","","","","","","","","","Kabaho kafa - Mengkirai - Trema orientale","","","","","","","","","","","","","","Sehat","","","","","","","","","","","","","","Tumbuhan kayu keras","","","","6bed02a16bf74dcd97308b99ca1169ab"
"Patrol","16","Feb 3, 2026","11:57:07 AM","118.0968823","-8.1556421","","May 1, 2026, 3:53:12 PM","Faldeo Adrean Falsa","Tumbuhan","","","","","","","","","","","","Kabaho kafa - Mengkirai - Trema orientale","","","","","","","","","","","","","","Tumbang","","","","","","","","","","","","","","Tumbuhan kayu keras","","","","5a9aa1ecc2c04095bcbd7c6d4905f267"
"Patrol","2","Feb 3, 2026","11:52:24 AM","118.097075","-8.155575","","May 1, 2026, 3:53:11 PM","Faldeo Adrean Falsa","Tumbuhan","","","","","","","","","","","","Owo - Ara ratu - Ficus albipila","","","","","","","","","","","","","","Sehat","","","","","","","","","","","","","","Tumbuhan kayu keras","","","","3e6c5703f1394a449e035a880549c338"
"Patrol","15","Feb 3, 2026","11:52:21 AM","118.09700535","-8.15561308","","May 1, 2026, 3:53:12 PM","Faldeo Adrean Falsa","Satwa Liar","Tanda Satwa","","","","","","","","","","Kirik-kirik australia - Merops ornatus","","","","","","","","","","","","","","","","","","","","","","","","","","","","","Suara","","","","b70feaed411f4fa9a87b8875f20e6107"
"Patrol","14","Feb 3, 2026","11:50:54 AM","118.09700468","-8.15561313","","May 1, 2026, 3:53:12 PM","Faldeo Adrean Falsa","Ground Check","Tipe Ekosistem","","","","","","","","","","","","","","","","","","Alami","Ekosistem Teresterial","Pegunungan Bawah (1000-1500mdpl)","Hutan Pegunungan Bawah","","","","","","","","","","","","","","","","","","","","","","1cea8cb4c4924f38b2225e1a6574439e"
"Patrol","13","Feb 3, 2026","11:49:47 AM","118.09700702","-8.15561228","","May 1, 2026, 3:53:12 PM","Faldeo Adrean Falsa","Ground Check","Tutupan Lahan","","","","","","","","","","","","","","","","Open Area","Hutan Hujan","","","","","","","","","","","","","","","","","","","","","","","","","","e75e9b0388344498a7a64ec3f6d1b5ba"
"Patrol","12","Feb 3, 2026","11:46:04 AM","118.09701689","-8.15561124","","May 1, 2026, 3:53:12 PM","Faldeo Adrean Falsa","Tumbuhan","","","","","","","","","","","","Na'a - Loa ara - Ficus racemosa","","","","","","","","","","","","","","Sehat","","","","","","","","","","","","","","Tumbuhan kayu keras","","","","9b7c801474d34e3380f93b3830e67ceb"
"Patrol","11","Feb 3, 2026","11:44:56 AM","118.09701936","-8.15560813","","May 1, 2026, 3:53:12 PM","Faldeo Adrean Falsa","Tumbuhan","","","","","","","","","","","","Kabaho kafa - Mengkirai - Trema orientale","","","","Mengi","","","","","","","","","","Sehat","","","","","","","","","","","","","","Tumbuhan kayu keras","","","","a1e6e0d8ea9441168c22b25480487e72"
"Patrol","10","Feb 3, 2026","11:42:19 AM","118.09701707","-8.15559987","","May 1, 2026, 3:53:12 PM","Faldeo Adrean Falsa","Tumbuhan","","","","","","","","","","","","Owo - Ara ratu - Ficus albipila","","","","Uma ani","","","","","","","","","","Sehat","","","","","","","","","","","","","","Tumbuhan kayu keras","","","","5ad6de0da70d47ae97096bfe86973e59"
"Patrol","9","Feb 3, 2026","11:37:59 AM","118.09783415","-8.15533322","","May 1, 2026, 3:53:12 PM","Faldeo Adrean Falsa","Tumbuhan","","","","","","","","","","","","Bara","","","","","","","","","","","","","","Sehat","","","","","","","","","","","","","","Tumbuhan kayu keras","","","","51521a86efe640c08b69e7b7655f98ab"
"Patrol","8","Feb 3, 2026","11:36:33 AM","118.0981422","-8.15509758","","May 1, 2026, 3:53:12 PM","Faldeo Adrean Falsa","Tumbuhan","","","","","","","","","","","","Owo - Ara ratu - Ficus albipila","","","","","","","","","","","","","","Sehat","","","","","","","","","","","","","","Tumbuhan kayu keras","","","","0a9a64ee39494b26b0ed3069177a25f1"
"Patrol","7","Feb 3, 2026","11:35:41 AM","118.0983004","-8.15497741","","May 1, 2026, 3:53:12 PM","Faldeo Adrean Falsa","Tumbuhan","","","","","","","","","","","","Due - Beringin - Ficus benjamina","","","","","","","","","","","","","","Sehat","","","","","","","","","","","","","","Tumbuhan kayu keras","","","","bc804a5c47bf49dc85c99a405080fb8a"
"Patrol","6","Feb 3, 2026","11:33:48 AM","118.0985675","-8.15473186","","May 1, 2026, 3:53:12 PM","Faldeo Adrean Falsa","Tumbuhan","","","","","","","","","","","","Maladi haju - Jelatang gajah - Dendrocnide stimulans","","","","","","","","","","","","","","Sehat","","","","","","","","","","","","","","Tumbuhan kayu keras","","","","b007b9e4dd614bd9a27a593bc3405fc8"
"Patrol","5","Feb 3, 2026","11:31:50 AM","118.09874907","-8.15479347","","May 1, 2026, 3:53:12 PM","Faldeo Adrean Falsa","Tumbuhan","","","","","","","","","","","","Na'a - Loa ara - Ficus racemosa","","","","","","","","","","","","","","Sehat","","","","","","","","","","","","","","Tumbuhan kayu keras","","","","dc1c083c4f1c470e80a162abcc4f92cc"
"Patrol","4","Feb 3, 2026","11:28:05 AM","118.09941784","-8.15460787","","May 1, 2026, 3:53:12 PM","Faldeo Adrean Falsa","Tumbuhan","","","","","","","","","","","","Kalanggo - Rajumas - Duabanga moluccana","","","","2 banga","","","","","","","","","","Sehat","","","","","","","","","","","","","","Tumbuhan kayu keras","","","","e43eab9ded6347f8aeca65f3425fe696"
"Patrol","3","Feb 3, 2026","11:25:36 AM","118.09987578","-8.15424304","","May 1, 2026, 3:53:12 PM","Faldeo Adrean Falsa","Tumbuhan","","","","","","","","","","","","Kerano - Nyawai - Ficus variegata","","","","","","","","","","","","","","Sehat","","","","","","","","","","","","","","Tumbuhan kayu keras","","","","9196b0a9e3ad4ab587208feacbd0fd9c"
"Patrol","2","Feb 3, 2026","11:21:24 AM","118.10094921","-8.15339035","","May 1, 2026, 3:53:12 PM","Faldeo Adrean Falsa","Satwa Liar","Perjumpaan Satwa","","","","","","","","","Tidak tahu","Belum ada di list","","1.0","","","Merpati","","","","","","","","","Sehat","","","","","","","","","","","ekor","Dilindungi","","","","","","","1ba21581a4bd4b3f8bd8f52b811b9810"
"Patrol","2","Feb 3, 2026","11:14:58 AM","118.07745833333333","-8.406681666666666","","May 1, 2026, 3:22:56 PM","Faldeo Adrean Falsa","Satwa Liar","Perjumpaan Satwa","","","350.0","","20.0","","","","Tidak tahu","Kekep babi - Artamus leucoryn","","1.0","","","","","","","","","","","","Sehat","","","","","","","","","","","ekor","Tidak Dilindungi","","","","Dewasa","","","82c515b3088445dea7e91338663e6706"
"Patrol","2","Feb 2, 2026","5:31:57 PM","118.22782328237498","-8.336156833881015","","May 1, 2026, 3:22:52 PM","Faldeo Adrean Falsa","Penyuluhan dan Pemberdayaan Masyarakat","Anjangsana","","","","","","Anjangsana","","","","","","","","","Melaksakan kegiatan anjangsana dalam rangka follow up hasil pendampingan terkait rencana regenerasi kelompok dan pengecekan bantuan alat berupa oven untuk produksi teh kelor dan olahan kelor lainnya ( bantuan oven yang ada di rumah ketua kelompok sebelumnya rencana akan dipindahkan ke rumah mba nining selaku calon ketua kelompok selanjutnya)","","","","","","","","","","","","","","Mba Nining (Anggota Kelompok Oi Saro kreatif)","","","","","","","","","","","","","","fad10e7f1bfd488e847fc6628d839b92"
"Patrol","2","Jan 26, 2026","5:22:55 PM","118.31653666666668","-8.518466666666665","","May 1, 2026, 3:23:23 PM","Faldeo Adrean Falsa","Tumbuhan","","","","","","","","","","","","Haju Afi - - Diospyros maritima","","","","diameter 24cm, tinggi 10m, bebas cabang 160cm, lebar tajuk 5x4m","","","","","","","","","","","","","","","","","","","","","","","","Tumbuhan kayu keras","","","","5cf44a2e8fe2478bab167d7c6260ea0f"
"Patrol","2","Jan 26, 2026","5:22:55 PM","118.31653666666668","-8.518466666666665","","May 1, 2026, 3:23:23 PM","Faldeo Adrean Falsa","Tumbuhan","","","","","","","","","","","","Tula - Legaran - Alstonia spectabilis","","","","kulit batang coklat, terdapat bopeng warna abu, diameter 38cm, tinggi 23m, tbc 12m, lebar tajuk 5x5m","","","","","","","","","","Sehat","","","","","","","","","","","","","","Tumbuhan kayu keras","","","","5cf44a2e8fe2478bab167d7c6260ea0f"
"Patrol","2","Jan 26, 2026","5:22:55 PM","118.31653666666668","-8.518466666666665","","May 1, 2026, 3:23:23 PM","Faldeo Adrean Falsa","Tumbuhan","","","","","","","","","","","","Monggo Kala - Salam - Syzygium polyanthum","","","","kulit batang coklat, beralur dangkal dan mengelupas, daun lonjong meruncing di ujung, diameter 33cm, tinggi 20m, lebar tajuk 6x4m, bebas cabang 3m","","","","","","","","","","Sehat","","","","","","","","","","","","","","Tumbuhan kayu keras","","","","5cf44a2e8fe2478bab167d7c6260ea0f"
"Patrol","2","Jan 26, 2026","5:22:55 PM","118.31653666666668","-8.518466666666665","","May 1, 2026, 3:23:23 PM","Faldeo Adrean Falsa","Satwa Liar","Perjumpaan Satwa","","","45.0","","40.0","","","","Tidak tahu","Dederuk jawa - Streptopelia bitorquata","","2.0","","","berkicau","","","","","","","","","Sehat","","","","","","","","","","","ekor","Tidak Dilindungi","","","","Tidak tahu","","","5cf44a2e8fe2478bab167d7c6260ea0f"
"Patrol","2","Jan 26, 2026","5:22:55 PM","118.31653666666668","-8.518466666666665","","May 1, 2026, 3:23:23 PM","Faldeo Adrean Falsa","Tumbuhan","","","","","","","","","","","","Luhu - Walikukun - Schoutenia ovata","","","","kulit batang warna cream mengelupas, tinggi 13 m, diameter 14cm, tinggi bebas cabang 6, diameter tajuk 4 x 3 m, kulit daun warna terang di bagian bawah","","","","","","","","","","Sehat","","","","","","","","","","","","","","Tumbuhan kayu keras","","","","5cf44a2e8fe2478bab167d7c6260ea0f"
"Patrol","2","Jan 26, 2026","5:22:55 PM","118.31653666666668","-8.518466666666665","","May 1, 2026, 3:23:23 PM","Faldeo Adrean Falsa","Satwa Liar","Tanda Satwa","","","","","","","","","","Babi Hutan - Sus scrofa","","","","","radang babi berupa gundukan dari rumput alang2","","","","","","","","","","","","","","","","","","","","","","","","Sarang","","Cukup lama (>1 bulan)","","5cf44a2e8fe2478bab167d7c6260ea0f"
"Patrol","2","Jan 26, 2026","5:22:55 PM","118.31653666666668","-8.518466666666665","","May 1, 2026, 3:23:23 PM","Faldeo Adrean Falsa","Tumbuhan","","","","","","","","","","","","Danta ndolo - Andulpak - Homalanthus giganteus","","","","areal terbuka ditumbubi jenis ini sebanyak 10are (35 btg)","","","","","","","","","","Sehat","","","","","","","","","","","","","","Tumbuhan fungsi lainnya","","","","5cf44a2e8fe2478bab167d7c6260ea0f"
"Patrol","2","Jan 26, 2026","5:22:55 PM","118.31653666666668","-8.518466666666665","","May 1, 2026, 3:23:23 PM","Faldeo Adrean Falsa","Tumbuhan","","","","","","","","","","","","Tumbuhan Tambora","","","","batang beralur dangkal, warna kulit batang coklat kehitaman, daun kayak kupu kupu, diameter 42cm, tinggi 6m, tbc 160cm, lebar tajuk 5x3m","","","","","","","","","","Sehat","","","","","","","","","","","","","","Tumbuhan kayu keras","","","","5cf44a2e8fe2478bab167d7c6260ea0f"
"Patrol","2","Jan 26, 2026","5:22:55 PM","118.31653666666668","-8.518466666666665","","May 1, 2026, 3:23:23 PM","Faldeo Adrean Falsa","Tumbuhan","","","","","","","","","","","","Rida - Pulai - Alstonia scholaris","","","","kulit batang warna kream, bercak putih, daun lontong ujung membulat, getah putih, tinggi total 10 m, bebas cabang 3m, lebar tajuk 2x1 m, diameter 16cm","","","","","","","","","","Sehat","","","","","","","","","","","","","","Tumbuhan obat","","","","5cf44a2e8fe2478bab167d7c6260ea0f"
"Patrol","2","Jan 26, 2026","5:22:55 PM","118.31653666666668","-8.518466666666665","","May 1, 2026, 3:23:23 PM","Faldeo Adrean Falsa","Tumbuhan","","","","","","","","","","","","Danta ndolo - Andulpak - Homalanthus giganteus","","","","batang warna coklat, berhenti sel, tinggi 17m, diameter 19cm, tinggi bebas cabang 150cm, lebar tajuk 3x4 m","","","","","","","","","","Sehat","","","","","","","","","","","","","","Tumbuhan fungsi lainnya","","","","5cf44a2e8fe2478bab167d7c6260ea0f"
"Patrol","2","Jan 26, 2026","5:22:55 PM","118.31653666666668","-8.518466666666665","","May 1, 2026, 3:23:23 PM","Faldeo Adrean Falsa","Tumbuhan","","","","","","","","","","","","Due - Beringin - Ficus benjamina","","","","diameter 130cm, tinggi 25 m, lebar tajuk 15 x 10 m, bebas cabang 5m","","","","","","","","","","Sehat","","","","","","","","","","","","","","Tumbuhan kayu keras","","","","5cf44a2e8fe2478bab167d7c6260ea0f"
"Patrol","2","Jan 26, 2026","5:22:55 PM","118.31653666666668","-8.518466666666665","","May 1, 2026, 3:23:23 PM","Faldeo Adrean Falsa","Satwa Liar","Perjumpaan Satwa","","","1.0","","1.0","","","","Tidak tahu","Babi Hutan - Sus scrofa","","4.0","","","jejak ","","","","","","","","","Sehat","","","","","","","","","","","ekor","Tidak Dilindungi","","","","Tidak tahu","","","5cf44a2e8fe2478bab167d7c6260ea0f"
"Patrol","2","Jan 26, 2026","5:22:55 PM","118.31653666666668","-8.518466666666665","","May 1, 2026, 3:23:23 PM","Faldeo Adrean Falsa","Tumbuhan","","","","","","","","","","","","Katowi - - Palaquium amboinense","","","","diameter 10cm, tinggi 15 m, tinggi bebas cabang 10m, diameter tajuk 3x2, kulit batang coklat kehijauan terdapat bopeng putih, ujung daun meruncing","","","","","","","","","","Sehat","","","","","","","","","","","","","","Tumbuhan kayu keras","","","","5cf44a2e8fe2478bab167d7c6260ea0f"
"Patrol","2","Jan 26, 2026","5:22:55 PM","118.31653666666668","-8.518466666666665","","May 1, 2026, 3:23:23 PM","Faldeo Adrean Falsa","Tumbuhan","","","","","","","","","","","","Subaha - Genitri - Elaeocarpus angustifolius","","","","kulit batang warna cream gelap hingga coklat, tepi daun bergelombang, warna daun tua warna merah, diameter 22cm, tinggi total 15m, tbc 12m, lebar tajuk 5x3m","","","","","","","","","","Sehat","","","","","","","","","","","","","","Tumbuhan kayu keras","","","","5cf44a2e8fe2478bab167d7c6260ea0f"
"Patrol","2","Jan 26, 2026","5:22:55 PM","118.31653666666668","-8.518466666666665","","May 1, 2026, 3:23:23 PM","Faldeo Adrean Falsa","Tumbuhan","","","","","","","","","","","","Pato - Popohan/Getasan - Buchanania arborescens","","","","","","","","","","","","","","Sehat","","","","","","","","","","","","","","Tumbuhan kayu keras","","","","5cf44a2e8fe2478bab167d7c6260ea0f"
"Patrol","2","Jan 26, 2026","5:22:55 PM","118.31653666666668","-8.518466666666665","","May 1, 2026, 3:23:23 PM","Faldeo Adrean Falsa","Tumbuhan","","","","","","","","","","","","Mposu - Awar-awar - Ficus septica","","","","batang warna kream, beruas,  daun lebar membulat, tinggi 6m, diameter 6cm","","","","","","","","","","Sehat","","","","","","","","","","","","","","Tumbuhan fungsi lainnya","","","","5cf44a2e8fe2478bab167d7c6260ea0f"
"Patrol","2","Jan 26, 2026","5:22:55 PM","118.31653666666668","-8.518466666666665","","May 1, 2026, 3:23:23 PM","Faldeo Adrean Falsa","Satwa Liar","Perjumpaan Satwa","","","90.0","","45.0","","","","Tidak tahu","Kipasan flores - Rhipidura diluta","","1.0","","","berkicau","","","","","","","","","Sehat","","","","","","","","","","","ekor","Tidak Dilindungi","","","","Dewasa","","","5cf44a2e8fe2478bab167d7c6260ea0f"
"Patrol","2","Jan 26, 2026","5:22:55 PM","118.31653666666668","-8.518466666666665","","May 1, 2026, 3:23:23 PM","Faldeo Adrean Falsa","Tumbuhan","","","","","","","","","","","","Sala - Bayur - Pterospermum diversifolium","","","","kulit batang bopeng, tinggi bebas cabang 6m tajuk 5 x 2m, tinggi total 13m diameter 26cm","","","","","","","","","","Sehat","","","","","","","","","","","","","","Tumbuhan kayu keras","","","","5cf44a2e8fe2478bab167d7c6260ea0f"
